INSERT INTO admin (id, email, fullname, password, status, phone) VALUES ("fc157fbd-cb71-4236-8340-d0721a3d4962", "admin1@gmail.com", "Admin 1", "$2a$12$xOXUkpChPTfs/WmRvNS3s.Wqz2Wn9GdWO1Ttiea.2pRhGmYvVI5UK", "ACTIVE", "0123456780");INSERT INTO admin (id, email, fullname, password, status, phone) VALUES ("771d1505-a5a2-46fe-82eb-b15250614e86", "admin2@gmail.com", "Admin 2", "$2a$12$xOXUkpChPTfs/WmRvNS3s.Wqz2Wn9GdWO1Ttiea.2pRhGmYvVI5UK", "ACTIVE", "0123456781");INSERT INTO admin (id, email, fullname, password, status, phone) VALUES ("6efc6392-5040-4452-9e8f-23f2692e7ef8", "admin3@gmail.com", "Admin 3", "$2a$12$xOXUkpChPTfs/WmRvNS3s.Wqz2Wn9GdWO1Ttiea.2pRhGmYvVI5UK", "INACTIVE", "0123456782");INSERT INTO admin (id, email, fullname, password, status, phone) VALUES ("4ecb8cb1-5b6a-4c83-8807-6a0f5dd50805", "admin4@gmail.com", "Admin 4", "$2a$12$xOXUkpChPTfs/WmRvNS3s.Wqz2Wn9GdWO1Ttiea.2pRhGmYvVI5UK", "ACTIVE", "0123456783");INSERT INTO admin (id, email, fullname, password, status, phone) VALUES ("e771f7ae-177c-4156-9559-d042e19193de", "admin5@gmail.com", "Admin 5", "$2a$12$xOXUkpChPTfs/WmRvNS3s.Wqz2Wn9GdWO1Ttiea.2pRhGmYvVI5UK", "INACTIVE", "0123456784");INSERT INTO admin (id, email, fullname, password, status, phone) VALUES ("93072e06-21b9-4426-838d-c250e8f4bb2b", "admin6@gmail.com", "Admin 6", "$2a$12$xOXUkpChPTfs/WmRvNS3s.Wqz2Wn9GdWO1Ttiea.2pRhGmYvVI5UK", "INACTIVE", "0123456785");INSERT INTO admin (id, email, fullname, password, status, phone) VALUES ("b7dd087b-8770-4770-a628-77992ab07038", "admin7@gmail.com", "Admin 7", "$2a$12$xOXUkpChPTfs/WmRvNS3s.Wqz2Wn9GdWO1Ttiea.2pRhGmYvVI5UK", "INACTIVE", "0123456786");INSERT INTO admin (id, email, fullname, password, status, phone) VALUES ("f661a968-aa13-4506-9fbc-dcacc2172555", "admin8@gmail.com", "Admin 8", "$2a$12$xOXUkpChPTfs/WmRvNS3s.Wqz2Wn9GdWO1Ttiea.2pRhGmYvVI5UK", "ACTIVE", "0123456787");INSERT INTO admin (id, email, fullname, password, status, phone) VALUES ("81ea204b-b7ec-40a6-a186-649b998347e7", "admin9@gmail.com", "Admin 9", "$2a$12$xOXUkpChPTfs/WmRvNS3s.Wqz2Wn9GdWO1Ttiea.2pRhGmYvVI5UK", "ACTIVE", "0123456788");INSERT INTO admin (id, email, fullname, password, status, phone) VALUES ("c3b37b3d-3586-433e-ab56-45d2aa4e8243", "admin10@gmail.com", "Admin 10", "$2a$12$xOXUkpChPTfs/WmRvNS3s.Wqz2Wn9GdWO1Ttiea.2pRhGmYvVI5UK", "INACTIVE", "0123456789");

INSERT INTO flat_type (id, description, name, status) VALUES ("ffc68a55-d127-4ba8-adc8-dd0f17adb47c", "Description 0", "Flat type 0", "ACTIVE");INSERT INTO flat_type (id, description, name, status) VALUES ("329c554c-8cec-47c4-b06f-f41aba3c05cc", "Description 1", "Flat type 1", "ACTIVE");INSERT INTO flat_type (id, description, name, status) VALUES ("998f5e4c-c06b-40f7-a2a0-e9c7028e53e3", "Description 2", "Flat type 2", "ACTIVE");INSERT INTO flat_type (id, description, name, status) VALUES ("b6659c54-1980-4455-9c74-fe735df241f3", "Description 3", "Flat type 3", "ACTIVE");INSERT INTO flat_type (id, description, name, status) VALUES ("d7d36690-9008-45cc-83f7-355f68f26ab6", "Description 4", "Flat type 4", "ACTIVE");INSERT INTO flat_type (id, description, name, status) VALUES ("739cc337-58c5-48c7-a114-acaba7debc54", "Description 5", "Flat type 5", "ACTIVE");INSERT INTO flat_type (id, description, name, status) VALUES ("03315e49-5386-4c05-bf4b-e87827537387", "Description 6", "Flat type 6", "ACTIVE");INSERT INTO flat_type (id, description, name, status) VALUES ("52297e5c-3d82-4103-8bdb-8c24a1d3d6fb", "Description 7", "Flat type 7", "ACTIVE");INSERT INTO flat_type (id, description, name, status) VALUES ("26434061-adf6-4e6f-9ae6-ae110ec58931", "Description 8", "Flat type 8", "ACTIVE");INSERT INTO flat_type (id, description, name, status) VALUES ("ea98871c-95f4-47d6-9def-0e7a80d6839a", "Description 9", "Flat type 9", "ACTIVE");

INSERT INTO service (id, name, description, price, status) VALUES ("5550bc47-4661-4406-b710-d94378e67fa9", "Service 1", "Description 1", 1000000, "ACTIVE");INSERT INTO service (id, name, description, price, status) VALUES ("1663eb7d-06bc-4f63-b2b9-266ac83b0edf", "Service 2", "Description 2", 2000000, "ACTIVE");INSERT INTO service (id, name, description, price, status) VALUES ("b199e273-6a8e-4f53-aecc-7b156e528a00", "Service 3", "Description 3", 3000000, "ACTIVE");INSERT INTO service (id, name, description, price, status) VALUES ("75bfae93-8ef2-476d-9636-2b4fa624dbaf", "Service 4", "Description 4", 4000000, "ACTIVE");INSERT INTO service (id, name, description, price, status) VALUES ("50c673cc-cbf0-4caa-99a2-12b300f3cf08", "Service 5", "Description 5", 5000000, "ACTIVE");INSERT INTO service (id, name, description, price, status) VALUES ("c54de98e-3019-4298-a680-98fef04e5102", "Service 6", "Description 6", 6000000, "ACTIVE");INSERT INTO service (id, name, description, price, status) VALUES ("703799f6-90c0-4c43-a397-16f4b552db07", "Service 7", "Description 7", 7000000, "ACTIVE");INSERT INTO service (id, name, description, price, status) VALUES ("94fadd01-044a-4980-8992-be9985ee9808", "Service 8", "Description 8", 8000000, "ACTIVE");INSERT INTO service (id, name, description, price, status) VALUES ("4af3e4a5-4d63-4679-9673-90553485ef9f", "Service 9", "Description 9", 9000000, "ACTIVE");INSERT INTO service (id, name, description, price, status) VALUES ("033786e1-137b-4067-afd9-0381f5fd11aa", "Service 10", "Description 10", 10000000, "ACTIVE");

INSERT INTO customer (id, password, fullname, date_of_birth, gender, email, phone, address, citizen_id, date_join, status) VALUES ("a6f0cab8-a001-487e-a97e-2b0f11e9ac25", "$2a$12$xOXUkpChPTfs/WmRvNS3s.Wqz2Wn9GdWO1Ttiea.2pRhGmYvVI5UK", "Customer 11", "2002-09-23", "FEMALE", "customer11@gmail.com", "34239111", "Suite 096 01813 Suanne Glens, East Louborough, AL 58415-7532", "1212-1221-1121-1234", "2022-02-12", "ACTIVE");INSERT INTO customer (id, password, fullname, date_of_birth, gender, email, phone, address, citizen_id, date_join, status) VALUES ("e97d0c49-958b-44d8-9d4b-b6e7b01af577", "$2a$12$xOXUkpChPTfs/WmRvNS3s.Wqz2Wn9GdWO1Ttiea.2pRhGmYvVI5UK", "Customer 12", "1994-05-06", "FEMALE", "customer12@gmail.com", "34239112", "598 Jenkins Ville, Romanberg, AK 78482-0727", "1228-1221-1221-1431", "2022-05-06", "ACTIVE");INSERT INTO customer (id, password, fullname, date_of_birth, gender, email, phone, address, citizen_id, date_join, status) VALUES ("1e091b58-895f-4f0e-bb69-6cddfeb577c8", "$2a$12$xOXUkpChPTfs/WmRvNS3s.Wqz2Wn9GdWO1Ttiea.2pRhGmYvVI5UK", "Customer 13", "1978-12-23", "FEMALE", "customer13@gmail.com", "34239113", "00468 Pandora Drive, East Iva, WV 26566", "1228-1221-1221-1431", "2022-07-19", "ACTIVE");INSERT INTO customer (id, password, fullname, date_of_birth, gender, email, phone, address, citizen_id, date_join, status) VALUES ("8ce291c1-668d-4115-9290-655727ff0b99", "$2a$12$xOXUkpChPTfs/WmRvNS3s.Wqz2Wn9GdWO1Ttiea.2pRhGmYvVI5UK", "Customer 14", "1982-04-07", "FEMALE", "customer14@gmail.com", "34239114", "Apt. 879 100 Metz Drive, Eberttown, WY 92321-6853", "1228-1221-1221-1431", "2021-12-05", "ACTIVE");INSERT INTO customer (id, password, fullname, date_of_birth, gender, email, phone, address, citizen_id, date_join, status) VALUES ("d60f8a56-a11f-4528-a88a-ba21c6660682", "$2a$12$xOXUkpChPTfs/WmRvNS3s.Wqz2Wn9GdWO1Ttiea.2pRhGmYvVI5UK", "Customer 15", "1991-08-24", "FEMALE", "customer15@gmail.com", "34239115", "Apt. 518 34973 Raynor Lights, Koeppside, IA 68974-5221", "1211-1221-1234-2201", "2022-11-18", "ACTIVE");INSERT INTO customer (id, password, fullname, date_of_birth, gender, email, phone, address, citizen_id, date_join, status) VALUES ("35e6670d-7a90-45da-bd98-da9a7770dcf3", "$2a$12$xOXUkpChPTfs/WmRvNS3s.Wqz2Wn9GdWO1Ttiea.2pRhGmYvVI5UK", "Customer 16", "1971-11-15", "MALE", "customer16@gmail.com", "34239116", "50560 Nicolas Motorway, East Leoneside, DE 23341", "1234-2121-1221-1211", "2021-09-13", "ACTIVE");INSERT INTO customer (id, password, fullname, date_of_birth, gender, email, phone, address, citizen_id, date_join, status) VALUES ("a7044d05-e410-45a3-a50b-4a25a03226aa", "$2a$12$xOXUkpChPTfs/WmRvNS3s.Wqz2Wn9GdWO1Ttiea.2pRhGmYvVI5UK", "Customer 17", "1959-01-25", "MALE", "customer17@gmail.com", "34239117", "8524 Pagac Loop, Olivamouth, AL 15798", "1211-1221-1234-2201", "2022-09-05", "ACTIVE");INSERT INTO customer (id, password, fullname, date_of_birth, gender, email, phone, address, citizen_id, date_join, status) VALUES ("70a2f367-db04-4a2d-9b8f-b5e0d7e5b198", "$2a$12$xOXUkpChPTfs/WmRvNS3s.Wqz2Wn9GdWO1Ttiea.2pRhGmYvVI5UK", "Customer 18", "1990-06-10", "MALE", "customer18@gmail.com", "34239118", "18516 Denese Estate, New Maritza, TN 96492", "1211-1221-1234-2201", "2021-03-11", "ACTIVE");INSERT INTO customer (id, password, fullname, date_of_birth, gender, email, phone, address, citizen_id, date_join, status) VALUES ("e999d150-2b91-4dec-85c2-b270ca866e16", "$2a$12$xOXUkpChPTfs/WmRvNS3s.Wqz2Wn9GdWO1Ttiea.2pRhGmYvVI5UK", "Customer 19", "1980-04-11", "MALE", "customer19@gmail.com", "34239119", "Apt. 533 72752 Noelia Greens, Kristopherberg, IA 52208", "1212-1221-1121-1234", "2021-01-24", "ACTIVE");INSERT INTO customer (id, password, fullname, date_of_birth, gender, email, phone, address, citizen_id, date_join, status) VALUES ("4dd9cf4f-934d-4343-b607-3efc962e71a1", "$2a$12$xOXUkpChPTfs/WmRvNS3s.Wqz2Wn9GdWO1Ttiea.2pRhGmYvVI5UK", "Customer 20", "1985-07-28", "MALE", "customer20@gmail.com", "34239120", "Suite 636 8678 Kovacek Crest, West Kassieberg, CO 19528", "1234-2121-1221-1211", "2022-06-01", "ACTIVE");INSERT INTO customer (id, password, fullname, date_of_birth, gender, email, phone, address, citizen_id, date_join, status) VALUES ("7920a7d0-7abd-4d89-ba15-a49f70a17082", "$2a$12$xOXUkpChPTfs/WmRvNS3s.Wqz2Wn9GdWO1Ttiea.2pRhGmYvVI5UK", "Customer 21", "2000-12-24", "FEMALE", "customer21@gmail.com", "34239121", "Apt. 950 98272 Deckow Flat, Port Leonidaburgh, HI 55681", "1228-1221-1221-1431", "2021-01-21", "INACTIVE");INSERT INTO customer (id, password, fullname, date_of_birth, gender, email, phone, address, citizen_id, date_join, status) VALUES ("0f5ffa93-3eed-4042-be1b-1dafe9a420f4", "$2a$12$xOXUkpChPTfs/WmRvNS3s.Wqz2Wn9GdWO1Ttiea.2pRhGmYvVI5UK", "Customer 22", "1983-01-18", "FEMALE", "customer22@gmail.com", "34239122", "Apt. 867 52932 Senger Road, Port Tillieton, WA 11484", "1211-1221-1234-2201", "2022-05-16", "INACTIVE");INSERT INTO customer (id, password, fullname, date_of_birth, gender, email, phone, address, citizen_id, date_join, status) VALUES ("2959357f-9071-4c16-bbc2-e753a6e56930", "$2a$12$xOXUkpChPTfs/WmRvNS3s.Wqz2Wn9GdWO1Ttiea.2pRhGmYvVI5UK", "Customer 23", "1971-11-08", "FEMALE", "customer23@gmail.com", "34239123", "04454 Johnston Hill, Kosston, IA 30533", "1212-1221-1121-1234", "2022-11-30", "INACTIVE");INSERT INTO customer (id, password, fullname, date_of_birth, gender, email, phone, address, citizen_id, date_join, status) VALUES ("284218e5-2cca-4ed5-9df7-ac3d0b9bf590", "$2a$12$xOXUkpChPTfs/WmRvNS3s.Wqz2Wn9GdWO1Ttiea.2pRhGmYvVI5UK", "Customer 24", "1997-10-04", "FEMALE", "customer24@gmail.com", "34239124", "Apt. 063 1592 Kovacek Route, Olsonfurt, NE 49942-9493", "1211-1221-1234-2201", "2020-12-16", "INACTIVE");INSERT INTO customer (id, password, fullname, date_of_birth, gender, email, phone, address, citizen_id, date_join, status) VALUES ("cabdd7bb-0b84-4cd9-924a-08bc7c2c5246", "$2a$12$xOXUkpChPTfs/WmRvNS3s.Wqz2Wn9GdWO1Ttiea.2pRhGmYvVI5UK", "Customer 25", "1990-02-18", "FEMALE", "customer25@gmail.com", "34239125", "Apt. 746 9992 Milan Lights, Bechtelarton, WA 16472-8409", "1234-2121-1221-1211", "2022-12-08", "INACTIVE");INSERT INTO customer (id, password, fullname, date_of_birth, gender, email, phone, address, citizen_id, date_join, status) VALUES ("c92707bf-b23f-48fe-9b0a-596dc2b059ec", "$2a$12$xOXUkpChPTfs/WmRvNS3s.Wqz2Wn9GdWO1Ttiea.2pRhGmYvVI5UK", "Customer 26", "1974-02-22", "MALE", "customer26@gmail.com", "34239126", "Apt. 846 179 Belle Canyon, Danechester, SC 30907", "1212-1221-1121-1234", "2022-05-21", "INACTIVE");INSERT INTO customer (id, password, fullname, date_of_birth, gender, email, phone, address, citizen_id, date_join, status) VALUES ("5cd73c9e-f6b8-4b6c-9e30-65871cad9cb7", "$2a$12$xOXUkpChPTfs/WmRvNS3s.Wqz2Wn9GdWO1Ttiea.2pRhGmYvVI5UK", "Customer 27", "1985-08-09", "MALE", "customer27@gmail.com", "34239127", "Apt. 161 75030 Jerrell Motorway, Port Catricefurt, NV 29555-1831", "1234-2121-1221-1211", "2022-09-20", "INACTIVE");INSERT INTO customer (id, password, fullname, date_of_birth, gender, email, phone, address, citizen_id, date_join, status) VALUES ("48547f1e-5b2f-44cc-90e5-67cd8f017332", "$2a$12$xOXUkpChPTfs/WmRvNS3s.Wqz2Wn9GdWO1Ttiea.2pRhGmYvVI5UK", "Customer 28", "1982-08-24", "MALE", "customer28@gmail.com", "34239128", "34120 Lawerence Island, New Mitsue, RI 11119", "1228-1221-1221-1431", "2022-02-28", "INACTIVE");INSERT INTO customer (id, password, fullname, date_of_birth, gender, email, phone, address, citizen_id, date_join, status) VALUES ("93bc31e7-ec2a-450c-bfa9-b132407d90e1", "$2a$12$xOXUkpChPTfs/WmRvNS3s.Wqz2Wn9GdWO1Ttiea.2pRhGmYvVI5UK", "Customer 29", "2001-03-18", "MALE", "customer29@gmail.com", "34239129", "8730 Lauretta Club, South Criseldaburgh, AZ 19627", "1211-1221-1234-2201", "2022-03-06", "INACTIVE");INSERT INTO customer (id, password, fullname, date_of_birth, gender, email, phone, address, citizen_id, date_join, status) VALUES ("0baef7cc-59e6-4ef6-b4e3-db703dbdab3e", "$2a$12$xOXUkpChPTfs/WmRvNS3s.Wqz2Wn9GdWO1Ttiea.2pRhGmYvVI5UK", "Customer 30", "1989-09-01", "MALE", "customer30@gmail.com", "34239130", "Suite 681 9721 Larraine Manors, Corwinside, OK 41072-6232", "1212-1221-1121-1234", "2022-10-05", "INACTIVE");

INSERT INTO building (id, name, status) VALUES ("804a6ad7-556e-42e8-9cd5-4bae97f258df", "Building 1", "AVAILABLE");INSERT INTO building (id, name, status) VALUES ("be4f11fe-eadb-4562-95ca-df44b30f8ee4", "Building 2", "AVAILABLE");INSERT INTO building (id, name, status) VALUES ("b02ed273-adf4-4463-8494-78c6a9abcbd8", "Building 3", "AVAILABLE");INSERT INTO building (id, name, status) VALUES ("b038d9e0-134c-4f55-96b7-75510493dfa0", "Building 4", "AVAILABLE");

INSERT INTO flat (id, detail, price, status, flat_type_id, building_id, room_number) VALUES ("1990e50b-5e75-4370-8feb-b5335beee629", "Detail 0", 24000000, "AVAILABLE", "d7d36690-9008-45cc-83f7-355f68f26ab6", "b02ed273-adf4-4463-8494-78c6a9abcbd8", 0);INSERT INTO flat (id, detail, price, status, flat_type_id, building_id, room_number) VALUES ("22736852-cf9d-4543-9e2a-1936c14586ac", "Detail 1", 12000000, "AVAILABLE", "ea98871c-95f4-47d6-9def-0e7a80d6839a", "b02ed273-adf4-4463-8494-78c6a9abcbd8", 1);INSERT INTO flat (id, detail, price, status, flat_type_id, building_id, room_number) VALUES ("464f6872-3e83-4289-9395-7d01bc4c5438", "Detail 2", 15000000, "AVAILABLE", "329c554c-8cec-47c4-b06f-f41aba3c05cc", "b038d9e0-134c-4f55-96b7-75510493dfa0", 2);INSERT INTO flat (id, detail, price, status, flat_type_id, building_id, room_number) VALUES ("0944d221-1263-41be-9668-4a5204d9b605", "Detail 3", 28000000, "AVAILABLE", "26434061-adf6-4e6f-9ae6-ae110ec58931", "804a6ad7-556e-42e8-9cd5-4bae97f258df", 3);INSERT INTO flat (id, detail, price, status, flat_type_id, building_id, room_number) VALUES ("825fe434-18e8-4f25-a542-c48b4d8df4e3", "Detail 4", 8000000, "AVAILABLE", "52297e5c-3d82-4103-8bdb-8c24a1d3d6fb", "b02ed273-adf4-4463-8494-78c6a9abcbd8", 4);INSERT INTO flat (id, detail, price, status, flat_type_id, building_id, room_number) VALUES ("dff9b18f-3348-4dff-b3a5-8716399909b9", "Detail 5", 16000000, "AVAILABLE", "329c554c-8cec-47c4-b06f-f41aba3c05cc", "be4f11fe-eadb-4562-95ca-df44b30f8ee4", 5);INSERT INTO flat (id, detail, price, status, flat_type_id, building_id, room_number) VALUES ("e037477d-fb10-4b65-bbbf-694401763bf3", "Detail 6", 6000000, "AVAILABLE", "d7d36690-9008-45cc-83f7-355f68f26ab6", "b02ed273-adf4-4463-8494-78c6a9abcbd8", 6);INSERT INTO flat (id, detail, price, status, flat_type_id, building_id, room_number) VALUES ("6428d5a7-5d5f-46ae-a7b3-1d350def8566", "Detail 7", 12000000, "AVAILABLE", "739cc337-58c5-48c7-a114-acaba7debc54", "b02ed273-adf4-4463-8494-78c6a9abcbd8", 7);INSERT INTO flat (id, detail, price, status, flat_type_id, building_id, room_number) VALUES ("84b1975b-cc87-49f4-a569-1439d17654c5", "Detail 8", 21000000, "AVAILABLE", "329c554c-8cec-47c4-b06f-f41aba3c05cc", "be4f11fe-eadb-4562-95ca-df44b30f8ee4", 8);INSERT INTO flat (id, detail, price, status, flat_type_id, building_id, room_number) VALUES ("a2e2ff66-4896-480f-acfe-880cb333ccd8", "Detail 9", 6000000, "AVAILABLE", "329c554c-8cec-47c4-b06f-f41aba3c05cc", "be4f11fe-eadb-4562-95ca-df44b30f8ee4", 9);INSERT INTO flat (id, detail, price, status, flat_type_id, building_id, room_number) VALUES ("560d45c0-661b-46d4-abee-98b08041a1f0", "Detail 10", 11000000, "AVAILABLE", "03315e49-5386-4c05-bf4b-e87827537387", "b02ed273-adf4-4463-8494-78c6a9abcbd8", 10);INSERT INTO flat (id, detail, price, status, flat_type_id, building_id, room_number) VALUES ("606f0183-db11-4150-b779-eb03f30415a2", "Detail 11", 5000000, "AVAILABLE", "ffc68a55-d127-4ba8-adc8-dd0f17adb47c", "b038d9e0-134c-4f55-96b7-75510493dfa0", 11);INSERT INTO flat (id, detail, price, status, flat_type_id, building_id, room_number) VALUES ("8a168e50-f6a7-4c7a-8d95-8a27a4bb804d", "Detail 12", 22000000, "AVAILABLE", "ea98871c-95f4-47d6-9def-0e7a80d6839a", "be4f11fe-eadb-4562-95ca-df44b30f8ee4", 12);INSERT INTO flat (id, detail, price, status, flat_type_id, building_id, room_number) VALUES ("e70e179c-729a-4d54-80de-0e9cdd28858b", "Detail 13", 24000000, "AVAILABLE", "329c554c-8cec-47c4-b06f-f41aba3c05cc", "b02ed273-adf4-4463-8494-78c6a9abcbd8", 13);INSERT INTO flat (id, detail, price, status, flat_type_id, building_id, room_number) VALUES ("b6438c16-6b75-44e4-a94b-6dd4f3c7f217", "Detail 14", 15000000, "AVAILABLE", "d7d36690-9008-45cc-83f7-355f68f26ab6", "b02ed273-adf4-4463-8494-78c6a9abcbd8", 14);INSERT INTO flat (id, detail, price, status, flat_type_id, building_id, room_number) VALUES ("977e7fc7-2b64-4208-af02-38b316db01df", "Detail 15", 6000000, "AVAILABLE", "739cc337-58c5-48c7-a114-acaba7debc54", "804a6ad7-556e-42e8-9cd5-4bae97f258df", 15);INSERT INTO flat (id, detail, price, status, flat_type_id, building_id, room_number) VALUES ("6c011f58-5b6d-4ec1-a133-69261f63e8d6", "Detail 16", 25000000, "AVAILABLE", "739cc337-58c5-48c7-a114-acaba7debc54", "804a6ad7-556e-42e8-9cd5-4bae97f258df", 16);INSERT INTO flat (id, detail, price, status, flat_type_id, building_id, room_number) VALUES ("16d570bd-8439-455c-b314-4479d5dfee1a", "Detail 17", 13000000, "AVAILABLE", "998f5e4c-c06b-40f7-a2a0-e9c7028e53e3", "b038d9e0-134c-4f55-96b7-75510493dfa0", 17);INSERT INTO flat (id, detail, price, status, flat_type_id, building_id, room_number) VALUES ("19863e1e-292f-482c-bcf9-5414b45966bf", "Detail 18", 17000000, "AVAILABLE", "b6659c54-1980-4455-9c74-fe735df241f3", "b02ed273-adf4-4463-8494-78c6a9abcbd8", 18);INSERT INTO flat (id, detail, price, status, flat_type_id, building_id, room_number) VALUES ("9faafbe0-11b7-4104-8607-5aee8dbaa96a", "Detail 19", 26000000, "AVAILABLE", "ffc68a55-d127-4ba8-adc8-dd0f17adb47c", "be4f11fe-eadb-4562-95ca-df44b30f8ee4", 19);

INSERT INTO facility (id, item, quantity, status) VALUES ("fc014879-91b6-4b92-8eac-155df9cb6fac", "Facility 1", 4, "AVAILABLE");INSERT INTO facility (id, item, quantity, status) VALUES ("25678662-ec82-4135-92fd-2cdc359ed908", "Facility 2", 3, "AVAILABLE");INSERT INTO facility (id, item, quantity, status) VALUES ("c4d422a1-22e8-44d5-95d9-8c30f7b898a1", "Facility 3", 5, "AVAILABLE");INSERT INTO facility (id, item, quantity, status) VALUES ("9f4328b8-15c1-4a35-b7b1-cf96c40f0a51", "Facility 4", 4, "AVAILABLE");INSERT INTO facility (id, item, quantity, status) VALUES ("12acfc83-28b2-4af6-8d15-944c2789fb00", "Facility 5", 5, "AVAILABLE");INSERT INTO facility (id, item, quantity, status) VALUES ("e07ef51a-3e1e-48ae-afea-8d55462abc6a", "Facility 6", 3, "AVAILABLE");

INSERT INTO flat_facility (flat_id, facility_id) VALUES ("22736852-cf9d-4543-9e2a-1936c14586ac", "fc014879-91b6-4b92-8eac-155df9cb6fac");INSERT INTO flat_facility (flat_id, facility_id) VALUES ("464f6872-3e83-4289-9395-7d01bc4c5438", "fc014879-91b6-4b92-8eac-155df9cb6fac");INSERT INTO flat_facility (flat_id, facility_id) VALUES ("e037477d-fb10-4b65-bbbf-694401763bf3", "fc014879-91b6-4b92-8eac-155df9cb6fac");INSERT INTO flat_facility (flat_id, facility_id) VALUES ("6428d5a7-5d5f-46ae-a7b3-1d350def8566", "fc014879-91b6-4b92-8eac-155df9cb6fac");INSERT INTO flat_facility (flat_id, facility_id) VALUES ("e70e179c-729a-4d54-80de-0e9cdd28858b", "fc014879-91b6-4b92-8eac-155df9cb6fac");INSERT INTO flat_facility (flat_id, facility_id) VALUES ("b6438c16-6b75-44e4-a94b-6dd4f3c7f217", "fc014879-91b6-4b92-8eac-155df9cb6fac");INSERT INTO flat_facility (flat_id, facility_id) VALUES ("16d570bd-8439-455c-b314-4479d5dfee1a", "fc014879-91b6-4b92-8eac-155df9cb6fac");INSERT INTO flat_facility (flat_id, facility_id) VALUES ("1990e50b-5e75-4370-8feb-b5335beee629", "25678662-ec82-4135-92fd-2cdc359ed908");INSERT INTO flat_facility (flat_id, facility_id) VALUES ("22736852-cf9d-4543-9e2a-1936c14586ac", "25678662-ec82-4135-92fd-2cdc359ed908");INSERT INTO flat_facility (flat_id, facility_id) VALUES ("464f6872-3e83-4289-9395-7d01bc4c5438", "25678662-ec82-4135-92fd-2cdc359ed908");INSERT INTO flat_facility (flat_id, facility_id) VALUES ("825fe434-18e8-4f25-a542-c48b4d8df4e3", "25678662-ec82-4135-92fd-2cdc359ed908");INSERT INTO flat_facility (flat_id, facility_id) VALUES ("dff9b18f-3348-4dff-b3a5-8716399909b9", "25678662-ec82-4135-92fd-2cdc359ed908");INSERT INTO flat_facility (flat_id, facility_id) VALUES ("84b1975b-cc87-49f4-a569-1439d17654c5", "25678662-ec82-4135-92fd-2cdc359ed908");INSERT INTO flat_facility (flat_id, facility_id) VALUES ("a2e2ff66-4896-480f-acfe-880cb333ccd8", "25678662-ec82-4135-92fd-2cdc359ed908");INSERT INTO flat_facility (flat_id, facility_id) VALUES ("8a168e50-f6a7-4c7a-8d95-8a27a4bb804d", "25678662-ec82-4135-92fd-2cdc359ed908");INSERT INTO flat_facility (flat_id, facility_id) VALUES ("e70e179c-729a-4d54-80de-0e9cdd28858b", "25678662-ec82-4135-92fd-2cdc359ed908");INSERT INTO flat_facility (flat_id, facility_id) VALUES ("b6438c16-6b75-44e4-a94b-6dd4f3c7f217", "25678662-ec82-4135-92fd-2cdc359ed908");INSERT INTO flat_facility (flat_id, facility_id) VALUES ("16d570bd-8439-455c-b314-4479d5dfee1a", "25678662-ec82-4135-92fd-2cdc359ed908");INSERT INTO flat_facility (flat_id, facility_id) VALUES ("19863e1e-292f-482c-bcf9-5414b45966bf", "25678662-ec82-4135-92fd-2cdc359ed908");INSERT INTO flat_facility (flat_id, facility_id) VALUES ("9faafbe0-11b7-4104-8607-5aee8dbaa96a", "25678662-ec82-4135-92fd-2cdc359ed908");INSERT INTO flat_facility (flat_id, facility_id) VALUES ("464f6872-3e83-4289-9395-7d01bc4c5438", "c4d422a1-22e8-44d5-95d9-8c30f7b898a1");INSERT INTO flat_facility (flat_id, facility_id) VALUES ("825fe434-18e8-4f25-a542-c48b4d8df4e3", "c4d422a1-22e8-44d5-95d9-8c30f7b898a1");INSERT INTO flat_facility (flat_id, facility_id) VALUES ("e037477d-fb10-4b65-bbbf-694401763bf3", "c4d422a1-22e8-44d5-95d9-8c30f7b898a1");INSERT INTO flat_facility (flat_id, facility_id) VALUES ("560d45c0-661b-46d4-abee-98b08041a1f0", "c4d422a1-22e8-44d5-95d9-8c30f7b898a1");INSERT INTO flat_facility (flat_id, facility_id) VALUES ("8a168e50-f6a7-4c7a-8d95-8a27a4bb804d", "c4d422a1-22e8-44d5-95d9-8c30f7b898a1");INSERT INTO flat_facility (flat_id, facility_id) VALUES ("e70e179c-729a-4d54-80de-0e9cdd28858b", "c4d422a1-22e8-44d5-95d9-8c30f7b898a1");INSERT INTO flat_facility (flat_id, facility_id) VALUES ("977e7fc7-2b64-4208-af02-38b316db01df", "c4d422a1-22e8-44d5-95d9-8c30f7b898a1");INSERT INTO flat_facility (flat_id, facility_id) VALUES ("9faafbe0-11b7-4104-8607-5aee8dbaa96a", "c4d422a1-22e8-44d5-95d9-8c30f7b898a1");INSERT INTO flat_facility (flat_id, facility_id) VALUES ("1990e50b-5e75-4370-8feb-b5335beee629", "9f4328b8-15c1-4a35-b7b1-cf96c40f0a51");INSERT INTO flat_facility (flat_id, facility_id) VALUES ("22736852-cf9d-4543-9e2a-1936c14586ac", "9f4328b8-15c1-4a35-b7b1-cf96c40f0a51");INSERT INTO flat_facility (flat_id, facility_id) VALUES ("0944d221-1263-41be-9668-4a5204d9b605", "9f4328b8-15c1-4a35-b7b1-cf96c40f0a51");INSERT INTO flat_facility (flat_id, facility_id) VALUES ("825fe434-18e8-4f25-a542-c48b4d8df4e3", "9f4328b8-15c1-4a35-b7b1-cf96c40f0a51");INSERT INTO flat_facility (flat_id, facility_id) VALUES ("84b1975b-cc87-49f4-a569-1439d17654c5", "9f4328b8-15c1-4a35-b7b1-cf96c40f0a51");INSERT INTO flat_facility (flat_id, facility_id) VALUES ("a2e2ff66-4896-480f-acfe-880cb333ccd8", "9f4328b8-15c1-4a35-b7b1-cf96c40f0a51");INSERT INTO flat_facility (flat_id, facility_id) VALUES ("560d45c0-661b-46d4-abee-98b08041a1f0", "9f4328b8-15c1-4a35-b7b1-cf96c40f0a51");INSERT INTO flat_facility (flat_id, facility_id) VALUES ("606f0183-db11-4150-b779-eb03f30415a2", "9f4328b8-15c1-4a35-b7b1-cf96c40f0a51");INSERT INTO flat_facility (flat_id, facility_id) VALUES ("8a168e50-f6a7-4c7a-8d95-8a27a4bb804d", "9f4328b8-15c1-4a35-b7b1-cf96c40f0a51");INSERT INTO flat_facility (flat_id, facility_id) VALUES ("b6438c16-6b75-44e4-a94b-6dd4f3c7f217", "9f4328b8-15c1-4a35-b7b1-cf96c40f0a51");INSERT INTO flat_facility (flat_id, facility_id) VALUES ("6c011f58-5b6d-4ec1-a133-69261f63e8d6", "9f4328b8-15c1-4a35-b7b1-cf96c40f0a51");INSERT INTO flat_facility (flat_id, facility_id) VALUES ("19863e1e-292f-482c-bcf9-5414b45966bf", "9f4328b8-15c1-4a35-b7b1-cf96c40f0a51");INSERT INTO flat_facility (flat_id, facility_id) VALUES ("9faafbe0-11b7-4104-8607-5aee8dbaa96a", "9f4328b8-15c1-4a35-b7b1-cf96c40f0a51");INSERT INTO flat_facility (flat_id, facility_id) VALUES ("1990e50b-5e75-4370-8feb-b5335beee629", "12acfc83-28b2-4af6-8d15-944c2789fb00");INSERT INTO flat_facility (flat_id, facility_id) VALUES ("464f6872-3e83-4289-9395-7d01bc4c5438", "12acfc83-28b2-4af6-8d15-944c2789fb00");INSERT INTO flat_facility (flat_id, facility_id) VALUES ("825fe434-18e8-4f25-a542-c48b4d8df4e3", "12acfc83-28b2-4af6-8d15-944c2789fb00");INSERT INTO flat_facility (flat_id, facility_id) VALUES ("84b1975b-cc87-49f4-a569-1439d17654c5", "12acfc83-28b2-4af6-8d15-944c2789fb00");INSERT INTO flat_facility (flat_id, facility_id) VALUES ("560d45c0-661b-46d4-abee-98b08041a1f0", "12acfc83-28b2-4af6-8d15-944c2789fb00");INSERT INTO flat_facility (flat_id, facility_id) VALUES ("8a168e50-f6a7-4c7a-8d95-8a27a4bb804d", "12acfc83-28b2-4af6-8d15-944c2789fb00");INSERT INTO flat_facility (flat_id, facility_id) VALUES ("e70e179c-729a-4d54-80de-0e9cdd28858b", "12acfc83-28b2-4af6-8d15-944c2789fb00");INSERT INTO flat_facility (flat_id, facility_id) VALUES ("977e7fc7-2b64-4208-af02-38b316db01df", "12acfc83-28b2-4af6-8d15-944c2789fb00");INSERT INTO flat_facility (flat_id, facility_id) VALUES ("6c011f58-5b6d-4ec1-a133-69261f63e8d6", "12acfc83-28b2-4af6-8d15-944c2789fb00");INSERT INTO flat_facility (flat_id, facility_id) VALUES ("16d570bd-8439-455c-b314-4479d5dfee1a", "12acfc83-28b2-4af6-8d15-944c2789fb00");INSERT INTO flat_facility (flat_id, facility_id) VALUES ("19863e1e-292f-482c-bcf9-5414b45966bf", "12acfc83-28b2-4af6-8d15-944c2789fb00");INSERT INTO flat_facility (flat_id, facility_id) VALUES ("0944d221-1263-41be-9668-4a5204d9b605", "e07ef51a-3e1e-48ae-afea-8d55462abc6a");INSERT INTO flat_facility (flat_id, facility_id) VALUES ("dff9b18f-3348-4dff-b3a5-8716399909b9", "e07ef51a-3e1e-48ae-afea-8d55462abc6a");INSERT INTO flat_facility (flat_id, facility_id) VALUES ("a2e2ff66-4896-480f-acfe-880cb333ccd8", "e07ef51a-3e1e-48ae-afea-8d55462abc6a");INSERT INTO flat_facility (flat_id, facility_id) VALUES ("606f0183-db11-4150-b779-eb03f30415a2", "e07ef51a-3e1e-48ae-afea-8d55462abc6a");INSERT INTO flat_facility (flat_id, facility_id) VALUES ("8a168e50-f6a7-4c7a-8d95-8a27a4bb804d", "e07ef51a-3e1e-48ae-afea-8d55462abc6a");INSERT INTO flat_facility (flat_id, facility_id) VALUES ("e70e179c-729a-4d54-80de-0e9cdd28858b", "e07ef51a-3e1e-48ae-afea-8d55462abc6a");INSERT INTO flat_facility (flat_id, facility_id) VALUES ("b6438c16-6b75-44e4-a94b-6dd4f3c7f217", "e07ef51a-3e1e-48ae-afea-8d55462abc6a");INSERT INTO flat_facility (flat_id, facility_id) VALUES ("977e7fc7-2b64-4208-af02-38b316db01df", "e07ef51a-3e1e-48ae-afea-8d55462abc6a");INSERT INTO flat_facility (flat_id, facility_id) VALUES ("6c011f58-5b6d-4ec1-a133-69261f63e8d6", "e07ef51a-3e1e-48ae-afea-8d55462abc6a");INSERT INTO flat_facility (flat_id, facility_id) VALUES ("9faafbe0-11b7-4104-8607-5aee8dbaa96a", "e07ef51a-3e1e-48ae-afea-8d55462abc6a");

INSERT INTO wallet (id, amount, status, customer_id) VALUES ("1394fd5a-c5c2-41f4-acf7-d710a66e9430", 123000, "ACTIVE", "a6f0cab8-a001-487e-a97e-2b0f11e9ac25");INSERT INTO wallet (id, amount, status, customer_id) VALUES ("cdf09722-1e13-435b-88e2-838218bc5666", 1952000, "ACTIVE", "e97d0c49-958b-44d8-9d4b-b6e7b01af577");INSERT INTO wallet (id, amount, status, customer_id) VALUES ("289818a7-a48d-44ad-80d4-e7b6c3b6c738", 5221000, "ACTIVE", "1e091b58-895f-4f0e-bb69-6cddfeb577c8");INSERT INTO wallet (id, amount, status, customer_id) VALUES ("d0f9c014-caba-4f63-bcef-95f0e3f7688d", 8215000, "ACTIVE", "8ce291c1-668d-4115-9290-655727ff0b99");INSERT INTO wallet (id, amount, status, customer_id) VALUES ("b4b7f37a-c5cb-48e4-9520-ade24f829fad", 4432000, "ACTIVE", "d60f8a56-a11f-4528-a88a-ba21c6660682");INSERT INTO wallet (id, amount, status, customer_id) VALUES ("c0b13d4d-0bc6-4281-84f0-b4444a5f2d56", 2973000, "ACTIVE", "35e6670d-7a90-45da-bd98-da9a7770dcf3");INSERT INTO wallet (id, amount, status, customer_id) VALUES ("38a6db93-643e-40e9-8f7f-49a6134a2a10", 6364000, "ACTIVE", "a7044d05-e410-45a3-a50b-4a25a03226aa");INSERT INTO wallet (id, amount, status, customer_id) VALUES ("f3fd35b2-0a82-4b4b-8682-c7bedb412c8b", 6598000, "ACTIVE", "70a2f367-db04-4a2d-9b8f-b5e0d7e5b198");INSERT INTO wallet (id, amount, status, customer_id) VALUES ("19d67495-663e-4a41-ad37-55f72e7d8774", 1551000, "ACTIVE", "e999d150-2b91-4dec-85c2-b270ca866e16");INSERT INTO wallet (id, amount, status, customer_id) VALUES ("0785ad0c-7bde-4208-ae3c-e9130d9ea245", 8047000, "ACTIVE", "4dd9cf4f-934d-4343-b607-3efc962e71a1");INSERT INTO wallet (id, amount, status, customer_id) VALUES ("8425bf70-fcb5-4c7d-9d31-a7b329a303d2", 1403000, "ACTIVE", "7920a7d0-7abd-4d89-ba15-a49f70a17082");INSERT INTO wallet (id, amount, status, customer_id) VALUES ("d8109333-329b-466c-9019-19ec655d4363", 1321000, "ACTIVE", "0f5ffa93-3eed-4042-be1b-1dafe9a420f4");INSERT INTO wallet (id, amount, status, customer_id) VALUES ("f4b35b81-008f-4cca-829b-1bd644327801", 4865000, "ACTIVE", "2959357f-9071-4c16-bbc2-e753a6e56930");INSERT INTO wallet (id, amount, status, customer_id) VALUES ("d6445f7f-029f-4273-9346-64b9e04c033c", 852000, "ACTIVE", "284218e5-2cca-4ed5-9df7-ac3d0b9bf590");INSERT INTO wallet (id, amount, status, customer_id) VALUES ("d6f8e30c-3144-4603-b2e4-77e34c1b1c14", 4685000, "ACTIVE", "cabdd7bb-0b84-4cd9-924a-08bc7c2c5246");INSERT INTO wallet (id, amount, status, customer_id) VALUES ("69817ba0-56f2-4bc9-aa32-14c257e6d372", 1779000, "ACTIVE", "c92707bf-b23f-48fe-9b0a-596dc2b059ec");INSERT INTO wallet (id, amount, status, customer_id) VALUES ("07178f51-b4b2-4ed9-a6c7-61c5dc40a969", 366000, "ACTIVE", "5cd73c9e-f6b8-4b6c-9e30-65871cad9cb7");INSERT INTO wallet (id, amount, status, customer_id) VALUES ("cb1e234e-80f9-4e5e-9056-c2920889a1f7", 1081000, "ACTIVE", "48547f1e-5b2f-44cc-90e5-67cd8f017332");INSERT INTO wallet (id, amount, status, customer_id) VALUES ("665ff340-4d85-40bd-a609-562df974a585", 2754000, "ACTIVE", "93bc31e7-ec2a-450c-bfa9-b132407d90e1");INSERT INTO wallet (id, amount, status, customer_id) VALUES ("78ee22f5-97bd-4192-a246-c9811b404327", 2330000, "ACTIVE", "0baef7cc-59e6-4ef6-b4e3-db703dbdab3e");

INSERT INTO rent_contract (id, contract, expiry_date, status, value, customer_id, flat_id) VALUES ("5fe3ff3c-152c-4a72-bef5-1ddfa1ce0c53", "1212-1221-1121-1234", "2015-11-11", "VALID", 13000000, "1e091b58-895f-4f0e-bb69-6cddfeb577c8", "1990e50b-5e75-4370-8feb-b5335beee629");INSERT INTO rent_contract (id, contract, expiry_date, status, value, customer_id, flat_id) VALUES ("3b6bf3a7-17e8-4c32-9e58-3ef744668a6a", "1212-1221-1121-1234", "2011-10-12", "VALID", 21000000, "e97d0c49-958b-44d8-9d4b-b6e7b01af577", "dff9b18f-3348-4dff-b3a5-8716399909b9");INSERT INTO rent_contract (id, contract, expiry_date, status, value, customer_id, flat_id) VALUES ("fc1c5958-1c61-4b21-aa51-949847ff8f80", "1234-2121-1221-1211", "2012-11-12", "VALID", 26000000, "e97d0c49-958b-44d8-9d4b-b6e7b01af577", "e037477d-fb10-4b65-bbbf-694401763bf3");INSERT INTO rent_contract (id, contract, expiry_date, status, value, customer_id, flat_id) VALUES ("260937c5-f15c-4ce5-83c4-e3ab72a59eca", "1228-1221-1221-1431", "2012-11-12", "VALID", 12000000, "e97d0c49-958b-44d8-9d4b-b6e7b01af577", "6428d5a7-5d5f-46ae-a7b3-1d350def8566");INSERT INTO rent_contract (id, contract, expiry_date, status, value, customer_id, flat_id) VALUES ("d4a4e81c-9861-4283-96ed-9dd18d68d17d", "1211-1221-1234-2201", "2011-10-12", "VALID", 18000000, "1e091b58-895f-4f0e-bb69-6cddfeb577c8", "a2e2ff66-4896-480f-acfe-880cb333ccd8");INSERT INTO rent_contract (id, contract, expiry_date, status, value, customer_id, flat_id) VALUES ("268895d5-abb3-4b1e-95f3-2c9f6f43cbfd", "1211-1221-1234-2201", "2013-9-12", "VALID", 30000000, "1e091b58-895f-4f0e-bb69-6cddfeb577c8", "606f0183-db11-4150-b779-eb03f30415a2");INSERT INTO rent_contract (id, contract, expiry_date, status, value, customer_id, flat_id) VALUES ("e3bcc001-6f73-4121-b717-3613c5dd7b23", "1228-1221-1221-1431", "2011-10-12", "VALID", 25000000, "1e091b58-895f-4f0e-bb69-6cddfeb577c8", "8a168e50-f6a7-4c7a-8d95-8a27a4bb804d");INSERT INTO rent_contract (id, contract, expiry_date, status, value, customer_id, flat_id) VALUES ("879db2ce-e667-411c-8720-612bc0ba92cd", "1234-2121-1221-1211", "2013-9-12", "VALID", 21000000, "e97d0c49-958b-44d8-9d4b-b6e7b01af577", "e70e179c-729a-4d54-80de-0e9cdd28858b");INSERT INTO rent_contract (id, contract, expiry_date, status, value, customer_id, flat_id) VALUES ("e9827dea-7074-421c-82ee-e1a7ccc3a4d7", "1228-1221-1221-1431", "2012-11-12", "VALID", 9000000, "e97d0c49-958b-44d8-9d4b-b6e7b01af577", "b6438c16-6b75-44e4-a94b-6dd4f3c7f217");INSERT INTO rent_contract (id, contract, expiry_date, status, value, customer_id, flat_id) VALUES ("3975b663-d969-4580-9d99-0f6170124307", "1234-2121-1221-1211", "2012-11-12", "VALID", 11000000, "e97d0c49-958b-44d8-9d4b-b6e7b01af577", "6c011f58-5b6d-4ec1-a133-69261f63e8d6");INSERT INTO rent_contract (id, contract, expiry_date, status, value, customer_id, flat_id) VALUES ("fa05ef18-2ded-48d1-8148-5c9e4a620cdc", "1234-2121-1221-1211", "2012-11-12", "VALID", 7000000, "1e091b58-895f-4f0e-bb69-6cddfeb577c8", "9faafbe0-11b7-4104-8607-5aee8dbaa96a");

INSERT INTO money_transfer (id, amount, date, status, type, wallet_id) VALUES ("70b90207-9eb0-4a32-a78d-af763e85ed9f", 5114000, "2021-08-22", "CANCELLED", "TOP_UP", "1394fd5a-c5c2-41f4-acf7-d710a66e9430");INSERT INTO money_transfer (id, amount, date, status, type, wallet_id) VALUES ("7136c35a-6c0b-4b6d-8d91-33677d8a5691", 3778000, "2022-01-21", "CANCELLED", "TOP_UP", "1394fd5a-c5c2-41f4-acf7-d710a66e9430");INSERT INTO money_transfer (id, amount, date, status, type, wallet_id) VALUES ("a3944432-72af-4fa9-b095-79bffd57fbd7", 6396000, "2021-01-02", "SUCCESS", "TOP_UP", "1394fd5a-c5c2-41f4-acf7-d710a66e9430");INSERT INTO money_transfer (id, amount, date, status, type, wallet_id) VALUES ("710202eb-263c-43c9-bf1c-54d59b94a2fd", 8900000, "2021-07-06", "SUCCESS", "TOP_UP", "1394fd5a-c5c2-41f4-acf7-d710a66e9430");INSERT INTO money_transfer (id, amount, date, status, type, wallet_id) VALUES ("b896ff0d-93d6-49bf-93a7-761df5a33b0a", 12822000, "2022-12-24", "SUCCESS", "TOP_UP", "1394fd5a-c5c2-41f4-acf7-d710a66e9430");INSERT INTO money_transfer (id, amount, date, status, type, wallet_id) VALUES ("f15893b5-7504-4f1b-baf0-55cc4df5af5c", 6852000, "2022-09-23", "CANCELLED", "TOP_UP", "cdf09722-1e13-435b-88e2-838218bc5666");INSERT INTO money_transfer (id, amount, date, status, type, wallet_id) VALUES ("e1d9df55-1c83-491b-88ac-3200f1bf3b2c", 5586000, "2022-12-27", "SUCCESS", "TOP_UP", "cdf09722-1e13-435b-88e2-838218bc5666");INSERT INTO money_transfer (id, amount, date, status, type, wallet_id) VALUES ("b5d12b83-d9b1-4909-8cd7-76033870cb2f", 14914000, "2021-04-21", "SUCCESS", "TOP_UP", "cdf09722-1e13-435b-88e2-838218bc5666");INSERT INTO money_transfer (id, amount, date, status, type, wallet_id) VALUES ("d0e6c896-01e8-4f06-910f-df45cfb55d10", 2182000, "2022-11-04", "SUCCESS", "TOP_UP", "289818a7-a48d-44ad-80d4-e7b6c3b6c738");INSERT INTO money_transfer (id, amount, date, status, type, wallet_id) VALUES ("dc76c736-9894-459a-a113-10e7eaa75029", 6748000, "2022-08-10", "CANCELLED", "TOP_UP", "289818a7-a48d-44ad-80d4-e7b6c3b6c738");INSERT INTO money_transfer (id, amount, date, status, type, wallet_id) VALUES ("4aca40ae-34b3-4833-83b1-47edefa317cb", 3285000, "2022-05-29", "SUCCESS", "TOP_UP", "289818a7-a48d-44ad-80d4-e7b6c3b6c738");INSERT INTO money_transfer (id, amount, date, status, type, wallet_id) VALUES ("dc83ce94-e179-4941-910d-7b8418605fd2", 14381000, "2022-04-20", "CANCELLED", "TOP_UP", "d0f9c014-caba-4f63-bcef-95f0e3f7688d");INSERT INTO money_transfer (id, amount, date, status, type, wallet_id) VALUES ("76bbf462-cd53-43fb-8c87-d99233889a3b", 8377000, "2022-07-06", "SUCCESS", "TOP_UP", "d0f9c014-caba-4f63-bcef-95f0e3f7688d");INSERT INTO money_transfer (id, amount, date, status, type, wallet_id) VALUES ("0a9abf55-09b3-432d-af76-77fc76a625e2", 13411000, "2021-03-15", "SUCCESS", "TOP_UP", "d0f9c014-caba-4f63-bcef-95f0e3f7688d");INSERT INTO money_transfer (id, amount, date, status, type, wallet_id) VALUES ("7fab9216-e39e-4cd5-98fd-ff77816ba753", 11519000, "2022-02-06", "SUCCESS", "TOP_UP", "d0f9c014-caba-4f63-bcef-95f0e3f7688d");INSERT INTO money_transfer (id, amount, date, status, type, wallet_id) VALUES ("83399d0f-c177-4ec6-8651-9616eac65710", 12329000, "2022-05-16", "SUCCESS", "TOP_UP", "d0f9c014-caba-4f63-bcef-95f0e3f7688d");INSERT INTO money_transfer (id, amount, date, status, type, wallet_id) VALUES ("0e100aa4-47c3-4fab-b874-8aaa5021dd14", 6878000, "2022-08-23", "SUCCESS", "TOP_UP", "d0f9c014-caba-4f63-bcef-95f0e3f7688d");INSERT INTO money_transfer (id, amount, date, status, type, wallet_id) VALUES ("9c2196f2-1300-41ba-8ffb-64f9df7e80ee", 12871000, "2022-07-29", "SUCCESS", "TOP_UP", "b4b7f37a-c5cb-48e4-9520-ade24f829fad");INSERT INTO money_transfer (id, amount, date, status, type, wallet_id) VALUES ("53fdc6e9-10a5-46c2-9ab9-2a3bfcb37388", 13123000, "2022-03-18", "SUCCESS", "TOP_UP", "b4b7f37a-c5cb-48e4-9520-ade24f829fad");INSERT INTO money_transfer (id, amount, date, status, type, wallet_id) VALUES ("0ca7b878-7cbf-4c48-a7c0-f371c0d66c85", 14800000, "2021-06-23", "SUCCESS", "TOP_UP", "b4b7f37a-c5cb-48e4-9520-ade24f829fad");INSERT INTO money_transfer (id, amount, date, status, type, wallet_id) VALUES ("cdfad51f-027a-444d-921a-fb082d900272", 13094000, "2022-03-30", "CANCELLED", "TOP_UP", "b4b7f37a-c5cb-48e4-9520-ade24f829fad");INSERT INTO money_transfer (id, amount, date, status, type, wallet_id) VALUES ("0d1710ec-9a0b-4ed4-9557-dededf0fb13e", 12079000, "2021-07-19", "CANCELLED", "TOP_UP", "c0b13d4d-0bc6-4281-84f0-b4444a5f2d56");INSERT INTO money_transfer (id, amount, date, status, type, wallet_id) VALUES ("5e46f8fe-81a6-4161-a4b6-b3c1f11d11a4", 1638000, "2021-11-12", "SUCCESS", "TOP_UP", "c0b13d4d-0bc6-4281-84f0-b4444a5f2d56");INSERT INTO money_transfer (id, amount, date, status, type, wallet_id) VALUES ("0a518e43-0dbb-4491-a846-f2743415da05", 8414000, "2021-08-14", "SUCCESS", "TOP_UP", "c0b13d4d-0bc6-4281-84f0-b4444a5f2d56");INSERT INTO money_transfer (id, amount, date, status, type, wallet_id) VALUES ("a9ac595d-853b-461c-b658-6fb641e97f32", 1223000, "2020-12-11", "CANCELLED", "TOP_UP", "c0b13d4d-0bc6-4281-84f0-b4444a5f2d56");INSERT INTO money_transfer (id, amount, date, status, type, wallet_id) VALUES ("2ed7cbbf-809b-46ff-9229-14e0cd4698fe", 13438000, "2021-01-06", "SUCCESS", "TOP_UP", "c0b13d4d-0bc6-4281-84f0-b4444a5f2d56");INSERT INTO money_transfer (id, amount, date, status, type, wallet_id) VALUES ("2ecd257a-f7b1-42f5-a502-3f962fa0729f", 14117000, "2022-06-14", "CANCELLED", "TOP_UP", "c0b13d4d-0bc6-4281-84f0-b4444a5f2d56");INSERT INTO money_transfer (id, amount, date, status, type, wallet_id) VALUES ("cec42005-1d70-4466-883f-ad29ee1c4a0e", 7183000, "2022-11-25", "SUCCESS", "TOP_UP", "38a6db93-643e-40e9-8f7f-49a6134a2a10");INSERT INTO money_transfer (id, amount, date, status, type, wallet_id) VALUES ("b0555811-1e41-4d0f-863a-10e5ea2c1480", 4066000, "2022-02-14", "SUCCESS", "TOP_UP", "38a6db93-643e-40e9-8f7f-49a6134a2a10");INSERT INTO money_transfer (id, amount, date, status, type, wallet_id) VALUES ("47e2f81c-b3e7-4cd0-a345-34284e266392", 6063000, "2022-02-18", "SUCCESS", "TOP_UP", "38a6db93-643e-40e9-8f7f-49a6134a2a10");INSERT INTO money_transfer (id, amount, date, status, type, wallet_id) VALUES ("86e7e2f1-85dd-46f3-8744-aab43e60aad8", 14204000, "2022-02-05", "SUCCESS", "TOP_UP", "38a6db93-643e-40e9-8f7f-49a6134a2a10");INSERT INTO money_transfer (id, amount, date, status, type, wallet_id) VALUES ("2a2a31cd-9593-42ed-8cdb-2c8755e31216", 12334000, "2022-02-17", "SUCCESS", "TOP_UP", "38a6db93-643e-40e9-8f7f-49a6134a2a10");INSERT INTO money_transfer (id, amount, date, status, type, wallet_id) VALUES ("f3d312c5-1d3c-42e7-935c-c5230b35a797", 7239000, "2022-02-10", "SUCCESS", "TOP_UP", "38a6db93-643e-40e9-8f7f-49a6134a2a10");INSERT INTO money_transfer (id, amount, date, status, type, wallet_id) VALUES ("fc1494bc-b628-4e03-912f-aeb16a573072", 11126000, "2022-01-23", "SUCCESS", "TOP_UP", "38a6db93-643e-40e9-8f7f-49a6134a2a10");INSERT INTO money_transfer (id, amount, date, status, type, wallet_id) VALUES ("7091c7e3-5e84-4e07-addf-c099ba16f1fb", 1714000, "2022-03-19", "SUCCESS", "TOP_UP", "38a6db93-643e-40e9-8f7f-49a6134a2a10");INSERT INTO money_transfer (id, amount, date, status, type, wallet_id) VALUES ("00f98ef6-ae04-4a2e-a3fa-b440a995b469", 7596000, "2021-03-22", "SUCCESS", "TOP_UP", "38a6db93-643e-40e9-8f7f-49a6134a2a10");INSERT INTO money_transfer (id, amount, date, status, type, wallet_id) VALUES ("4cb286f4-7ae2-47e1-92dd-b658ea060580", 5870000, "2022-12-10", "SUCCESS", "TOP_UP", "38a6db93-643e-40e9-8f7f-49a6134a2a10");INSERT INTO money_transfer (id, amount, date, status, type, wallet_id) VALUES ("eae8628f-d6ac-4d58-bde3-17114351ed1f", 710000, "2021-09-14", "CANCELLED", "TOP_UP", "f3fd35b2-0a82-4b4b-8682-c7bedb412c8b");INSERT INTO money_transfer (id, amount, date, status, type, wallet_id) VALUES ("1b7bc2a0-9c28-4aac-9e1d-695396b31950", 4702000, "2021-11-05", "SUCCESS", "TOP_UP", "f3fd35b2-0a82-4b4b-8682-c7bedb412c8b");INSERT INTO money_transfer (id, amount, date, status, type, wallet_id) VALUES ("f77b0e47-f6fb-47c5-9d25-0d6578bee7c4", 4975000, "2022-01-17", "CANCELLED", "TOP_UP", "f3fd35b2-0a82-4b4b-8682-c7bedb412c8b");INSERT INTO money_transfer (id, amount, date, status, type, wallet_id) VALUES ("b9bc28f7-aa3d-4d8a-a350-2fdde1ad8c68", 13716000, "2022-04-03", "SUCCESS", "TOP_UP", "f3fd35b2-0a82-4b4b-8682-c7bedb412c8b");INSERT INTO money_transfer (id, amount, date, status, type, wallet_id) VALUES ("7b5dcaf9-dd2a-4d1f-9823-3d2bf8fd07e2", 6963000, "2021-11-17", "SUCCESS", "TOP_UP", "f3fd35b2-0a82-4b4b-8682-c7bedb412c8b");INSERT INTO money_transfer (id, amount, date, status, type, wallet_id) VALUES ("c6f7fb4e-547b-4d88-9f11-e6b7d20f5f4f", 4177000, "2022-07-01", "SUCCESS", "TOP_UP", "f3fd35b2-0a82-4b4b-8682-c7bedb412c8b");INSERT INTO money_transfer (id, amount, date, status, type, wallet_id) VALUES ("53fabb2d-3473-4151-be62-a0bd4268233d", 12873000, "2022-07-13", "SUCCESS", "TOP_UP", "f3fd35b2-0a82-4b4b-8682-c7bedb412c8b");INSERT INTO money_transfer (id, amount, date, status, type, wallet_id) VALUES ("e15ea6db-3d5a-4318-95f3-88a8f4231a13", 9392000, "2022-06-18", "CANCELLED", "TOP_UP", "19d67495-663e-4a41-ad37-55f72e7d8774");INSERT INTO money_transfer (id, amount, date, status, type, wallet_id) VALUES ("d88b5069-95f1-488d-a64e-f3c25b1b8e0a", 4731000, "2021-02-06", "CANCELLED", "TOP_UP", "19d67495-663e-4a41-ad37-55f72e7d8774");INSERT INTO money_transfer (id, amount, date, status, type, wallet_id) VALUES ("78ef1a80-2c23-4382-9f82-d0a67d8c1f45", 8069000, "2022-04-16", "SUCCESS", "TOP_UP", "19d67495-663e-4a41-ad37-55f72e7d8774");INSERT INTO money_transfer (id, amount, date, status, type, wallet_id) VALUES ("3b288312-0860-4d40-8485-edb0ea9a014d", 3793000, "2022-08-20", "SUCCESS", "TOP_UP", "19d67495-663e-4a41-ad37-55f72e7d8774");INSERT INTO money_transfer (id, amount, date, status, type, wallet_id) VALUES ("5c1d635c-46ae-4055-b844-808a5357bd5e", 12614000, "2021-06-29", "SUCCESS", "TOP_UP", "19d67495-663e-4a41-ad37-55f72e7d8774");INSERT INTO money_transfer (id, amount, date, status, type, wallet_id) VALUES ("fd59f292-e6bb-4340-ac74-02de3bf41e6e", 6797000, "2021-01-08", "SUCCESS", "TOP_UP", "19d67495-663e-4a41-ad37-55f72e7d8774");INSERT INTO money_transfer (id, amount, date, status, type, wallet_id) VALUES ("0dc49a42-ff2c-4246-9be2-c58301111257", 14091000, "2022-10-02", "SUCCESS", "TOP_UP", "19d67495-663e-4a41-ad37-55f72e7d8774");INSERT INTO money_transfer (id, amount, date, status, type, wallet_id) VALUES ("68e84545-6ca7-4afa-add1-fb19d188c03f", 13887000, "2021-08-18", "SUCCESS", "TOP_UP", "19d67495-663e-4a41-ad37-55f72e7d8774");INSERT INTO money_transfer (id, amount, date, status, type, wallet_id) VALUES ("6cf7a24f-42d0-40a9-b9be-1e54dfa2fac4", 6768000, "2022-08-25", "SUCCESS", "TOP_UP", "0785ad0c-7bde-4208-ae3c-e9130d9ea245");INSERT INTO money_transfer (id, amount, date, status, type, wallet_id) VALUES ("28f69b93-59fe-46a9-b051-fe9a5d093adb", 7760000, "2022-11-18", "CANCELLED", "TOP_UP", "0785ad0c-7bde-4208-ae3c-e9130d9ea245");INSERT INTO money_transfer (id, amount, date, status, type, wallet_id) VALUES ("9046d5a7-f8ed-4339-9fce-9bd1789cef59", 5951000, "2022-02-24", "CANCELLED", "TOP_UP", "0785ad0c-7bde-4208-ae3c-e9130d9ea245");INSERT INTO money_transfer (id, amount, date, status, type, wallet_id) VALUES ("564d845d-3f4e-4a51-a09e-230d9eb1421b", 10302000, "2021-03-13", "SUCCESS", "TOP_UP", "0785ad0c-7bde-4208-ae3c-e9130d9ea245");INSERT INTO money_transfer (id, amount, date, status, type, wallet_id) VALUES ("fd69fd55-21e3-400b-9a1d-d579b08b52ee", 7622000, "2022-08-28", "CANCELLED", "TOP_UP", "0785ad0c-7bde-4208-ae3c-e9130d9ea245");INSERT INTO money_transfer (id, amount, date, status, type, wallet_id) VALUES ("6ef5b7ef-9d1e-4a1e-a9bd-7638a5ee5a42", 14028000, "2021-07-14", "CANCELLED", "TOP_UP", "0785ad0c-7bde-4208-ae3c-e9130d9ea245");INSERT INTO money_transfer (id, amount, date, status, type, wallet_id) VALUES ("faa816b0-6f79-45dc-bc2f-700726886e30", 14852000, "2021-11-15", "CANCELLED", "TOP_UP", "0785ad0c-7bde-4208-ae3c-e9130d9ea245");INSERT INTO money_transfer (id, amount, date, status, type, wallet_id) VALUES ("d37e5577-f021-4652-9776-b9333927f3e9", 5967000, "2022-11-30", "SUCCESS", "TOP_UP", "0785ad0c-7bde-4208-ae3c-e9130d9ea245");INSERT INTO money_transfer (id, amount, date, status, type, wallet_id) VALUES ("661e28ad-3220-42f3-a67e-72826f30b3ee", 13534000, "2021-05-24", "SUCCESS", "TOP_UP", "0785ad0c-7bde-4208-ae3c-e9130d9ea245");INSERT INTO money_transfer (id, amount, date, status, type, wallet_id) VALUES ("e0a06913-8e17-475f-baf7-54b7cf5b1298", 12636000, "2021-02-09", "SUCCESS", "TOP_UP", "0785ad0c-7bde-4208-ae3c-e9130d9ea245");INSERT INTO money_transfer (id, amount, date, status, type, wallet_id) VALUES ("ca67ba04-984b-4453-a242-75999b9c8cea", 13440000, "2021-03-24", "SUCCESS", "TOP_UP", "8425bf70-fcb5-4c7d-9d31-a7b329a303d2");INSERT INTO money_transfer (id, amount, date, status, type, wallet_id) VALUES ("a60b2fac-a448-4c50-9b6e-ea3ddf3f9c36", 11270000, "2021-01-22", "SUCCESS", "TOP_UP", "8425bf70-fcb5-4c7d-9d31-a7b329a303d2");INSERT INTO money_transfer (id, amount, date, status, type, wallet_id) VALUES ("181f6a1b-8360-4bb9-a456-69e771f74a5f", 10106000, "2021-02-01", "CANCELLED", "TOP_UP", "8425bf70-fcb5-4c7d-9d31-a7b329a303d2");INSERT INTO money_transfer (id, amount, date, status, type, wallet_id) VALUES ("9cb9611a-8f53-4408-b016-727c4875ea00", 7863000, "2021-10-27", "SUCCESS", "TOP_UP", "8425bf70-fcb5-4c7d-9d31-a7b329a303d2");INSERT INTO money_transfer (id, amount, date, status, type, wallet_id) VALUES ("7f25a32a-d91c-4bc8-b19e-d96301308067", 6665000, "2021-08-15", "CANCELLED", "TOP_UP", "8425bf70-fcb5-4c7d-9d31-a7b329a303d2");INSERT INTO money_transfer (id, amount, date, status, type, wallet_id) VALUES ("3d902322-699a-48d7-8be0-e86b64f0b548", 7974000, "2021-06-12", "SUCCESS", "TOP_UP", "8425bf70-fcb5-4c7d-9d31-a7b329a303d2");INSERT INTO money_transfer (id, amount, date, status, type, wallet_id) VALUES ("068a5f0e-a147-4295-9079-dab80c2a477e", 2662000, "2022-03-23", "SUCCESS", "TOP_UP", "8425bf70-fcb5-4c7d-9d31-a7b329a303d2");INSERT INTO money_transfer (id, amount, date, status, type, wallet_id) VALUES ("6bd85727-a094-43b7-947b-de71cca65c87", 8957000, "2021-12-23", "SUCCESS", "TOP_UP", "8425bf70-fcb5-4c7d-9d31-a7b329a303d2");INSERT INTO money_transfer (id, amount, date, status, type, wallet_id) VALUES ("43ad82a0-b88c-4d6d-8232-dbf7c19a44d6", 7853000, "2022-11-10", "SUCCESS", "TOP_UP", "8425bf70-fcb5-4c7d-9d31-a7b329a303d2");INSERT INTO money_transfer (id, amount, date, status, type, wallet_id) VALUES ("dd47469c-f669-4f12-9f78-cf36ea344c68", 6633000, "2021-11-21", "SUCCESS", "TOP_UP", "8425bf70-fcb5-4c7d-9d31-a7b329a303d2");INSERT INTO money_transfer (id, amount, date, status, type, wallet_id) VALUES ("2c353ae6-3dbe-44fd-af4d-c4ab0c52215f", 8356000, "2021-08-20", "SUCCESS", "TOP_UP", "d8109333-329b-466c-9019-19ec655d4363");INSERT INTO money_transfer (id, amount, date, status, type, wallet_id) VALUES ("f42bb878-c4d0-4e5d-aa60-23f5369e2771", 4342000, "2022-02-09", "SUCCESS", "TOP_UP", "d8109333-329b-466c-9019-19ec655d4363");INSERT INTO money_transfer (id, amount, date, status, type, wallet_id) VALUES ("6403fa12-a525-48eb-bb69-087441b5a2c9", 13194000, "2021-08-21", "SUCCESS", "TOP_UP", "d8109333-329b-466c-9019-19ec655d4363");INSERT INTO money_transfer (id, amount, date, status, type, wallet_id) VALUES ("3b4988a2-9f80-4c26-b009-eefdefd0ea7c", 8492000, "2021-04-26", "SUCCESS", "TOP_UP", "f4b35b81-008f-4cca-829b-1bd644327801");INSERT INTO money_transfer (id, amount, date, status, type, wallet_id) VALUES ("443b5f54-f3f5-47f9-9397-362661f10bce", 10059000, "2022-03-16", "SUCCESS", "TOP_UP", "f4b35b81-008f-4cca-829b-1bd644327801");INSERT INTO money_transfer (id, amount, date, status, type, wallet_id) VALUES ("6cf9aef3-e4bd-4e2b-a7b5-233804dd801f", 11663000, "2022-05-21", "CANCELLED", "TOP_UP", "f4b35b81-008f-4cca-829b-1bd644327801");INSERT INTO money_transfer (id, amount, date, status, type, wallet_id) VALUES ("ad103254-9660-4dbf-b2d0-dc2a1f04852d", 6934000, "2021-08-23", "SUCCESS", "TOP_UP", "f4b35b81-008f-4cca-829b-1bd644327801");INSERT INTO money_transfer (id, amount, date, status, type, wallet_id) VALUES ("a3c877ec-8e0f-4b5b-aaf0-edc198c67069", 1151000, "2021-07-21", "SUCCESS", "TOP_UP", "f4b35b81-008f-4cca-829b-1bd644327801");INSERT INTO money_transfer (id, amount, date, status, type, wallet_id) VALUES ("27fb4faa-6af1-41c6-adc6-5fc3257464a1", 6541000, "2022-12-09", "SUCCESS", "TOP_UP", "d6445f7f-029f-4273-9346-64b9e04c033c");INSERT INTO money_transfer (id, amount, date, status, type, wallet_id) VALUES ("180e2160-4d5d-4ac9-870e-39c18caba316", 10372000, "2022-05-14", "SUCCESS", "TOP_UP", "d6445f7f-029f-4273-9346-64b9e04c033c");INSERT INTO money_transfer (id, amount, date, status, type, wallet_id) VALUES ("b713fbd9-b978-473f-9ca2-2535cf575044", 6557000, "2022-04-06", "SUCCESS", "TOP_UP", "d6445f7f-029f-4273-9346-64b9e04c033c");INSERT INTO money_transfer (id, amount, date, status, type, wallet_id) VALUES ("d89e62fd-77e2-4dec-92b1-d071a140bddd", 11941000, "2022-10-07", "CANCELLED", "TOP_UP", "d6445f7f-029f-4273-9346-64b9e04c033c");INSERT INTO money_transfer (id, amount, date, status, type, wallet_id) VALUES ("12278820-08df-4506-8ee4-10c724aeddb8", 8539000, "2021-02-10", "SUCCESS", "TOP_UP", "d6445f7f-029f-4273-9346-64b9e04c033c");INSERT INTO money_transfer (id, amount, date, status, type, wallet_id) VALUES ("cbe7005d-f084-4a56-a214-1e865f92efc7", 7980000, "2022-08-01", "SUCCESS", "TOP_UP", "d6f8e30c-3144-4603-b2e4-77e34c1b1c14");INSERT INTO money_transfer (id, amount, date, status, type, wallet_id) VALUES ("232e6f2e-92ad-4e73-8094-6ffdd62afc98", 11199000, "2021-08-05", "SUCCESS", "TOP_UP", "d6f8e30c-3144-4603-b2e4-77e34c1b1c14");INSERT INTO money_transfer (id, amount, date, status, type, wallet_id) VALUES ("9b2310a6-e1a8-48ba-98dc-a65bbc891c52", 1242000, "2021-03-17", "CANCELLED", "TOP_UP", "d6f8e30c-3144-4603-b2e4-77e34c1b1c14");INSERT INTO money_transfer (id, amount, date, status, type, wallet_id) VALUES ("e8f1a72b-6102-430a-ab44-b01e9904bf35", 14591000, "2021-04-23", "SUCCESS", "TOP_UP", "d6f8e30c-3144-4603-b2e4-77e34c1b1c14");INSERT INTO money_transfer (id, amount, date, status, type, wallet_id) VALUES ("d76fadbc-1459-42cc-96f0-5469af3c343d", 11565000, "2021-05-29", "SUCCESS", "TOP_UP", "69817ba0-56f2-4bc9-aa32-14c257e6d372");INSERT INTO money_transfer (id, amount, date, status, type, wallet_id) VALUES ("23db22ea-1392-448c-b55b-d86a3ed7b3df", 3203000, "2021-04-19", "CANCELLED", "TOP_UP", "69817ba0-56f2-4bc9-aa32-14c257e6d372");INSERT INTO money_transfer (id, amount, date, status, type, wallet_id) VALUES ("7fab5432-7b62-496d-9e1a-42568dad1eef", 9670000, "2022-09-21", "SUCCESS", "TOP_UP", "69817ba0-56f2-4bc9-aa32-14c257e6d372");INSERT INTO money_transfer (id, amount, date, status, type, wallet_id) VALUES ("2e7f09f4-692a-46f0-aeea-24ba5b280e33", 10226000, "2021-10-03", "SUCCESS", "TOP_UP", "69817ba0-56f2-4bc9-aa32-14c257e6d372");INSERT INTO money_transfer (id, amount, date, status, type, wallet_id) VALUES ("3ef789db-a91f-4eb2-bdea-196f9f85de90", 2592000, "2022-04-20", "SUCCESS", "TOP_UP", "69817ba0-56f2-4bc9-aa32-14c257e6d372");INSERT INTO money_transfer (id, amount, date, status, type, wallet_id) VALUES ("764abd84-c44b-458b-ad44-f26456d3e27d", 780000, "2022-05-30", "SUCCESS", "TOP_UP", "69817ba0-56f2-4bc9-aa32-14c257e6d372");INSERT INTO money_transfer (id, amount, date, status, type, wallet_id) VALUES ("4100e418-0748-4a07-ba63-1f9ca4b13b60", 2397000, "2022-04-13", "SUCCESS", "TOP_UP", "07178f51-b4b2-4ed9-a6c7-61c5dc40a969");INSERT INTO money_transfer (id, amount, date, status, type, wallet_id) VALUES ("dc2bf92b-4517-4219-95e5-ca0bfe48c775", 1075000, "2022-08-03", "SUCCESS", "TOP_UP", "07178f51-b4b2-4ed9-a6c7-61c5dc40a969");INSERT INTO money_transfer (id, amount, date, status, type, wallet_id) VALUES ("f7896087-92b3-459e-aa0d-45fb572e8ddd", 5329000, "2021-03-17", "CANCELLED", "TOP_UP", "07178f51-b4b2-4ed9-a6c7-61c5dc40a969");INSERT INTO money_transfer (id, amount, date, status, type, wallet_id) VALUES ("222c0bf4-6850-4080-a30f-aa2257ffa4bf", 3800000, "2021-04-05", "CANCELLED", "TOP_UP", "07178f51-b4b2-4ed9-a6c7-61c5dc40a969");INSERT INTO money_transfer (id, amount, date, status, type, wallet_id) VALUES ("3274a89d-6ccd-41be-967c-1d127d875765", 7081000, "2021-09-26", "SUCCESS", "TOP_UP", "07178f51-b4b2-4ed9-a6c7-61c5dc40a969");INSERT INTO money_transfer (id, amount, date, status, type, wallet_id) VALUES ("8f13d952-97fb-46e5-8979-67f227c79b1b", 2589000, "2022-04-17", "SUCCESS", "TOP_UP", "07178f51-b4b2-4ed9-a6c7-61c5dc40a969");INSERT INTO money_transfer (id, amount, date, status, type, wallet_id) VALUES ("9600b781-8a35-44c5-930e-804c83c52e7c", 2955000, "2022-05-16", "SUCCESS", "TOP_UP", "07178f51-b4b2-4ed9-a6c7-61c5dc40a969");INSERT INTO money_transfer (id, amount, date, status, type, wallet_id) VALUES ("cbcf642e-2cd2-497a-94f9-5362502f33ac", 6048000, "2021-12-04", "SUCCESS", "TOP_UP", "07178f51-b4b2-4ed9-a6c7-61c5dc40a969");INSERT INTO money_transfer (id, amount, date, status, type, wallet_id) VALUES ("6c1fac6b-b29b-4b44-9c9e-e4e2cf95e829", 3764000, "2022-09-11", "SUCCESS", "TOP_UP", "07178f51-b4b2-4ed9-a6c7-61c5dc40a969");INSERT INTO money_transfer (id, amount, date, status, type, wallet_id) VALUES ("4cd57034-befe-4386-bc50-5965ee200410", 4464000, "2022-01-17", "SUCCESS", "TOP_UP", "cb1e234e-80f9-4e5e-9056-c2920889a1f7");INSERT INTO money_transfer (id, amount, date, status, type, wallet_id) VALUES ("8a7a027e-4417-432b-991f-469fb44f2ec5", 5542000, "2022-02-02", "CANCELLED", "TOP_UP", "cb1e234e-80f9-4e5e-9056-c2920889a1f7");INSERT INTO money_transfer (id, amount, date, status, type, wallet_id) VALUES ("b030cd83-52f6-4e54-8e5f-5f6bf4aa4b73", 1357000, "2021-01-15", "SUCCESS", "TOP_UP", "cb1e234e-80f9-4e5e-9056-c2920889a1f7");INSERT INTO money_transfer (id, amount, date, status, type, wallet_id) VALUES ("97f8ed69-4ee4-4f73-b795-1bddef291b2c", 8848000, "2021-08-11", "SUCCESS", "TOP_UP", "cb1e234e-80f9-4e5e-9056-c2920889a1f7");INSERT INTO money_transfer (id, amount, date, status, type, wallet_id) VALUES ("48a18339-25dd-478f-9178-ba4628c9df25", 7030000, "2022-08-09", "SUCCESS", "TOP_UP", "cb1e234e-80f9-4e5e-9056-c2920889a1f7");INSERT INTO money_transfer (id, amount, date, status, type, wallet_id) VALUES ("b08c2955-6a82-4653-aea0-0fe473811874", 8807000, "2022-05-05", "SUCCESS", "TOP_UP", "cb1e234e-80f9-4e5e-9056-c2920889a1f7");INSERT INTO money_transfer (id, amount, date, status, type, wallet_id) VALUES ("d175484e-9a0d-4560-beae-30b008502a37", 14394000, "2021-05-16", "SUCCESS", "TOP_UP", "cb1e234e-80f9-4e5e-9056-c2920889a1f7");INSERT INTO money_transfer (id, amount, date, status, type, wallet_id) VALUES ("5b8aaaeb-a45f-4ac5-9b37-eb7fdd124c42", 11229000, "2021-06-19", "SUCCESS", "TOP_UP", "cb1e234e-80f9-4e5e-9056-c2920889a1f7");INSERT INTO money_transfer (id, amount, date, status, type, wallet_id) VALUES ("3cb28a36-b519-4dc1-a74b-75dcc1af3561", 14292000, "2022-03-21", "CANCELLED", "TOP_UP", "665ff340-4d85-40bd-a609-562df974a585");INSERT INTO money_transfer (id, amount, date, status, type, wallet_id) VALUES ("a675214c-7d31-4137-b8af-8266033afdc7", 9597000, "2022-04-15", "SUCCESS", "TOP_UP", "665ff340-4d85-40bd-a609-562df974a585");INSERT INTO money_transfer (id, amount, date, status, type, wallet_id) VALUES ("e34dd38a-00aa-41cf-928f-79605390dcd6", 12837000, "2022-01-08", "SUCCESS", "TOP_UP", "665ff340-4d85-40bd-a609-562df974a585");INSERT INTO money_transfer (id, amount, date, status, type, wallet_id) VALUES ("cd974709-b3d7-4732-8b43-6562b9e9c9b3", 13268000, "2021-11-21", "CANCELLED", "TOP_UP", "665ff340-4d85-40bd-a609-562df974a585");INSERT INTO money_transfer (id, amount, date, status, type, wallet_id) VALUES ("bd26f746-61f3-4a42-af62-f4b11f4b5b16", 4645000, "2022-04-10", "CANCELLED", "TOP_UP", "665ff340-4d85-40bd-a609-562df974a585");INSERT INTO money_transfer (id, amount, date, status, type, wallet_id) VALUES ("a1cf7280-9191-4a12-9f88-61b5a0192dee", 10640000, "2022-06-21", "SUCCESS", "TOP_UP", "665ff340-4d85-40bd-a609-562df974a585");INSERT INTO money_transfer (id, amount, date, status, type, wallet_id) VALUES ("e559c593-db55-4c51-981c-20848c0d97a1", 4471000, "2022-06-16", "CANCELLED", "TOP_UP", "665ff340-4d85-40bd-a609-562df974a585");INSERT INTO money_transfer (id, amount, date, status, type, wallet_id) VALUES ("91c61148-163b-4860-a47d-2f3e553ccff6", 686000, "2021-08-22", "SUCCESS", "TOP_UP", "665ff340-4d85-40bd-a609-562df974a585");INSERT INTO money_transfer (id, amount, date, status, type, wallet_id) VALUES ("cb585b3a-2cf1-4f00-808b-bd9bde8dce87", 14023000, "2022-11-30", "SUCCESS", "TOP_UP", "665ff340-4d85-40bd-a609-562df974a585");INSERT INTO money_transfer (id, amount, date, status, type, wallet_id) VALUES ("d6c22660-683a-41e3-8111-30c8a9fe53f9", 7531000, "2021-06-19", "SUCCESS", "TOP_UP", "665ff340-4d85-40bd-a609-562df974a585");INSERT INTO money_transfer (id, amount, date, status, type, wallet_id) VALUES ("8042cb02-569b-4981-b694-2496aaf2357c", 8700000, "2022-05-13", "SUCCESS", "TOP_UP", "78ee22f5-97bd-4192-a246-c9811b404327");INSERT INTO money_transfer (id, amount, date, status, type, wallet_id) VALUES ("ce790ec1-fc99-4be4-a196-a1153ac16c4a", 1890000, "2021-05-13", "SUCCESS", "TOP_UP", "78ee22f5-97bd-4192-a246-c9811b404327");INSERT INTO money_transfer (id, amount, date, status, type, wallet_id) VALUES ("38e50ad4-c9cd-4a1c-b7af-17ecdcaca2b9", 6449000, "2022-05-05", "SUCCESS", "TOP_UP", "78ee22f5-97bd-4192-a246-c9811b404327");INSERT INTO money_transfer (id, amount, date, status, type, wallet_id) VALUES ("ec7d8746-90f4-4188-bf7e-446ffba12dbd", 430000, "2021-11-20", "SUCCESS", "WITHDRAW", "1394fd5a-c5c2-41f4-acf7-d710a66e9430");INSERT INTO money_transfer (id, amount, date, status, type, wallet_id) VALUES ("156b35d5-6723-43e1-a005-e2d0a3fdcee9", 207000, "2022-12-11", "SUCCESS", "WITHDRAW", "1394fd5a-c5c2-41f4-acf7-d710a66e9430");INSERT INTO money_transfer (id, amount, date, status, type, wallet_id) VALUES ("cd554711-69e2-4b47-93f4-0a0b87fe86a5", 323000, "2021-08-12", "SUCCESS", "WITHDRAW", "1394fd5a-c5c2-41f4-acf7-d710a66e9430");INSERT INTO money_transfer (id, amount, date, status, type, wallet_id) VALUES ("8e431199-8b47-4ae3-976d-365bce81caf1", 397000, "2021-06-01", "CANCELLED", "WITHDRAW", "1394fd5a-c5c2-41f4-acf7-d710a66e9430");INSERT INTO money_transfer (id, amount, date, status, type, wallet_id) VALUES ("30a00b7b-7383-4d49-85a1-56327d2c10af", 278000, "2021-11-09", "CANCELLED", "WITHDRAW", "cdf09722-1e13-435b-88e2-838218bc5666");INSERT INTO money_transfer (id, amount, date, status, type, wallet_id) VALUES ("07a923dc-7959-4192-bfd7-959f0cff34a6", 247000, "2022-03-30", "CANCELLED", "WITHDRAW", "cdf09722-1e13-435b-88e2-838218bc5666");INSERT INTO money_transfer (id, amount, date, status, type, wallet_id) VALUES ("71889be3-efed-4996-8e7f-beeb09c48de1", 90000, "2022-06-24", "SUCCESS", "WITHDRAW", "289818a7-a48d-44ad-80d4-e7b6c3b6c738");INSERT INTO money_transfer (id, amount, date, status, type, wallet_id) VALUES ("619afdbe-70e1-4195-8bdd-2c46d240f15e", 363000, "2021-05-05", "SUCCESS", "WITHDRAW", "289818a7-a48d-44ad-80d4-e7b6c3b6c738");INSERT INTO money_transfer (id, amount, date, status, type, wallet_id) VALUES ("f1076981-a444-4d6c-99dc-e4bcb2bbbfdf", 427000, "2022-08-21", "CANCELLED", "WITHDRAW", "d0f9c014-caba-4f63-bcef-95f0e3f7688d");INSERT INTO money_transfer (id, amount, date, status, type, wallet_id) VALUES ("82b3d928-c33b-439d-902f-df23fbe9b467", 403000, "2022-05-08", "SUCCESS", "WITHDRAW", "d0f9c014-caba-4f63-bcef-95f0e3f7688d");INSERT INTO money_transfer (id, amount, date, status, type, wallet_id) VALUES ("2222d31a-5b98-4ccc-8f13-dfc087145a02", 368000, "2022-05-21", "SUCCESS", "WITHDRAW", "b4b7f37a-c5cb-48e4-9520-ade24f829fad");INSERT INTO money_transfer (id, amount, date, status, type, wallet_id) VALUES ("4e698735-8a4e-4105-b0a7-d062077cbbe0", 189000, "2022-06-13", "CANCELLED", "WITHDRAW", "b4b7f37a-c5cb-48e4-9520-ade24f829fad");INSERT INTO money_transfer (id, amount, date, status, type, wallet_id) VALUES ("4e452779-396c-43e4-99bb-cb4b329fd600", 428000, "2021-12-14", "SUCCESS", "WITHDRAW", "b4b7f37a-c5cb-48e4-9520-ade24f829fad");INSERT INTO money_transfer (id, amount, date, status, type, wallet_id) VALUES ("d49c55e3-d14a-46af-81f4-5a437ae63ab7", 354000, "2021-10-24", "CANCELLED", "WITHDRAW", "b4b7f37a-c5cb-48e4-9520-ade24f829fad");INSERT INTO money_transfer (id, amount, date, status, type, wallet_id) VALUES ("8197a302-d87b-4570-9e7b-243d73ad34ea", 81000, "2022-03-28", "SUCCESS", "WITHDRAW", "c0b13d4d-0bc6-4281-84f0-b4444a5f2d56");INSERT INTO money_transfer (id, amount, date, status, type, wallet_id) VALUES ("9af3485c-aa67-4c50-8b21-75bf2bf686b1", 489000, "2021-07-12", "SUCCESS", "WITHDRAW", "c0b13d4d-0bc6-4281-84f0-b4444a5f2d56");INSERT INTO money_transfer (id, amount, date, status, type, wallet_id) VALUES ("a39364f3-fc6a-4c39-bb4b-71c02c689d6b", 176000, "2022-07-17", "SUCCESS", "WITHDRAW", "c0b13d4d-0bc6-4281-84f0-b4444a5f2d56");INSERT INTO money_transfer (id, amount, date, status, type, wallet_id) VALUES ("b876b850-ed60-43c0-97aa-4f8ef3f746c8", 489000, "2021-11-16", "SUCCESS", "WITHDRAW", "c0b13d4d-0bc6-4281-84f0-b4444a5f2d56");INSERT INTO money_transfer (id, amount, date, status, type, wallet_id) VALUES ("3c5795de-c8bc-4c59-8907-c48329f4e4be", 206000, "2021-10-11", "CANCELLED", "WITHDRAW", "38a6db93-643e-40e9-8f7f-49a6134a2a10");INSERT INTO money_transfer (id, amount, date, status, type, wallet_id) VALUES ("49bd2fb8-da13-4fb7-842a-0ef4e59c8c8d", 217000, "2021-09-26", "SUCCESS", "WITHDRAW", "38a6db93-643e-40e9-8f7f-49a6134a2a10");INSERT INTO money_transfer (id, amount, date, status, type, wallet_id) VALUES ("9497b888-28c5-4340-a373-758c96239c60", 185000, "2021-12-10", "SUCCESS", "WITHDRAW", "38a6db93-643e-40e9-8f7f-49a6134a2a10");INSERT INTO money_transfer (id, amount, date, status, type, wallet_id) VALUES ("3d668be2-f1ab-4bec-a55e-1f6a60818e7e", 378000, "2021-08-26", "CANCELLED", "WITHDRAW", "38a6db93-643e-40e9-8f7f-49a6134a2a10");INSERT INTO money_transfer (id, amount, date, status, type, wallet_id) VALUES ("6fdbf06b-053f-40a7-b558-0861bdd16c0f", 308000, "2020-12-14", "SUCCESS", "WITHDRAW", "38a6db93-643e-40e9-8f7f-49a6134a2a10");INSERT INTO money_transfer (id, amount, date, status, type, wallet_id) VALUES ("838b71a4-80fd-413b-b8fa-f557c81f4fc5", 188000, "2022-03-02", "SUCCESS", "WITHDRAW", "f3fd35b2-0a82-4b4b-8682-c7bedb412c8b");INSERT INTO money_transfer (id, amount, date, status, type, wallet_id) VALUES ("7fa245c3-cec2-41a8-b8ab-f657027eb54a", 301000, "2021-06-18", "SUCCESS", "WITHDRAW", "19d67495-663e-4a41-ad37-55f72e7d8774");INSERT INTO money_transfer (id, amount, date, status, type, wallet_id) VALUES ("0cebe748-87f6-43b0-8692-5b8a56c6ad3a", 177000, "2022-12-10", "SUCCESS", "WITHDRAW", "19d67495-663e-4a41-ad37-55f72e7d8774");INSERT INTO money_transfer (id, amount, date, status, type, wallet_id) VALUES ("df6783ee-d21d-453e-9fe2-722306a14445", 252000, "2021-05-20", "SUCCESS", "WITHDRAW", "0785ad0c-7bde-4208-ae3c-e9130d9ea245");INSERT INTO money_transfer (id, amount, date, status, type, wallet_id) VALUES ("b250b0c9-ced9-4c06-b174-2b691d06ea8d", 252000, "2022-01-06", "SUCCESS", "WITHDRAW", "0785ad0c-7bde-4208-ae3c-e9130d9ea245");INSERT INTO money_transfer (id, amount, date, status, type, wallet_id) VALUES ("ae1bf43c-bf0a-425a-af9b-52a2d66a3c66", 353000, "2021-08-22", "SUCCESS", "WITHDRAW", "0785ad0c-7bde-4208-ae3c-e9130d9ea245");INSERT INTO money_transfer (id, amount, date, status, type, wallet_id) VALUES ("e18549e0-3640-4de3-8202-9402213a85f8", 190000, "2022-01-07", "SUCCESS", "WITHDRAW", "0785ad0c-7bde-4208-ae3c-e9130d9ea245");INSERT INTO money_transfer (id, amount, date, status, type, wallet_id) VALUES ("4daf36c8-08dc-452b-b607-062e21b7bab9", 199000, "2021-06-28", "CANCELLED", "WITHDRAW", "0785ad0c-7bde-4208-ae3c-e9130d9ea245");INSERT INTO money_transfer (id, amount, date, status, type, wallet_id) VALUES ("3e22adc4-7543-4cde-a03c-dd1ded384d66", 210000, "2022-05-27", "CANCELLED", "WITHDRAW", "8425bf70-fcb5-4c7d-9d31-a7b329a303d2");INSERT INTO money_transfer (id, amount, date, status, type, wallet_id) VALUES ("95c09ab7-3f92-47b1-8888-80b419e55438", 51000, "2022-02-05", "CANCELLED", "WITHDRAW", "8425bf70-fcb5-4c7d-9d31-a7b329a303d2");INSERT INTO money_transfer (id, amount, date, status, type, wallet_id) VALUES ("5f7d3830-38fa-4c71-bc73-196301c4d441", 189000, "2021-01-22", "SUCCESS", "WITHDRAW", "8425bf70-fcb5-4c7d-9d31-a7b329a303d2");INSERT INTO money_transfer (id, amount, date, status, type, wallet_id) VALUES ("3567f0e9-14dd-4e95-976d-a1abd5f78533", 226000, "2021-10-30", "CANCELLED", "WITHDRAW", "8425bf70-fcb5-4c7d-9d31-a7b329a303d2");INSERT INTO money_transfer (id, amount, date, status, type, wallet_id) VALUES ("2faab8de-4884-4531-b08f-7d5a42045c88", 192000, "2021-06-18", "SUCCESS", "WITHDRAW", "8425bf70-fcb5-4c7d-9d31-a7b329a303d2");INSERT INTO money_transfer (id, amount, date, status, type, wallet_id) VALUES ("9f6f7e7b-8508-455e-b813-035f4ee0ba29", 481000, "2021-04-05", "CANCELLED", "WITHDRAW", "d8109333-329b-466c-9019-19ec655d4363");INSERT INTO money_transfer (id, amount, date, status, type, wallet_id) VALUES ("9f4c282d-bef2-4a51-aea0-d7ca21f8b99c", 396000, "2022-08-03", "CANCELLED", "WITHDRAW", "d8109333-329b-466c-9019-19ec655d4363");INSERT INTO money_transfer (id, amount, date, status, type, wallet_id) VALUES ("a821d4bf-a769-4cb4-8496-56638b1cc767", 182000, "2022-07-17", "CANCELLED", "WITHDRAW", "f4b35b81-008f-4cca-829b-1bd644327801");INSERT INTO money_transfer (id, amount, date, status, type, wallet_id) VALUES ("129f6450-92d2-4a3a-8c16-7b87889514c7", 450000, "2021-10-10", "SUCCESS", "WITHDRAW", "f4b35b81-008f-4cca-829b-1bd644327801");INSERT INTO money_transfer (id, amount, date, status, type, wallet_id) VALUES ("a2fa6b22-150b-4f99-a37f-38ecc1e0b73b", 222000, "2022-11-19", "CANCELLED", "WITHDRAW", "f4b35b81-008f-4cca-829b-1bd644327801");INSERT INTO money_transfer (id, amount, date, status, type, wallet_id) VALUES ("e85e1305-1d37-4d9a-9de2-b053b6fc1dca", 60000, "2021-06-27", "SUCCESS", "WITHDRAW", "f4b35b81-008f-4cca-829b-1bd644327801");INSERT INTO money_transfer (id, amount, date, status, type, wallet_id) VALUES ("891eaac5-d015-4aba-8856-d4d0f225d439", 332000, "2021-07-08", "SUCCESS", "WITHDRAW", "d6445f7f-029f-4273-9346-64b9e04c033c");INSERT INTO money_transfer (id, amount, date, status, type, wallet_id) VALUES ("f744c516-df4a-4605-8695-fc58208420a6", 90000, "2021-04-18", "SUCCESS", "WITHDRAW", "d6445f7f-029f-4273-9346-64b9e04c033c");INSERT INTO money_transfer (id, amount, date, status, type, wallet_id) VALUES ("e359af45-5173-461a-bafa-6d6be2c120fa", 147000, "2022-01-23", "CANCELLED", "WITHDRAW", "d6445f7f-029f-4273-9346-64b9e04c033c");INSERT INTO money_transfer (id, amount, date, status, type, wallet_id) VALUES ("de8570f4-5a5a-40a0-9aee-eab5b2e8a0a9", 436000, "2021-01-16", "CANCELLED", "WITHDRAW", "d6f8e30c-3144-4603-b2e4-77e34c1b1c14");INSERT INTO money_transfer (id, amount, date, status, type, wallet_id) VALUES ("f5b28d76-c076-4056-b4ff-e6835ae05e61", 111000, "2022-05-22", "SUCCESS", "WITHDRAW", "d6f8e30c-3144-4603-b2e4-77e34c1b1c14");INSERT INTO money_transfer (id, amount, date, status, type, wallet_id) VALUES ("3b8c5508-8700-4788-816c-2fadc7bfcf68", 125000, "2022-12-05", "SUCCESS", "WITHDRAW", "d6f8e30c-3144-4603-b2e4-77e34c1b1c14");INSERT INTO money_transfer (id, amount, date, status, type, wallet_id) VALUES ("ee221c42-dd88-4513-99fa-502fcf45e413", 99000, "2022-11-11", "SUCCESS", "WITHDRAW", "69817ba0-56f2-4bc9-aa32-14c257e6d372");INSERT INTO money_transfer (id, amount, date, status, type, wallet_id) VALUES ("b35b2979-364c-4ae5-8664-e17e33a0ae89", 313000, "2021-05-28", "SUCCESS", "WITHDRAW", "69817ba0-56f2-4bc9-aa32-14c257e6d372");INSERT INTO money_transfer (id, amount, date, status, type, wallet_id) VALUES ("b0d12fbe-e1c3-46a0-99b4-768f53ea8709", 484000, "2021-10-02", "SUCCESS", "WITHDRAW", "69817ba0-56f2-4bc9-aa32-14c257e6d372");INSERT INTO money_transfer (id, amount, date, status, type, wallet_id) VALUES ("54fa30fd-aef3-4192-a67e-94adc0ca7847", 85000, "2021-06-09", "SUCCESS", "WITHDRAW", "69817ba0-56f2-4bc9-aa32-14c257e6d372");INSERT INTO money_transfer (id, amount, date, status, type, wallet_id) VALUES ("b2f79ab4-33f2-4c8c-9470-7229f6af4fb4", 246000, "2021-01-17", "SUCCESS", "WITHDRAW", "07178f51-b4b2-4ed9-a6c7-61c5dc40a969");INSERT INTO money_transfer (id, amount, date, status, type, wallet_id) VALUES ("79518c97-681c-4051-bf68-6fdc47ac44fe", 199000, "2021-09-17", "SUCCESS", "WITHDRAW", "07178f51-b4b2-4ed9-a6c7-61c5dc40a969");INSERT INTO money_transfer (id, amount, date, status, type, wallet_id) VALUES ("c46289de-0d48-4be7-a69f-2c0d40de5271", 157000, "2022-12-08", "SUCCESS", "WITHDRAW", "07178f51-b4b2-4ed9-a6c7-61c5dc40a969");INSERT INTO money_transfer (id, amount, date, status, type, wallet_id) VALUES ("25a325a4-11c3-4a99-ac57-0d5f9acd604f", 238000, "2021-03-18", "SUCCESS", "WITHDRAW", "cb1e234e-80f9-4e5e-9056-c2920889a1f7");INSERT INTO money_transfer (id, amount, date, status, type, wallet_id) VALUES ("7dcbc008-874b-4a3b-8182-9d99df4b74e1", 411000, "2021-10-08", "SUCCESS", "WITHDRAW", "cb1e234e-80f9-4e5e-9056-c2920889a1f7");INSERT INTO money_transfer (id, amount, date, status, type, wallet_id) VALUES ("6128620a-76f0-4a14-a130-2cda53a45b66", 190000, "2021-03-05", "CANCELLED", "WITHDRAW", "665ff340-4d85-40bd-a609-562df974a585");INSERT INTO money_transfer (id, amount, date, status, type, wallet_id) VALUES ("582b1e1d-b102-481a-bfff-0fe08c9f87bb", 453000, "2022-03-26", "SUCCESS", "WITHDRAW", "665ff340-4d85-40bd-a609-562df974a585");INSERT INTO money_transfer (id, amount, date, status, type, wallet_id) VALUES ("fbed09bf-a5b9-4c11-a42b-9e58a1db835a", 433000, "2021-07-14", "CANCELLED", "WITHDRAW", "665ff340-4d85-40bd-a609-562df974a585");INSERT INTO money_transfer (id, amount, date, status, type, wallet_id) VALUES ("2a3547b7-6ecd-44a0-a639-2eb43d4efd09", 159000, "2022-02-02", "SUCCESS", "WITHDRAW", "78ee22f5-97bd-4192-a246-c9811b404327");INSERT INTO money_transfer (id, amount, date, status, type, wallet_id) VALUES ("21c99240-87a8-480e-92ec-2f7d35c5fa28", 344000, "2021-10-08", "SUCCESS", "WITHDRAW", "78ee22f5-97bd-4192-a246-c9811b404327");INSERT INTO money_transfer (id, amount, date, status, type, wallet_id) VALUES ("d2e333d7-ce08-420d-b446-f060e290ab8e", 154000, "2021-08-31", "SUCCESS", "WITHDRAW", "78ee22f5-97bd-4192-a246-c9811b404327");INSERT INTO money_transfer (id, amount, date, status, type, wallet_id) VALUES ("0410cd57-c6d8-46d7-b515-4daf170c0cbb", 124000, "2021-04-11", "SUCCESS", "WITHDRAW", "78ee22f5-97bd-4192-a246-c9811b404327");

INSERT INTO bill (id, value, date, status, rent_contract_id) VALUES ("0b4ceb72-a10e-4941-a34a-bd251ea04b19", 12582000, "2020-12-15", "PAID", "5fe3ff3c-152c-4a72-bef5-1ddfa1ce0c53");INSERT INTO bill (id, value, date, status, rent_contract_id) VALUES ("19dec9aa-8b3d-4286-8830-875a2096cd0c", 19937000, "2021-11-25", "UNPAID", "5fe3ff3c-152c-4a72-bef5-1ddfa1ce0c53");INSERT INTO bill (id, value, date, status, rent_contract_id) VALUES ("d0b9047c-2c3e-4f06-88f2-68c5619f6dfc", 11753000, "2022-01-10", "PAID", "3b6bf3a7-17e8-4c32-9e58-3ef744668a6a");INSERT INTO bill (id, value, date, status, rent_contract_id) VALUES ("48c0d155-d886-4ead-a021-0968d9a0dbe9", 7966000, "2021-04-11", "PAID", "fc1c5958-1c61-4b21-aa51-949847ff8f80");INSERT INTO bill (id, value, date, status, rent_contract_id) VALUES ("f2753709-9b2f-4c9d-89c2-1f4d18fd0853", 13430000, "2021-11-21", "UNPAID", "fc1c5958-1c61-4b21-aa51-949847ff8f80");INSERT INTO bill (id, value, date, status, rent_contract_id) VALUES ("62e94d29-27c6-4370-b8ed-4c765c4b57d4", 9699000, "2021-04-10", "PAID", "260937c5-f15c-4ce5-83c4-e3ab72a59eca");INSERT INTO bill (id, value, date, status, rent_contract_id) VALUES ("7ceb5dd5-02b5-493f-bf81-bc3d6893b322", 6932000, "2021-06-02", "UNPAID", "d4a4e81c-9861-4283-96ed-9dd18d68d17d");INSERT INTO bill (id, value, date, status, rent_contract_id) VALUES ("df3a95f5-b6d3-45aa-ab95-f7fe233c18e5", 15715000, "2022-06-13", "UNPAID", "d4a4e81c-9861-4283-96ed-9dd18d68d17d");INSERT INTO bill (id, value, date, status, rent_contract_id) VALUES ("7efc55c0-b821-413d-af81-1ceed558ddf5", 4144000, "2020-12-04", "UNPAID", "d4a4e81c-9861-4283-96ed-9dd18d68d17d");INSERT INTO bill (id, value, date, status, rent_contract_id) VALUES ("bd5b71c0-75de-4d70-8ffb-8b429c399469", 13798000, "2020-12-06", "UNPAID", "d4a4e81c-9861-4283-96ed-9dd18d68d17d");INSERT INTO bill (id, value, date, status, rent_contract_id) VALUES ("35f7fce1-f76c-4771-bf9c-228cdc2700d1", 7021000, "2021-04-15", "PAID", "d4a4e81c-9861-4283-96ed-9dd18d68d17d");INSERT INTO bill (id, value, date, status, rent_contract_id) VALUES ("cd50161f-5d30-4727-ab3f-438859202fa2", 2363000, "2021-06-12", "PAID", "268895d5-abb3-4b1e-95f3-2c9f6f43cbfd");INSERT INTO bill (id, value, date, status, rent_contract_id) VALUES ("f4b91c3d-a911-4f36-9fd5-561045011a77", 14886000, "2021-10-25", "PAID", "268895d5-abb3-4b1e-95f3-2c9f6f43cbfd");INSERT INTO bill (id, value, date, status, rent_contract_id) VALUES ("cb3c9d16-ce40-4683-a93c-44a17c8d7996", 16093000, "2021-06-01", "PAID", "e3bcc001-6f73-4121-b717-3613c5dd7b23");INSERT INTO bill (id, value, date, status, rent_contract_id) VALUES ("9839ce61-2e60-4c08-861f-3f442a31c97b", 5790000, "2022-01-22", "UNPAID", "e3bcc001-6f73-4121-b717-3613c5dd7b23");INSERT INTO bill (id, value, date, status, rent_contract_id) VALUES ("868c0585-ea59-4593-92c1-4e4224b06eb7", 8343000, "2021-05-18", "PAID", "e3bcc001-6f73-4121-b717-3613c5dd7b23");INSERT INTO bill (id, value, date, status, rent_contract_id) VALUES ("2fa6c618-8d6f-4073-a201-8089d86879a9", 15761000, "2022-04-01", "PAID", "879db2ce-e667-411c-8720-612bc0ba92cd");INSERT INTO bill (id, value, date, status, rent_contract_id) VALUES ("f1b9d9eb-da6b-4fde-8e4a-4ea42b0fb607", 14343000, "2022-12-21", "PAID", "879db2ce-e667-411c-8720-612bc0ba92cd");INSERT INTO bill (id, value, date, status, rent_contract_id) VALUES ("218de15b-69f2-4c90-bdad-9cb263b27552", 14186000, "2022-11-30", "PAID", "879db2ce-e667-411c-8720-612bc0ba92cd");INSERT INTO bill (id, value, date, status, rent_contract_id) VALUES ("53c2f00b-f8f3-4a90-9854-126dc58a630b", 13747000, "2021-08-25", "PAID", "e9827dea-7074-421c-82ee-e1a7ccc3a4d7");INSERT INTO bill (id, value, date, status, rent_contract_id) VALUES ("0c16a387-6f6f-4003-b3ba-c05f6e10497a", 19933000, "2022-06-05", "PAID", "e9827dea-7074-421c-82ee-e1a7ccc3a4d7");INSERT INTO bill (id, value, date, status, rent_contract_id) VALUES ("82b433f3-d566-4d68-ae3d-faa60fa4de1c", 12857000, "2022-09-20", "PAID", "e9827dea-7074-421c-82ee-e1a7ccc3a4d7");INSERT INTO bill (id, value, date, status, rent_contract_id) VALUES ("059ee73a-a169-4a4b-98f1-5c88f0de5f96", 11733000, "2022-08-01", "UNPAID", "3975b663-d969-4580-9d99-0f6170124307");INSERT INTO bill (id, value, date, status, rent_contract_id) VALUES ("84a7467c-dccf-43dd-aae8-c344f14986de", 3297000, "2021-04-28", "UNPAID", "3975b663-d969-4580-9d99-0f6170124307");INSERT INTO bill (id, value, date, status, rent_contract_id) VALUES ("d7f25f02-649d-4319-a741-eefa16ea3faa", 5981000, "2022-12-19", "PAID", "3975b663-d969-4580-9d99-0f6170124307");INSERT INTO bill (id, value, date, status, rent_contract_id) VALUES ("8a51bd72-77ee-4879-a594-4e3d41ff8767", 6901000, "2022-11-09", "PAID", "fa05ef18-2ded-48d1-8148-5c9e4a620cdc");INSERT INTO bill (id, value, date, status, rent_contract_id) VALUES ("168ebd45-6f7f-47f7-9605-f7078ce489f9", 18129000, "2022-03-16", "PAID", "fa05ef18-2ded-48d1-8148-5c9e4a620cdc");INSERT INTO bill (id, value, date, status, rent_contract_id) VALUES ("34110c36-0526-497d-baab-7ea6a02fb5ce", 13185000, "2022-03-08", "PAID", "fa05ef18-2ded-48d1-8148-5c9e4a620cdc");INSERT INTO bill (id, value, date, status, rent_contract_id) VALUES ("5ba875f8-46d0-47b3-9403-e008b830cde7", 10040000, "2021-12-05", "PAID", "fa05ef18-2ded-48d1-8148-5c9e4a620cdc");

INSERT INTO bill_item (id, quantity, value, bill_id, service_id) VALUES ("b42ad4d4-5ca2-483c-9f46-c31bd1f46372", 4, 265000, "0b4ceb72-a10e-4941-a34a-bd251ea04b19", "703799f6-90c0-4c43-a397-16f4b552db07");INSERT INTO bill_item (id, quantity, value, bill_id, service_id) VALUES ("33c33cc1-2583-466c-9b20-1a789765cb6d", 4, 134000, "0b4ceb72-a10e-4941-a34a-bd251ea04b19", "c54de98e-3019-4298-a680-98fef04e5102");INSERT INTO bill_item (id, quantity, value, bill_id, service_id) VALUES ("7392cd59-6934-479e-9f4b-0240b2c0e24e", 2, 201000, "0b4ceb72-a10e-4941-a34a-bd251ea04b19", "703799f6-90c0-4c43-a397-16f4b552db07");INSERT INTO bill_item (id, quantity, value, bill_id, service_id) VALUES ("af905ea8-0766-4482-bda2-ca1a19658148", 1, 480000, "19dec9aa-8b3d-4286-8830-875a2096cd0c", "50c673cc-cbf0-4caa-99a2-12b300f3cf08");INSERT INTO bill_item (id, quantity, value, bill_id, service_id) VALUES ("d66f4dda-ed20-4a2e-b9d0-ccf17305e7db", 3, 391000, "19dec9aa-8b3d-4286-8830-875a2096cd0c", "94fadd01-044a-4980-8992-be9985ee9808");INSERT INTO bill_item (id, quantity, value, bill_id, service_id) VALUES ("c62b3cc8-febb-4d4b-b41c-f222f95dbf1c", 2, 441000, "19dec9aa-8b3d-4286-8830-875a2096cd0c", "50c673cc-cbf0-4caa-99a2-12b300f3cf08");INSERT INTO bill_item (id, quantity, value, bill_id, service_id) VALUES ("aa86d057-456c-4d49-94a1-43b876b148c4", 3, 383000, "19dec9aa-8b3d-4286-8830-875a2096cd0c", "4af3e4a5-4d63-4679-9673-90553485ef9f");INSERT INTO bill_item (id, quantity, value, bill_id, service_id) VALUES ("28e87595-b241-4f05-8e48-4e40a2c387c8", 3, 176000, "19dec9aa-8b3d-4286-8830-875a2096cd0c", "703799f6-90c0-4c43-a397-16f4b552db07");INSERT INTO bill_item (id, quantity, value, bill_id, service_id) VALUES ("287c679a-c2f1-4db3-ac21-eb2fe8fe33b9", 1, 222000, "d0b9047c-2c3e-4f06-88f2-68c5619f6dfc", "5550bc47-4661-4406-b710-d94378e67fa9");INSERT INTO bill_item (id, quantity, value, bill_id, service_id) VALUES ("0f479c8f-b678-48a8-ad47-941a63c81bb4", 3, 477000, "d0b9047c-2c3e-4f06-88f2-68c5619f6dfc", "4af3e4a5-4d63-4679-9673-90553485ef9f");INSERT INTO bill_item (id, quantity, value, bill_id, service_id) VALUES ("70860c7e-0c01-48a7-8102-aeb47344c330", 4, 213000, "d0b9047c-2c3e-4f06-88f2-68c5619f6dfc", "1663eb7d-06bc-4f63-b2b9-266ac83b0edf");INSERT INTO bill_item (id, quantity, value, bill_id, service_id) VALUES ("e783bcd0-d52a-4a46-bed0-5b276535de77", 4, 75000, "d0b9047c-2c3e-4f06-88f2-68c5619f6dfc", "94fadd01-044a-4980-8992-be9985ee9808");INSERT INTO bill_item (id, quantity, value, bill_id, service_id) VALUES ("a605083f-819f-49c0-a511-f01466d11c22", 2, 54000, "48c0d155-d886-4ead-a021-0968d9a0dbe9", "703799f6-90c0-4c43-a397-16f4b552db07");INSERT INTO bill_item (id, quantity, value, bill_id, service_id) VALUES ("795c29c9-1ea4-4400-9a11-5e3bed59cce2", 2, 424000, "48c0d155-d886-4ead-a021-0968d9a0dbe9", "50c673cc-cbf0-4caa-99a2-12b300f3cf08");INSERT INTO bill_item (id, quantity, value, bill_id, service_id) VALUES ("4e75fb72-5662-4bb3-8a02-c116b4e3a247", 1, 300000, "f2753709-9b2f-4c9d-89c2-1f4d18fd0853", "703799f6-90c0-4c43-a397-16f4b552db07");INSERT INTO bill_item (id, quantity, value, bill_id, service_id) VALUES ("2f735961-d2dd-4d72-9837-803b893348b3", 3, 308000, "62e94d29-27c6-4370-b8ed-4c765c4b57d4", "c54de98e-3019-4298-a680-98fef04e5102");INSERT INTO bill_item (id, quantity, value, bill_id, service_id) VALUES ("b9d03389-f72a-4715-8433-e22530272167", 2, 394000, "62e94d29-27c6-4370-b8ed-4c765c4b57d4", "5550bc47-4661-4406-b710-d94378e67fa9");INSERT INTO bill_item (id, quantity, value, bill_id, service_id) VALUES ("140514db-9c66-4fac-9853-a9e32c4e4f36", 1, 366000, "7ceb5dd5-02b5-493f-bf81-bc3d6893b322", "94fadd01-044a-4980-8992-be9985ee9808");INSERT INTO bill_item (id, quantity, value, bill_id, service_id) VALUES ("6040f01d-3be8-4882-83c8-760b836c788f", 4, 489000, "7ceb5dd5-02b5-493f-bf81-bc3d6893b322", "c54de98e-3019-4298-a680-98fef04e5102");INSERT INTO bill_item (id, quantity, value, bill_id, service_id) VALUES ("aa9530a3-646b-41f8-8ab3-638b2049d493", 1, 431000, "7ceb5dd5-02b5-493f-bf81-bc3d6893b322", "50c673cc-cbf0-4caa-99a2-12b300f3cf08");INSERT INTO bill_item (id, quantity, value, bill_id, service_id) VALUES ("327f039c-4073-42b7-960d-f5fa1aa4ee22", 4, 71000, "7ceb5dd5-02b5-493f-bf81-bc3d6893b322", "50c673cc-cbf0-4caa-99a2-12b300f3cf08");INSERT INTO bill_item (id, quantity, value, bill_id, service_id) VALUES ("d684469f-f579-46f0-bb39-834ef44ed57c", 3, 439000, "7ceb5dd5-02b5-493f-bf81-bc3d6893b322", "75bfae93-8ef2-476d-9636-2b4fa624dbaf");INSERT INTO bill_item (id, quantity, value, bill_id, service_id) VALUES ("4299718e-aeae-4276-bd8d-740a0a1509a6", 1, 396000, "df3a95f5-b6d3-45aa-ab95-f7fe233c18e5", "50c673cc-cbf0-4caa-99a2-12b300f3cf08");INSERT INTO bill_item (id, quantity, value, bill_id, service_id) VALUES ("ed1f9212-bf83-49a0-b796-302d238aba55", 4, 257000, "df3a95f5-b6d3-45aa-ab95-f7fe233c18e5", "b199e273-6a8e-4f53-aecc-7b156e528a00");INSERT INTO bill_item (id, quantity, value, bill_id, service_id) VALUES ("f42959ea-e4cf-447f-98a0-d4dd3a6c998b", 3, 224000, "df3a95f5-b6d3-45aa-ab95-f7fe233c18e5", "75bfae93-8ef2-476d-9636-2b4fa624dbaf");INSERT INTO bill_item (id, quantity, value, bill_id, service_id) VALUES ("945224d9-89d3-46d9-8bbb-1d363a88eafa", 3, 188000, "df3a95f5-b6d3-45aa-ab95-f7fe233c18e5", "b199e273-6a8e-4f53-aecc-7b156e528a00");INSERT INTO bill_item (id, quantity, value, bill_id, service_id) VALUES ("59a59018-cbc6-4b99-9afa-ec8713a6a324", 2, 166000, "7efc55c0-b821-413d-af81-1ceed558ddf5", "75bfae93-8ef2-476d-9636-2b4fa624dbaf");INSERT INTO bill_item (id, quantity, value, bill_id, service_id) VALUES ("17362d7e-d306-4d97-9a7f-27f5b520314f", 4, 446000, "7efc55c0-b821-413d-af81-1ceed558ddf5", "4af3e4a5-4d63-4679-9673-90553485ef9f");INSERT INTO bill_item (id, quantity, value, bill_id, service_id) VALUES ("05db0516-94fd-476e-bd40-844d9420c536", 4, 270000, "bd5b71c0-75de-4d70-8ffb-8b429c399469", "50c673cc-cbf0-4caa-99a2-12b300f3cf08");INSERT INTO bill_item (id, quantity, value, bill_id, service_id) VALUES ("47b7c3bc-913a-4414-a9b7-bc6f311a8b14", 4, 314000, "bd5b71c0-75de-4d70-8ffb-8b429c399469", "50c673cc-cbf0-4caa-99a2-12b300f3cf08");INSERT INTO bill_item (id, quantity, value, bill_id, service_id) VALUES ("472aa43e-a324-4f4c-b731-7d739d5d608b", 1, 231000, "bd5b71c0-75de-4d70-8ffb-8b429c399469", "4af3e4a5-4d63-4679-9673-90553485ef9f");INSERT INTO bill_item (id, quantity, value, bill_id, service_id) VALUES ("e46b1152-929d-45af-9cb2-a95788ca4f30", 3, 373000, "bd5b71c0-75de-4d70-8ffb-8b429c399469", "50c673cc-cbf0-4caa-99a2-12b300f3cf08");INSERT INTO bill_item (id, quantity, value, bill_id, service_id) VALUES ("b6ec5664-b17f-4004-975a-47c11ae8487b", 3, 392000, "35f7fce1-f76c-4771-bf9c-228cdc2700d1", "4af3e4a5-4d63-4679-9673-90553485ef9f");INSERT INTO bill_item (id, quantity, value, bill_id, service_id) VALUES ("85896f42-9744-4d37-b19d-e73edfd84df2", 4, 148000, "cd50161f-5d30-4727-ab3f-438859202fa2", "94fadd01-044a-4980-8992-be9985ee9808");INSERT INTO bill_item (id, quantity, value, bill_id, service_id) VALUES ("5a9b7d8e-c244-4b1a-abed-79f91ef6e05f", 3, 408000, "f4b91c3d-a911-4f36-9fd5-561045011a77", "b199e273-6a8e-4f53-aecc-7b156e528a00");INSERT INTO bill_item (id, quantity, value, bill_id, service_id) VALUES ("98efe4ed-8561-4d64-a061-8ea53399282b", 3, 419000, "f4b91c3d-a911-4f36-9fd5-561045011a77", "75bfae93-8ef2-476d-9636-2b4fa624dbaf");INSERT INTO bill_item (id, quantity, value, bill_id, service_id) VALUES ("da739a8a-5685-482f-bb13-2b9a1830e1fd", 3, 215000, "f4b91c3d-a911-4f36-9fd5-561045011a77", "c54de98e-3019-4298-a680-98fef04e5102");INSERT INTO bill_item (id, quantity, value, bill_id, service_id) VALUES ("81c6a43c-97c0-4e9c-84e4-351d50610103", 1, 311000, "f4b91c3d-a911-4f36-9fd5-561045011a77", "5550bc47-4661-4406-b710-d94378e67fa9");INSERT INTO bill_item (id, quantity, value, bill_id, service_id) VALUES ("d2a34583-a983-42d9-9411-80c1d6d2ce29", 1, 235000, "cb3c9d16-ce40-4683-a93c-44a17c8d7996", "94fadd01-044a-4980-8992-be9985ee9808");INSERT INTO bill_item (id, quantity, value, bill_id, service_id) VALUES ("c62e93d8-038c-44fb-94bd-f1bb18e9f853", 2, 304000, "cb3c9d16-ce40-4683-a93c-44a17c8d7996", "50c673cc-cbf0-4caa-99a2-12b300f3cf08");INSERT INTO bill_item (id, quantity, value, bill_id, service_id) VALUES ("c136f0fc-f30a-43b9-af25-a39058c676cf", 4, 332000, "cb3c9d16-ce40-4683-a93c-44a17c8d7996", "c54de98e-3019-4298-a680-98fef04e5102");INSERT INTO bill_item (id, quantity, value, bill_id, service_id) VALUES ("cfa097b2-cccd-4667-bcd5-c3a483b10606", 1, 321000, "cb3c9d16-ce40-4683-a93c-44a17c8d7996", "50c673cc-cbf0-4caa-99a2-12b300f3cf08");INSERT INTO bill_item (id, quantity, value, bill_id, service_id) VALUES ("e457b097-4151-42fd-b80d-dd3f8d2ed240", 3, 479000, "9839ce61-2e60-4c08-861f-3f442a31c97b", "4af3e4a5-4d63-4679-9673-90553485ef9f");INSERT INTO bill_item (id, quantity, value, bill_id, service_id) VALUES ("ae0ba977-953f-4e91-afc8-74d81c1c7c7a", 2, 346000, "9839ce61-2e60-4c08-861f-3f442a31c97b", "4af3e4a5-4d63-4679-9673-90553485ef9f");INSERT INTO bill_item (id, quantity, value, bill_id, service_id) VALUES ("d09b8e08-79df-49b2-85b0-6967b67bb89a", 4, 421000, "9839ce61-2e60-4c08-861f-3f442a31c97b", "c54de98e-3019-4298-a680-98fef04e5102");INSERT INTO bill_item (id, quantity, value, bill_id, service_id) VALUES ("38a29608-b3b5-4473-8d71-329681cd8857", 3, 372000, "868c0585-ea59-4593-92c1-4e4224b06eb7", "703799f6-90c0-4c43-a397-16f4b552db07");INSERT INTO bill_item (id, quantity, value, bill_id, service_id) VALUES ("8c070666-5d74-4cac-aea0-3e4f65b67f44", 1, 484000, "2fa6c618-8d6f-4073-a201-8089d86879a9", "703799f6-90c0-4c43-a397-16f4b552db07");INSERT INTO bill_item (id, quantity, value, bill_id, service_id) VALUES ("33424820-8d73-44cf-aa3a-aa0d8a778619", 3, 499000, "2fa6c618-8d6f-4073-a201-8089d86879a9", "703799f6-90c0-4c43-a397-16f4b552db07");INSERT INTO bill_item (id, quantity, value, bill_id, service_id) VALUES ("7e83c334-4114-4c1e-940c-904b1c6133cb", 3, 330000, "2fa6c618-8d6f-4073-a201-8089d86879a9", "703799f6-90c0-4c43-a397-16f4b552db07");INSERT INTO bill_item (id, quantity, value, bill_id, service_id) VALUES ("033f2805-98f6-4303-998c-9f8a290aa703", 1, 487000, "2fa6c618-8d6f-4073-a201-8089d86879a9", "703799f6-90c0-4c43-a397-16f4b552db07");INSERT INTO bill_item (id, quantity, value, bill_id, service_id) VALUES ("3e27e4d8-bbc5-490d-98df-b74e3c2c672f", 1, 335000, "f1b9d9eb-da6b-4fde-8e4a-4ea42b0fb607", "703799f6-90c0-4c43-a397-16f4b552db07");INSERT INTO bill_item (id, quantity, value, bill_id, service_id) VALUES ("e4faaf7c-a0cc-48b6-8fcb-aec86bb30b2b", 3, 257000, "f1b9d9eb-da6b-4fde-8e4a-4ea42b0fb607", "c54de98e-3019-4298-a680-98fef04e5102");INSERT INTO bill_item (id, quantity, value, bill_id, service_id) VALUES ("7ff234a5-a928-4f76-9abd-fcb027feefe9", 4, 456000, "f1b9d9eb-da6b-4fde-8e4a-4ea42b0fb607", "703799f6-90c0-4c43-a397-16f4b552db07");INSERT INTO bill_item (id, quantity, value, bill_id, service_id) VALUES ("ce5319b9-ddc8-4406-ad35-a081be67d2d1", 2, 246000, "218de15b-69f2-4c90-bdad-9cb263b27552", "1663eb7d-06bc-4f63-b2b9-266ac83b0edf");INSERT INTO bill_item (id, quantity, value, bill_id, service_id) VALUES ("caa268d4-6006-41d0-ad2a-b855b91d08b6", 4, 443000, "218de15b-69f2-4c90-bdad-9cb263b27552", "94fadd01-044a-4980-8992-be9985ee9808");INSERT INTO bill_item (id, quantity, value, bill_id, service_id) VALUES ("b3bb1470-82d5-4cfe-85a4-9f7ba42173f8", 2, 187000, "218de15b-69f2-4c90-bdad-9cb263b27552", "5550bc47-4661-4406-b710-d94378e67fa9");INSERT INTO bill_item (id, quantity, value, bill_id, service_id) VALUES ("80358547-56e5-444f-96e1-6e15fd7b0253", 3, 456000, "218de15b-69f2-4c90-bdad-9cb263b27552", "1663eb7d-06bc-4f63-b2b9-266ac83b0edf");INSERT INTO bill_item (id, quantity, value, bill_id, service_id) VALUES ("f4cca915-2a7c-4289-8d33-2db22884697a", 1, 386000, "53c2f00b-f8f3-4a90-9854-126dc58a630b", "b199e273-6a8e-4f53-aecc-7b156e528a00");INSERT INTO bill_item (id, quantity, value, bill_id, service_id) VALUES ("53cc04ed-d047-43dd-b0e3-6c8771b8e127", 4, 159000, "53c2f00b-f8f3-4a90-9854-126dc58a630b", "703799f6-90c0-4c43-a397-16f4b552db07");INSERT INTO bill_item (id, quantity, value, bill_id, service_id) VALUES ("e3586ded-147d-4b2b-8ef9-3f321dbfef93", 3, 57000, "53c2f00b-f8f3-4a90-9854-126dc58a630b", "b199e273-6a8e-4f53-aecc-7b156e528a00");INSERT INTO bill_item (id, quantity, value, bill_id, service_id) VALUES ("e95b965e-5cc6-4195-800b-f3b1e27e2121", 2, 218000, "53c2f00b-f8f3-4a90-9854-126dc58a630b", "5550bc47-4661-4406-b710-d94378e67fa9");INSERT INTO bill_item (id, quantity, value, bill_id, service_id) VALUES ("da113f58-dbbe-4c10-9516-958e19b810a3", 3, 498000, "0c16a387-6f6f-4003-b3ba-c05f6e10497a", "75bfae93-8ef2-476d-9636-2b4fa624dbaf");INSERT INTO bill_item (id, quantity, value, bill_id, service_id) VALUES ("76e8023f-ce26-44c1-b736-ed1d35abc9dc", 1, 274000, "0c16a387-6f6f-4003-b3ba-c05f6e10497a", "94fadd01-044a-4980-8992-be9985ee9808");INSERT INTO bill_item (id, quantity, value, bill_id, service_id) VALUES ("f30886e2-c159-490b-a9fc-2a208a48cb4e", 3, 103000, "0c16a387-6f6f-4003-b3ba-c05f6e10497a", "c54de98e-3019-4298-a680-98fef04e5102");INSERT INTO bill_item (id, quantity, value, bill_id, service_id) VALUES ("ed6ed1b4-2042-4191-b251-4078e29dd229", 3, 362000, "0c16a387-6f6f-4003-b3ba-c05f6e10497a", "75bfae93-8ef2-476d-9636-2b4fa624dbaf");INSERT INTO bill_item (id, quantity, value, bill_id, service_id) VALUES ("d5e50eaa-366a-4a9d-8601-d14f2ef56cd4", 2, 258000, "82b433f3-d566-4d68-ae3d-faa60fa4de1c", "4af3e4a5-4d63-4679-9673-90553485ef9f");INSERT INTO bill_item (id, quantity, value, bill_id, service_id) VALUES ("1575429f-f132-4ca7-9689-73e9c65c38f0", 2, 494000, "059ee73a-a169-4a4b-98f1-5c88f0de5f96", "1663eb7d-06bc-4f63-b2b9-266ac83b0edf");INSERT INTO bill_item (id, quantity, value, bill_id, service_id) VALUES ("314854a7-b025-4828-b8de-ba4bc55880aa", 3, 129000, "059ee73a-a169-4a4b-98f1-5c88f0de5f96", "94fadd01-044a-4980-8992-be9985ee9808");INSERT INTO bill_item (id, quantity, value, bill_id, service_id) VALUES ("714d9092-7460-4454-a77f-17090a84cba9", 1, 72000, "059ee73a-a169-4a4b-98f1-5c88f0de5f96", "b199e273-6a8e-4f53-aecc-7b156e528a00");INSERT INTO bill_item (id, quantity, value, bill_id, service_id) VALUES ("e6f1174e-3aaa-4ee8-b1e4-4ce394c4e6d2", 1, 459000, "059ee73a-a169-4a4b-98f1-5c88f0de5f96", "703799f6-90c0-4c43-a397-16f4b552db07");INSERT INTO bill_item (id, quantity, value, bill_id, service_id) VALUES ("05a6438e-e3e5-47c2-b0d1-81ca0ca3878b", 4, 344000, "059ee73a-a169-4a4b-98f1-5c88f0de5f96", "75bfae93-8ef2-476d-9636-2b4fa624dbaf");INSERT INTO bill_item (id, quantity, value, bill_id, service_id) VALUES ("7df4ab68-4d9b-4670-8970-cab5159ecb7b", 2, 303000, "84a7467c-dccf-43dd-aae8-c344f14986de", "50c673cc-cbf0-4caa-99a2-12b300f3cf08");INSERT INTO bill_item (id, quantity, value, bill_id, service_id) VALUES ("00e0a841-1b21-4c0c-a745-4a47ea950b97", 4, 285000, "d7f25f02-649d-4319-a741-eefa16ea3faa", "75bfae93-8ef2-476d-9636-2b4fa624dbaf");INSERT INTO bill_item (id, quantity, value, bill_id, service_id) VALUES ("66567ea1-14c4-4a1f-879c-9f7a2b1404a9", 2, 234000, "8a51bd72-77ee-4879-a594-4e3d41ff8767", "b199e273-6a8e-4f53-aecc-7b156e528a00");INSERT INTO bill_item (id, quantity, value, bill_id, service_id) VALUES ("28b8cd71-0f0c-4af9-b776-a1121afc5d06", 4, 389000, "8a51bd72-77ee-4879-a594-4e3d41ff8767", "75bfae93-8ef2-476d-9636-2b4fa624dbaf");INSERT INTO bill_item (id, quantity, value, bill_id, service_id) VALUES ("f5e83cc1-f6cd-49a7-b6fb-76aed932fa0f", 2, 375000, "8a51bd72-77ee-4879-a594-4e3d41ff8767", "50c673cc-cbf0-4caa-99a2-12b300f3cf08");INSERT INTO bill_item (id, quantity, value, bill_id, service_id) VALUES ("9d46537f-bd6a-474d-9b27-697674b56f76", 1, 388000, "8a51bd72-77ee-4879-a594-4e3d41ff8767", "703799f6-90c0-4c43-a397-16f4b552db07");INSERT INTO bill_item (id, quantity, value, bill_id, service_id) VALUES ("d4c1408b-b952-4fcf-b57e-d325868df422", 2, 85000, "8a51bd72-77ee-4879-a594-4e3d41ff8767", "c54de98e-3019-4298-a680-98fef04e5102");INSERT INTO bill_item (id, quantity, value, bill_id, service_id) VALUES ("d05d5c11-466f-4070-b4a4-48ed265ac66d", 1, 326000, "168ebd45-6f7f-47f7-9605-f7078ce489f9", "1663eb7d-06bc-4f63-b2b9-266ac83b0edf");INSERT INTO bill_item (id, quantity, value, bill_id, service_id) VALUES ("35a4ef88-5489-405b-8f51-37163a3e007d", 1, 327000, "168ebd45-6f7f-47f7-9605-f7078ce489f9", "4af3e4a5-4d63-4679-9673-90553485ef9f");INSERT INTO bill_item (id, quantity, value, bill_id, service_id) VALUES ("03be55fa-e360-47b1-b569-ec3424893c2c", 3, 89000, "168ebd45-6f7f-47f7-9605-f7078ce489f9", "703799f6-90c0-4c43-a397-16f4b552db07");INSERT INTO bill_item (id, quantity, value, bill_id, service_id) VALUES ("1f0e1e11-7e7b-45a4-8fd9-f81fae70d081", 1, 272000, "34110c36-0526-497d-baab-7ea6a02fb5ce", "b199e273-6a8e-4f53-aecc-7b156e528a00");INSERT INTO bill_item (id, quantity, value, bill_id, service_id) VALUES ("806311c3-5c30-45aa-8e15-b6a9aa1cbe7a", 1, 190000, "34110c36-0526-497d-baab-7ea6a02fb5ce", "75bfae93-8ef2-476d-9636-2b4fa624dbaf");INSERT INTO bill_item (id, quantity, value, bill_id, service_id) VALUES ("369ae578-9fac-47e5-ac23-d43a73aef6f9", 3, 260000, "5ba875f8-46d0-47b3-9403-e008b830cde7", "4af3e4a5-4d63-4679-9673-90553485ef9f");INSERT INTO bill_item (id, quantity, value, bill_id, service_id) VALUES ("9038d727-e650-43de-8cb6-c6b9e372e497", 3, 457000, "5ba875f8-46d0-47b3-9403-e008b830cde7", "5550bc47-4661-4406-b710-d94378e67fa9");

INSERT INTO device (id, token, customer_id) VALUES ("7a2b2e44-2f87-4d47-a040-b2bb0a046dc4", "Device 1", "a6f0cab8-a001-487e-a97e-2b0f11e9ac25");INSERT INTO device (id, token, customer_id) VALUES ("58a7d179-fe53-412a-8fb4-9c845b5e4f56", "Device 2", "a6f0cab8-a001-487e-a97e-2b0f11e9ac25");INSERT INTO device (id, token, customer_id) VALUES ("899fb7cc-5a26-4e21-b304-ea36504f2718", "Device 3", "e97d0c49-958b-44d8-9d4b-b6e7b01af577");INSERT INTO device (id, token, customer_id) VALUES ("88e94019-3e23-48d1-a91f-e7b17e7b7917", "Device 4", "e97d0c49-958b-44d8-9d4b-b6e7b01af577");INSERT INTO device (id, token, customer_id) VALUES ("7fe74e19-30e6-41c5-8286-3f2e9e04fbbc", "Device 5", "1e091b58-895f-4f0e-bb69-6cddfeb577c8");INSERT INTO device (id, token, customer_id) VALUES ("d59d1be6-5c2c-400b-9d83-fa73ffd86467", "Device 6", "8ce291c1-668d-4115-9290-655727ff0b99");INSERT INTO device (id, token, customer_id) VALUES ("2090488d-db93-4dd7-bd71-931b148f30b9", "Device 7", "d60f8a56-a11f-4528-a88a-ba21c6660682");INSERT INTO device (id, token, customer_id) VALUES ("769d7817-99b4-4769-8245-c29bf1bcc08c", "Device 8", "35e6670d-7a90-45da-bd98-da9a7770dcf3");INSERT INTO device (id, token, customer_id) VALUES ("88b1145a-60b5-40ad-b1d2-9a94685aaad2", "Device 9", "a7044d05-e410-45a3-a50b-4a25a03226aa");INSERT INTO device (id, token, customer_id) VALUES ("6e0a0c25-3d5b-4d2f-b151-4babdb90c937", "Device 10", "e999d150-2b91-4dec-85c2-b270ca866e16");INSERT INTO device (id, token, customer_id) VALUES ("ecb9b5d2-1196-494c-9373-c8f4caa24c4f", "Device 11", "e999d150-2b91-4dec-85c2-b270ca866e16");INSERT INTO device (id, token, customer_id) VALUES ("c2696fbe-26dd-4a3d-8708-d1cc3424e7a4", "Device 12", "4dd9cf4f-934d-4343-b607-3efc962e71a1");INSERT INTO device (id, token, customer_id) VALUES ("e28ae6aa-8fe2-4340-b3bf-9382f08ce485", "Device 13", "2959357f-9071-4c16-bbc2-e753a6e56930");INSERT INTO device (id, token, customer_id) VALUES ("3f19eb0b-82c8-4172-a7fe-456d0b0cb7f6", "Device 14", "284218e5-2cca-4ed5-9df7-ac3d0b9bf590");INSERT INTO device (id, token, customer_id) VALUES ("7f6ef722-a6f1-4b1c-9c6e-0244ae36034a", "Device 15", "cabdd7bb-0b84-4cd9-924a-08bc7c2c5246");INSERT INTO device (id, token, customer_id) VALUES ("99d4a2d3-0381-464e-8e0b-8ea7bafc5ad6", "Device 16", "cabdd7bb-0b84-4cd9-924a-08bc7c2c5246");INSERT INTO device (id, token, customer_id) VALUES ("dd72e28f-f907-4a64-b835-b491ed5156cd", "Device 17", "48547f1e-5b2f-44cc-90e5-67cd8f017332");INSERT INTO device (id, token, customer_id) VALUES ("12bc3dcd-f490-4227-88d2-f9992037bba9", "Device 18", "93bc31e7-ec2a-450c-bfa9-b132407d90e1");INSERT INTO device (id, token, customer_id) VALUES ("9121a8c9-97c7-45a0-98bf-c16cc5b51012", "Device 19", "93bc31e7-ec2a-450c-bfa9-b132407d90e1");INSERT INTO device (id, token, customer_id) VALUES ("6a436eba-d581-49ef-8b78-ae0f41d9336b", "Device 20", "0baef7cc-59e6-4ef6-b4e3-db703dbdab3e");