INSERT INTO admin (id, email, fullname, password, status, phone) VALUES ("98447eb6-71f6-490a-92a6-fc2a22102201", "admin1@gmail.com", "Admin 1", "$2a$12$xOXUkpChPTfs/WmRvNS3s.Wqz2Wn9GdWO1Ttiea.2pRhGmYvVI5UK", "INACTIVE", "0123456780");INSERT INTO admin (id, email, fullname, password, status, phone) VALUES ("d8fba699-2445-46d6-be67-d00d10eaec63", "admin2@gmail.com", "Admin 2", "$2a$12$xOXUkpChPTfs/WmRvNS3s.Wqz2Wn9GdWO1Ttiea.2pRhGmYvVI5UK", "INACTIVE", "0123456781");INSERT INTO admin (id, email, fullname, password, status, phone) VALUES ("583e70fe-ddf4-4e73-bcba-3b8ce4c3b4cc", "admin3@gmail.com", "Admin 3", "$2a$12$xOXUkpChPTfs/WmRvNS3s.Wqz2Wn9GdWO1Ttiea.2pRhGmYvVI5UK", "ACTIVE", "0123456782");INSERT INTO admin (id, email, fullname, password, status, phone) VALUES ("79f7ecce-fd03-422a-aa2f-147d5da6f6f0", "admin4@gmail.com", "Admin 4", "$2a$12$xOXUkpChPTfs/WmRvNS3s.Wqz2Wn9GdWO1Ttiea.2pRhGmYvVI5UK", "INACTIVE", "0123456783");INSERT INTO admin (id, email, fullname, password, status, phone) VALUES ("8595ea57-b1d3-42c1-a7b2-3c8e03e1166f", "admin5@gmail.com", "Admin 5", "$2a$12$xOXUkpChPTfs/WmRvNS3s.Wqz2Wn9GdWO1Ttiea.2pRhGmYvVI5UK", "ACTIVE", "0123456784");INSERT INTO admin (id, email, fullname, password, status, phone) VALUES ("4c4d1baf-f7e8-4b25-8a5f-6694b63183b4", "admin6@gmail.com", "Admin 6", "$2a$12$xOXUkpChPTfs/WmRvNS3s.Wqz2Wn9GdWO1Ttiea.2pRhGmYvVI5UK", "INACTIVE", "0123456785");INSERT INTO admin (id, email, fullname, password, status, phone) VALUES ("88ee9a5c-64b2-4d5f-bb61-fc8fc201e196", "admin7@gmail.com", "Admin 7", "$2a$12$xOXUkpChPTfs/WmRvNS3s.Wqz2Wn9GdWO1Ttiea.2pRhGmYvVI5UK", "ACTIVE", "0123456786");INSERT INTO admin (id, email, fullname, password, status, phone) VALUES ("48ce577e-85a3-4366-b0f1-ff1e60388139", "admin8@gmail.com", "Admin 8", "$2a$12$xOXUkpChPTfs/WmRvNS3s.Wqz2Wn9GdWO1Ttiea.2pRhGmYvVI5UK", "ACTIVE", "0123456787");INSERT INTO admin (id, email, fullname, password, status, phone) VALUES ("061324fc-db9e-4951-9910-533bb1531f53", "admin9@gmail.com", "Admin 9", "$2a$12$xOXUkpChPTfs/WmRvNS3s.Wqz2Wn9GdWO1Ttiea.2pRhGmYvVI5UK", "ACTIVE", "0123456788");INSERT INTO admin (id, email, fullname, password, status, phone) VALUES ("67e0634b-b6da-44e6-a539-314a43c25615", "admin10@gmail.com", "Admin 10", "$2a$12$xOXUkpChPTfs/WmRvNS3s.Wqz2Wn9GdWO1Ttiea.2pRhGmYvVI5UK", "ACTIVE", "0123456789");

INSERT INTO flat_type (id, description, name) VALUES ("f7f877f8-6710-439c-989c-e7772ba4fd32", "Description 0", "Flat type 0");INSERT INTO flat_type (id, description, name) VALUES ("ea4c9759-cb50-47a8-9829-4003936f1666", "Description 1", "Flat type 1");INSERT INTO flat_type (id, description, name) VALUES ("3559507b-b409-47b9-b534-4865fbbbe5f7", "Description 2", "Flat type 2");INSERT INTO flat_type (id, description, name) VALUES ("da3f436d-1be2-4724-a75c-9be9e88e532b", "Description 3", "Flat type 3");INSERT INTO flat_type (id, description, name) VALUES ("2401daaa-f3db-47b1-90c5-1e5d4d24ac93", "Description 4", "Flat type 4");INSERT INTO flat_type (id, description, name) VALUES ("ede15552-8df4-46d0-9857-664c147e9cce", "Description 5", "Flat type 5");INSERT INTO flat_type (id, description, name) VALUES ("9034eeaa-3647-4b5e-acb1-a26966bddb07", "Description 6", "Flat type 6");INSERT INTO flat_type (id, description, name) VALUES ("d63381dd-ad50-4b85-a9f8-8c0895423140", "Description 7", "Flat type 7");INSERT INTO flat_type (id, description, name) VALUES ("fc23c421-7b5c-43bf-8b7c-86e21dcec531", "Description 8", "Flat type 8");INSERT INTO flat_type (id, description, name) VALUES ("959e42d2-ed6f-4b06-af1e-a2513765e2e6", "Description 9", "Flat type 9");

INSERT INTO service (id, name, description, price, status) VALUES ("1c35669a-e7e4-4aeb-a4a4-2d47c19036ed", "Service 1", "Description 1", 1000000, "ACTIVE");INSERT INTO service (id, name, description, price, status) VALUES ("416a69ec-6a16-45a4-87c0-92b72750df7b", "Service 2", "Description 2", 2000000, "ACTIVE");INSERT INTO service (id, name, description, price, status) VALUES ("bace14fb-9fb7-4337-bd51-40b26bd182a5", "Service 3", "Description 3", 3000000, "ACTIVE");INSERT INTO service (id, name, description, price, status) VALUES ("1a4162ff-04e8-47f3-aa12-a25c38e004c8", "Service 4", "Description 4", 4000000, "ACTIVE");INSERT INTO service (id, name, description, price, status) VALUES ("f64910aa-9a5c-4d2a-92e9-ea23cb460750", "Service 5", "Description 5", 5000000, "ACTIVE");INSERT INTO service (id, name, description, price, status) VALUES ("aa405a48-6abd-4d82-adff-7673c06c4a53", "Service 6", "Description 6", 6000000, "ACTIVE");INSERT INTO service (id, name, description, price, status) VALUES ("8f2eeaa3-b56a-4468-a689-3e780dc2e6d8", "Service 7", "Description 7", 7000000, "ACTIVE");INSERT INTO service (id, name, description, price, status) VALUES ("b28bc160-7fb1-4741-9f02-9859561985a7", "Service 8", "Description 8", 8000000, "ACTIVE");INSERT INTO service (id, name, description, price, status) VALUES ("1dd3750d-c3f5-4035-bfb3-acad31f59341", "Service 9", "Description 9", 9000000, "ACTIVE");INSERT INTO service (id, name, description, price, status) VALUES ("b2b5c40d-c7f0-4d49-a438-b5025083e4b5", "Service 10", "Description 10", 10000000, "ACTIVE");

INSERT INTO customer (id, password, fullname, date_of_birth, gender, email, phone, address, citizen_id, date_join, status) VALUES ("1cd9b01e-829d-41ca-ab0a-bdd9f8df5a94", "$2a$12$xOXUkpChPTfs/WmRvNS3s.Wqz2Wn9GdWO1Ttiea.2pRhGmYvVI5UK", "Customer 11", "1999-02-04", "FEMALE", "customer11@gmail.com", "34239111", "85257 Renner Shore, Wizaland, AZ 09689-0528", "1228-1221-1221-1431", "2020-12-19", "ACTIVE");INSERT INTO customer (id, password, fullname, date_of_birth, gender, email, phone, address, citizen_id, date_join, status) VALUES ("86955170-c4ea-4e06-873f-5431e182fc64", "$2a$12$xOXUkpChPTfs/WmRvNS3s.Wqz2Wn9GdWO1Ttiea.2pRhGmYvVI5UK", "Customer 12", "1969-02-01", "FEMALE", "customer12@gmail.com", "34239112", "82647 Torphy Rapid, Howeshire, NC 77442-9707", "1234-2121-1221-1211", "2021-09-12", "ACTIVE");INSERT INTO customer (id, password, fullname, date_of_birth, gender, email, phone, address, citizen_id, date_join, status) VALUES ("56648e27-5fbe-40a3-a2b7-0e339b443f26", "$2a$12$xOXUkpChPTfs/WmRvNS3s.Wqz2Wn9GdWO1Ttiea.2pRhGmYvVI5UK", "Customer 13", "1959-06-04", "FEMALE", "customer13@gmail.com", "34239113", "3841 Dare Spring, East Jeraldfurt, NJ 10599-9809", "1234-2121-1221-1211", "2022-09-28", "ACTIVE");INSERT INTO customer (id, password, fullname, date_of_birth, gender, email, phone, address, citizen_id, date_join, status) VALUES ("18ca1b56-6351-4e6a-91d3-a6e198097dd0", "$2a$12$xOXUkpChPTfs/WmRvNS3s.Wqz2Wn9GdWO1Ttiea.2pRhGmYvVI5UK", "Customer 14", "2002-06-16", "FEMALE", "customer14@gmail.com", "34239114", "5529 Vincent Spurs, Elvinborough, KS 19227", "1234-2121-1221-1211", "2021-11-15", "ACTIVE");INSERT INTO customer (id, password, fullname, date_of_birth, gender, email, phone, address, citizen_id, date_join, status) VALUES ("86868cfc-9afb-443c-b46d-15b7e985d8dd", "$2a$12$xOXUkpChPTfs/WmRvNS3s.Wqz2Wn9GdWO1Ttiea.2pRhGmYvVI5UK", "Customer 15", "1999-05-26", "FEMALE", "customer15@gmail.com", "34239115", "2617 Saul Underpass, New Gregorioburgh, MI 13305", "1228-1221-1221-1431", "2021-06-12", "ACTIVE");INSERT INTO customer (id, password, fullname, date_of_birth, gender, email, phone, address, citizen_id, date_join, status) VALUES ("2e3c2625-3f81-4af5-9e2d-799be512cfb4", "$2a$12$xOXUkpChPTfs/WmRvNS3s.Wqz2Wn9GdWO1Ttiea.2pRhGmYvVI5UK", "Customer 16", "1981-04-22", "MALE", "customer16@gmail.com", "34239116", "Apt. 916 19489 Mills Creek, South Rueben, MN 89060", "1234-2121-1221-1211", "2021-07-14", "ACTIVE");INSERT INTO customer (id, password, fullname, date_of_birth, gender, email, phone, address, citizen_id, date_join, status) VALUES ("b327326f-a629-4448-a431-934dc7573a80", "$2a$12$xOXUkpChPTfs/WmRvNS3s.Wqz2Wn9GdWO1Ttiea.2pRhGmYvVI5UK", "Customer 17", "1979-11-23", "MALE", "customer17@gmail.com", "34239117", "65242 Melodee Bypass, Louriehaven, RI 68769", "1212-1221-1121-1234", "2022-10-02", "ACTIVE");INSERT INTO customer (id, password, fullname, date_of_birth, gender, email, phone, address, citizen_id, date_join, status) VALUES ("0c69c991-b263-40b8-87b9-a9149fa4885d", "$2a$12$xOXUkpChPTfs/WmRvNS3s.Wqz2Wn9GdWO1Ttiea.2pRhGmYvVI5UK", "Customer 18", "1974-06-21", "MALE", "customer18@gmail.com", "34239118", "6807 Robby Burg, Marlonchester, CA 13853", "1211-1221-1234-2201", "2021-03-04", "ACTIVE");INSERT INTO customer (id, password, fullname, date_of_birth, gender, email, phone, address, citizen_id, date_join, status) VALUES ("c2444b9d-6621-436e-8ebf-841c0c45532b", "$2a$12$xOXUkpChPTfs/WmRvNS3s.Wqz2Wn9GdWO1Ttiea.2pRhGmYvVI5UK", "Customer 19", "1972-04-29", "MALE", "customer19@gmail.com", "34239119", "Suite 524 39366 Lynn Corner, New Vito, MA 91020-2873", "1234-2121-1221-1211", "2021-02-26", "ACTIVE");INSERT INTO customer (id, password, fullname, date_of_birth, gender, email, phone, address, citizen_id, date_join, status) VALUES ("23a7bd4b-773a-43ef-8c14-84aca0ebda17", "$2a$12$xOXUkpChPTfs/WmRvNS3s.Wqz2Wn9GdWO1Ttiea.2pRhGmYvVI5UK", "Customer 20", "1989-09-06", "MALE", "customer20@gmail.com", "34239120", "Suite 911 2179 Lebsack Plain, Donnashire, FL 78949", "1234-2121-1221-1211", "2021-07-22", "ACTIVE");INSERT INTO customer (id, password, fullname, date_of_birth, gender, email, phone, address, citizen_id, date_join, status) VALUES ("f840503d-ffa7-45ae-bc6c-fd656102bb85", "$2a$12$xOXUkpChPTfs/WmRvNS3s.Wqz2Wn9GdWO1Ttiea.2pRhGmYvVI5UK", "Customer 21", "1978-01-12", "FEMALE", "customer21@gmail.com", "34239121", "49620 Delena Ridges, South Daniel, AL 69916", "1234-2121-1221-1211", "2022-09-11", "INACTIVE");INSERT INTO customer (id, password, fullname, date_of_birth, gender, email, phone, address, citizen_id, date_join, status) VALUES ("aa8ee497-abb8-4ec0-86a8-e91ed59d2866", "$2a$12$xOXUkpChPTfs/WmRvNS3s.Wqz2Wn9GdWO1Ttiea.2pRhGmYvVI5UK", "Customer 22", "1983-10-21", "FEMALE", "customer22@gmail.com", "34239122", "Apt. 871 3493 Jeromy Isle, North Jannetteburgh, KS 49590-9770", "1212-1221-1121-1234", "2021-02-25", "INACTIVE");INSERT INTO customer (id, password, fullname, date_of_birth, gender, email, phone, address, citizen_id, date_join, status) VALUES ("3f3c3fef-e155-48bb-8906-e2012b342794", "$2a$12$xOXUkpChPTfs/WmRvNS3s.Wqz2Wn9GdWO1Ttiea.2pRhGmYvVI5UK", "Customer 23", "1981-03-28", "FEMALE", "customer23@gmail.com", "34239123", "1011 Stanford Mountains, Lake Winfordfort, TN 78118-0224", "1234-2121-1221-1211", "2021-06-14", "INACTIVE");INSERT INTO customer (id, password, fullname, date_of_birth, gender, email, phone, address, citizen_id, date_join, status) VALUES ("ca147b65-ccc4-4004-a2b1-0580d63b3e7d", "$2a$12$xOXUkpChPTfs/WmRvNS3s.Wqz2Wn9GdWO1Ttiea.2pRhGmYvVI5UK", "Customer 24", "1968-01-21", "FEMALE", "customer24@gmail.com", "34239124", "10364 Gutmann Mews, North Mauriciochester, MA 25449", "1228-1221-1221-1431", "2022-09-08", "INACTIVE");INSERT INTO customer (id, password, fullname, date_of_birth, gender, email, phone, address, citizen_id, date_join, status) VALUES ("f66f7b8c-e7c9-4517-8e80-ea1756ffec46", "$2a$12$xOXUkpChPTfs/WmRvNS3s.Wqz2Wn9GdWO1Ttiea.2pRhGmYvVI5UK", "Customer 25", "1991-12-17", "FEMALE", "customer25@gmail.com", "34239125", "21431 Shields Forks, Kingside, WY 47188", "1212-1221-1121-1234", "2021-07-10", "INACTIVE");INSERT INTO customer (id, password, fullname, date_of_birth, gender, email, phone, address, citizen_id, date_join, status) VALUES ("7225dbf8-0955-4584-b322-433901b6c130", "$2a$12$xOXUkpChPTfs/WmRvNS3s.Wqz2Wn9GdWO1Ttiea.2pRhGmYvVI5UK", "Customer 26", "2001-12-06", "MALE", "customer26@gmail.com", "34239126", "Suite 705 991 Alena Extension, Starchester, LA 79946", "1234-2121-1221-1211", "2021-09-20", "INACTIVE");INSERT INTO customer (id, password, fullname, date_of_birth, gender, email, phone, address, citizen_id, date_join, status) VALUES ("d9063bec-7a51-4cf3-a97d-70c4be32094b", "$2a$12$xOXUkpChPTfs/WmRvNS3s.Wqz2Wn9GdWO1Ttiea.2pRhGmYvVI5UK", "Customer 27", "1979-06-06", "MALE", "customer27@gmail.com", "34239127", "Suite 002 65102 Pedro Parks, Karonstad, NH 78445-2225", "1211-1221-1234-2201", "2021-02-16", "INACTIVE");INSERT INTO customer (id, password, fullname, date_of_birth, gender, email, phone, address, citizen_id, date_join, status) VALUES ("c0db3aea-9cc9-402e-8df8-6382bc3ce0b4", "$2a$12$xOXUkpChPTfs/WmRvNS3s.Wqz2Wn9GdWO1Ttiea.2pRhGmYvVI5UK", "Customer 28", "1984-10-30", "MALE", "customer28@gmail.com", "34239128", "567 Weissnat Row, West Tyronshire, WA 04594-9789", "1234-2121-1221-1211", "2021-07-06", "INACTIVE");INSERT INTO customer (id, password, fullname, date_of_birth, gender, email, phone, address, citizen_id, date_join, status) VALUES ("7158f657-7430-4008-bc1d-74eaf9f6a17c", "$2a$12$xOXUkpChPTfs/WmRvNS3s.Wqz2Wn9GdWO1Ttiea.2pRhGmYvVI5UK", "Customer 29", "1989-09-12", "MALE", "customer29@gmail.com", "34239129", "5621 Trenton Keys, Vincenzofurt, IL 64353", "1234-2121-1221-1211", "2021-03-07", "INACTIVE");INSERT INTO customer (id, password, fullname, date_of_birth, gender, email, phone, address, citizen_id, date_join, status) VALUES ("ae59a8fe-7a4e-4ada-8afc-ff6f6eff0c43", "$2a$12$xOXUkpChPTfs/WmRvNS3s.Wqz2Wn9GdWO1Ttiea.2pRhGmYvVI5UK", "Customer 30", "1981-03-01", "MALE", "customer30@gmail.com", "34239130", "Apt. 220 879 Stamm Street, Cartermouth, FL 69126", "1212-1221-1121-1234", "2022-10-30", "INACTIVE");

INSERT INTO building (id, name, status) VALUES ("810deada-7ae3-4fdc-a8df-9b57ef1929bd", "Building 1", "AVAILABLE");INSERT INTO building (id, name, status) VALUES ("177db79d-d423-4c65-83fd-37b15e18c96c", "Building 2", "AVAILABLE");INSERT INTO building (id, name, status) VALUES ("04705a2b-0b0e-4594-848d-b20a76301d72", "Building 3", "AVAILABLE");INSERT INTO building (id, name, status) VALUES ("00929aea-69e5-4156-99c5-f457e2c2e6c1", "Building 4", "AVAILABLE");

INSERT INTO flat (id, detail, price, status, flat_type_id, building_id, room_number) VALUES ("96db8007-4ce3-4a97-bd90-a04f5ac52e61", "Detail 0", 23000000, "AVAILABLE", "2401daaa-f3db-47b1-90c5-1e5d4d24ac93", "00929aea-69e5-4156-99c5-f457e2c2e6c1", 0);INSERT INTO flat (id, detail, price, status, flat_type_id, building_id, room_number) VALUES ("996adf8e-f70c-4ca2-af6d-b307c03699ee", "Detail 1", 3000000, "AVAILABLE", "ea4c9759-cb50-47a8-9829-4003936f1666", "810deada-7ae3-4fdc-a8df-9b57ef1929bd", 1);INSERT INTO flat (id, detail, price, status, flat_type_id, building_id, room_number) VALUES ("136c203f-c35f-4475-9c58-a6a55f1d0c8d", "Detail 2", 16000000, "AVAILABLE", "da3f436d-1be2-4724-a75c-9be9e88e532b", "177db79d-d423-4c65-83fd-37b15e18c96c", 2);INSERT INTO flat (id, detail, price, status, flat_type_id, building_id, room_number) VALUES ("078c455f-a6e3-4b94-8e7c-6c32f916f104", "Detail 3", 23000000, "AVAILABLE", "d63381dd-ad50-4b85-a9f8-8c0895423140", "177db79d-d423-4c65-83fd-37b15e18c96c", 3);INSERT INTO flat (id, detail, price, status, flat_type_id, building_id, room_number) VALUES ("327d2b4e-2710-4f5c-8c08-1c8b24baed1a", "Detail 4", 16000000, "AVAILABLE", "da3f436d-1be2-4724-a75c-9be9e88e532b", "04705a2b-0b0e-4594-848d-b20a76301d72", 4);INSERT INTO flat (id, detail, price, status, flat_type_id, building_id, room_number) VALUES ("2650a643-861e-4041-8c14-e229f9fd1573", "Detail 5", 11000000, "AVAILABLE", "ede15552-8df4-46d0-9857-664c147e9cce", "00929aea-69e5-4156-99c5-f457e2c2e6c1", 5);INSERT INTO flat (id, detail, price, status, flat_type_id, building_id, room_number) VALUES ("784dbf39-9a48-4060-888c-33db4fdf34f1", "Detail 6", 23000000, "AVAILABLE", "2401daaa-f3db-47b1-90c5-1e5d4d24ac93", "04705a2b-0b0e-4594-848d-b20a76301d72", 6);INSERT INTO flat (id, detail, price, status, flat_type_id, building_id, room_number) VALUES ("5d73f52f-da21-46f4-aecd-af4c63c2a23d", "Detail 7", 27000000, "AVAILABLE", "d63381dd-ad50-4b85-a9f8-8c0895423140", "00929aea-69e5-4156-99c5-f457e2c2e6c1", 7);INSERT INTO flat (id, detail, price, status, flat_type_id, building_id, room_number) VALUES ("9c53145b-743a-465a-93de-0f539b14d9d7", "Detail 8", 22000000, "AVAILABLE", "3559507b-b409-47b9-b534-4865fbbbe5f7", "00929aea-69e5-4156-99c5-f457e2c2e6c1", 8);INSERT INTO flat (id, detail, price, status, flat_type_id, building_id, room_number) VALUES ("bafa5ab1-ba75-46c8-8ca3-d257a299ab00", "Detail 9", 27000000, "AVAILABLE", "3559507b-b409-47b9-b534-4865fbbbe5f7", "177db79d-d423-4c65-83fd-37b15e18c96c", 9);INSERT INTO flat (id, detail, price, status, flat_type_id, building_id, room_number) VALUES ("fa443c86-7f6c-4404-ae4b-1b4e8f633873", "Detail 10", 23000000, "AVAILABLE", "fc23c421-7b5c-43bf-8b7c-86e21dcec531", "177db79d-d423-4c65-83fd-37b15e18c96c", 10);INSERT INTO flat (id, detail, price, status, flat_type_id, building_id, room_number) VALUES ("7f524fcf-5cad-4665-82c4-869b31e6bdc2", "Detail 11", 4000000, "AVAILABLE", "da3f436d-1be2-4724-a75c-9be9e88e532b", "04705a2b-0b0e-4594-848d-b20a76301d72", 11);INSERT INTO flat (id, detail, price, status, flat_type_id, building_id, room_number) VALUES ("3a9eaf4b-0cc1-4c82-9ae1-9b62099ec0cd", "Detail 12", 19000000, "AVAILABLE", "ede15552-8df4-46d0-9857-664c147e9cce", "00929aea-69e5-4156-99c5-f457e2c2e6c1", 12);INSERT INTO flat (id, detail, price, status, flat_type_id, building_id, room_number) VALUES ("8e1b266d-a311-4629-b49c-da51ffc0f250", "Detail 13", 27000000, "AVAILABLE", "ea4c9759-cb50-47a8-9829-4003936f1666", "04705a2b-0b0e-4594-848d-b20a76301d72", 13);INSERT INTO flat (id, detail, price, status, flat_type_id, building_id, room_number) VALUES ("009703c1-34dd-427a-b0c6-5d7a879dae70", "Detail 14", 23000000, "AVAILABLE", "fc23c421-7b5c-43bf-8b7c-86e21dcec531", "04705a2b-0b0e-4594-848d-b20a76301d72", 14);INSERT INTO flat (id, detail, price, status, flat_type_id, building_id, room_number) VALUES ("0fa353ac-1c78-4064-9792-c44231fa4880", "Detail 15", 21000000, "AVAILABLE", "fc23c421-7b5c-43bf-8b7c-86e21dcec531", "177db79d-d423-4c65-83fd-37b15e18c96c", 15);INSERT INTO flat (id, detail, price, status, flat_type_id, building_id, room_number) VALUES ("27457715-f6af-42d7-860a-19869565c37d", "Detail 16", 12000000, "AVAILABLE", "d63381dd-ad50-4b85-a9f8-8c0895423140", "177db79d-d423-4c65-83fd-37b15e18c96c", 16);INSERT INTO flat (id, detail, price, status, flat_type_id, building_id, room_number) VALUES ("9967629f-9d75-4a37-be77-16dec0ba0cca", "Detail 17", 17000000, "AVAILABLE", "fc23c421-7b5c-43bf-8b7c-86e21dcec531", "177db79d-d423-4c65-83fd-37b15e18c96c", 17);INSERT INTO flat (id, detail, price, status, flat_type_id, building_id, room_number) VALUES ("615405d8-daad-45eb-bb6d-860cc4ff1446", "Detail 18", 26000000, "AVAILABLE", "3559507b-b409-47b9-b534-4865fbbbe5f7", "00929aea-69e5-4156-99c5-f457e2c2e6c1", 18);INSERT INTO flat (id, detail, price, status, flat_type_id, building_id, room_number) VALUES ("197b5fa2-f8ee-4c15-aad3-c53470d5ab48", "Detail 19", 24000000, "AVAILABLE", "ea4c9759-cb50-47a8-9829-4003936f1666", "177db79d-d423-4c65-83fd-37b15e18c96c", 19);

INSERT INTO facility (id, item, quantity, status) VALUES ("6fe97468-c71a-4017-805d-689e7ae12ba2", "Facility 1", 1, "AVAILABLE");INSERT INTO facility (id, item, quantity, status) VALUES ("7e162a56-8959-41e5-b793-514efd5bfa85", "Facility 2", 2, "AVAILABLE");INSERT INTO facility (id, item, quantity, status) VALUES ("063c961b-460a-42c5-a128-19b7cac90ecb", "Facility 3", 3, "AVAILABLE");INSERT INTO facility (id, item, quantity, status) VALUES ("0a53e23d-b7f9-4cea-bf59-5892247f46df", "Facility 4", 2, "AVAILABLE");INSERT INTO facility (id, item, quantity, status) VALUES ("bff79394-c55b-4a8a-91f1-3b96e5c4e0c1", "Facility 5", 5, "AVAILABLE");INSERT INTO facility (id, item, quantity, status) VALUES ("cefb97a3-d727-47d6-b2b5-3d53524ac766", "Facility 6", 4, "AVAILABLE");

INSERT INTO flat_facility (flat_id, facility_id) VALUES ("136c203f-c35f-4475-9c58-a6a55f1d0c8d", "6fe97468-c71a-4017-805d-689e7ae12ba2");INSERT INTO flat_facility (flat_id, facility_id) VALUES ("784dbf39-9a48-4060-888c-33db4fdf34f1", "6fe97468-c71a-4017-805d-689e7ae12ba2");INSERT INTO flat_facility (flat_id, facility_id) VALUES ("fa443c86-7f6c-4404-ae4b-1b4e8f633873", "6fe97468-c71a-4017-805d-689e7ae12ba2");INSERT INTO flat_facility (flat_id, facility_id) VALUES ("7f524fcf-5cad-4665-82c4-869b31e6bdc2", "6fe97468-c71a-4017-805d-689e7ae12ba2");INSERT INTO flat_facility (flat_id, facility_id) VALUES ("3a9eaf4b-0cc1-4c82-9ae1-9b62099ec0cd", "6fe97468-c71a-4017-805d-689e7ae12ba2");INSERT INTO flat_facility (flat_id, facility_id) VALUES ("009703c1-34dd-427a-b0c6-5d7a879dae70", "6fe97468-c71a-4017-805d-689e7ae12ba2");INSERT INTO flat_facility (flat_id, facility_id) VALUES ("9967629f-9d75-4a37-be77-16dec0ba0cca", "6fe97468-c71a-4017-805d-689e7ae12ba2");INSERT INTO flat_facility (flat_id, facility_id) VALUES ("615405d8-daad-45eb-bb6d-860cc4ff1446", "6fe97468-c71a-4017-805d-689e7ae12ba2");INSERT INTO flat_facility (flat_id, facility_id) VALUES ("197b5fa2-f8ee-4c15-aad3-c53470d5ab48", "6fe97468-c71a-4017-805d-689e7ae12ba2");INSERT INTO flat_facility (flat_id, facility_id) VALUES ("996adf8e-f70c-4ca2-af6d-b307c03699ee", "7e162a56-8959-41e5-b793-514efd5bfa85");INSERT INTO flat_facility (flat_id, facility_id) VALUES ("2650a643-861e-4041-8c14-e229f9fd1573", "7e162a56-8959-41e5-b793-514efd5bfa85");INSERT INTO flat_facility (flat_id, facility_id) VALUES ("5d73f52f-da21-46f4-aecd-af4c63c2a23d", "7e162a56-8959-41e5-b793-514efd5bfa85");INSERT INTO flat_facility (flat_id, facility_id) VALUES ("9c53145b-743a-465a-93de-0f539b14d9d7", "7e162a56-8959-41e5-b793-514efd5bfa85");INSERT INTO flat_facility (flat_id, facility_id) VALUES ("fa443c86-7f6c-4404-ae4b-1b4e8f633873", "7e162a56-8959-41e5-b793-514efd5bfa85");INSERT INTO flat_facility (flat_id, facility_id) VALUES ("7f524fcf-5cad-4665-82c4-869b31e6bdc2", "7e162a56-8959-41e5-b793-514efd5bfa85");INSERT INTO flat_facility (flat_id, facility_id) VALUES ("3a9eaf4b-0cc1-4c82-9ae1-9b62099ec0cd", "7e162a56-8959-41e5-b793-514efd5bfa85");INSERT INTO flat_facility (flat_id, facility_id) VALUES ("615405d8-daad-45eb-bb6d-860cc4ff1446", "7e162a56-8959-41e5-b793-514efd5bfa85");INSERT INTO flat_facility (flat_id, facility_id) VALUES ("197b5fa2-f8ee-4c15-aad3-c53470d5ab48", "7e162a56-8959-41e5-b793-514efd5bfa85");INSERT INTO flat_facility (flat_id, facility_id) VALUES ("96db8007-4ce3-4a97-bd90-a04f5ac52e61", "063c961b-460a-42c5-a128-19b7cac90ecb");INSERT INTO flat_facility (flat_id, facility_id) VALUES ("2650a643-861e-4041-8c14-e229f9fd1573", "063c961b-460a-42c5-a128-19b7cac90ecb");INSERT INTO flat_facility (flat_id, facility_id) VALUES ("784dbf39-9a48-4060-888c-33db4fdf34f1", "063c961b-460a-42c5-a128-19b7cac90ecb");INSERT INTO flat_facility (flat_id, facility_id) VALUES ("5d73f52f-da21-46f4-aecd-af4c63c2a23d", "063c961b-460a-42c5-a128-19b7cac90ecb");INSERT INTO flat_facility (flat_id, facility_id) VALUES ("9c53145b-743a-465a-93de-0f539b14d9d7", "063c961b-460a-42c5-a128-19b7cac90ecb");INSERT INTO flat_facility (flat_id, facility_id) VALUES ("bafa5ab1-ba75-46c8-8ca3-d257a299ab00", "063c961b-460a-42c5-a128-19b7cac90ecb");INSERT INTO flat_facility (flat_id, facility_id) VALUES ("fa443c86-7f6c-4404-ae4b-1b4e8f633873", "063c961b-460a-42c5-a128-19b7cac90ecb");INSERT INTO flat_facility (flat_id, facility_id) VALUES ("8e1b266d-a311-4629-b49c-da51ffc0f250", "063c961b-460a-42c5-a128-19b7cac90ecb");INSERT INTO flat_facility (flat_id, facility_id) VALUES ("27457715-f6af-42d7-860a-19869565c37d", "063c961b-460a-42c5-a128-19b7cac90ecb");INSERT INTO flat_facility (flat_id, facility_id) VALUES ("9967629f-9d75-4a37-be77-16dec0ba0cca", "063c961b-460a-42c5-a128-19b7cac90ecb");INSERT INTO flat_facility (flat_id, facility_id) VALUES ("615405d8-daad-45eb-bb6d-860cc4ff1446", "063c961b-460a-42c5-a128-19b7cac90ecb");INSERT INTO flat_facility (flat_id, facility_id) VALUES ("136c203f-c35f-4475-9c58-a6a55f1d0c8d", "0a53e23d-b7f9-4cea-bf59-5892247f46df");INSERT INTO flat_facility (flat_id, facility_id) VALUES ("327d2b4e-2710-4f5c-8c08-1c8b24baed1a", "0a53e23d-b7f9-4cea-bf59-5892247f46df");INSERT INTO flat_facility (flat_id, facility_id) VALUES ("784dbf39-9a48-4060-888c-33db4fdf34f1", "0a53e23d-b7f9-4cea-bf59-5892247f46df");INSERT INTO flat_facility (flat_id, facility_id) VALUES ("5d73f52f-da21-46f4-aecd-af4c63c2a23d", "0a53e23d-b7f9-4cea-bf59-5892247f46df");INSERT INTO flat_facility (flat_id, facility_id) VALUES ("fa443c86-7f6c-4404-ae4b-1b4e8f633873", "0a53e23d-b7f9-4cea-bf59-5892247f46df");INSERT INTO flat_facility (flat_id, facility_id) VALUES ("3a9eaf4b-0cc1-4c82-9ae1-9b62099ec0cd", "0a53e23d-b7f9-4cea-bf59-5892247f46df");INSERT INTO flat_facility (flat_id, facility_id) VALUES ("8e1b266d-a311-4629-b49c-da51ffc0f250", "0a53e23d-b7f9-4cea-bf59-5892247f46df");INSERT INTO flat_facility (flat_id, facility_id) VALUES ("0fa353ac-1c78-4064-9792-c44231fa4880", "0a53e23d-b7f9-4cea-bf59-5892247f46df");INSERT INTO flat_facility (flat_id, facility_id) VALUES ("27457715-f6af-42d7-860a-19869565c37d", "0a53e23d-b7f9-4cea-bf59-5892247f46df");INSERT INTO flat_facility (flat_id, facility_id) VALUES ("9967629f-9d75-4a37-be77-16dec0ba0cca", "0a53e23d-b7f9-4cea-bf59-5892247f46df");INSERT INTO flat_facility (flat_id, facility_id) VALUES ("615405d8-daad-45eb-bb6d-860cc4ff1446", "0a53e23d-b7f9-4cea-bf59-5892247f46df");INSERT INTO flat_facility (flat_id, facility_id) VALUES ("96db8007-4ce3-4a97-bd90-a04f5ac52e61", "bff79394-c55b-4a8a-91f1-3b96e5c4e0c1");INSERT INTO flat_facility (flat_id, facility_id) VALUES ("136c203f-c35f-4475-9c58-a6a55f1d0c8d", "bff79394-c55b-4a8a-91f1-3b96e5c4e0c1");INSERT INTO flat_facility (flat_id, facility_id) VALUES ("078c455f-a6e3-4b94-8e7c-6c32f916f104", "bff79394-c55b-4a8a-91f1-3b96e5c4e0c1");INSERT INTO flat_facility (flat_id, facility_id) VALUES ("327d2b4e-2710-4f5c-8c08-1c8b24baed1a", "bff79394-c55b-4a8a-91f1-3b96e5c4e0c1");INSERT INTO flat_facility (flat_id, facility_id) VALUES ("2650a643-861e-4041-8c14-e229f9fd1573", "bff79394-c55b-4a8a-91f1-3b96e5c4e0c1");INSERT INTO flat_facility (flat_id, facility_id) VALUES ("784dbf39-9a48-4060-888c-33db4fdf34f1", "bff79394-c55b-4a8a-91f1-3b96e5c4e0c1");INSERT INTO flat_facility (flat_id, facility_id) VALUES ("3a9eaf4b-0cc1-4c82-9ae1-9b62099ec0cd", "bff79394-c55b-4a8a-91f1-3b96e5c4e0c1");INSERT INTO flat_facility (flat_id, facility_id) VALUES ("615405d8-daad-45eb-bb6d-860cc4ff1446", "bff79394-c55b-4a8a-91f1-3b96e5c4e0c1");INSERT INTO flat_facility (flat_id, facility_id) VALUES ("197b5fa2-f8ee-4c15-aad3-c53470d5ab48", "bff79394-c55b-4a8a-91f1-3b96e5c4e0c1");INSERT INTO flat_facility (flat_id, facility_id) VALUES ("136c203f-c35f-4475-9c58-a6a55f1d0c8d", "cefb97a3-d727-47d6-b2b5-3d53524ac766");INSERT INTO flat_facility (flat_id, facility_id) VALUES ("078c455f-a6e3-4b94-8e7c-6c32f916f104", "cefb97a3-d727-47d6-b2b5-3d53524ac766");INSERT INTO flat_facility (flat_id, facility_id) VALUES ("327d2b4e-2710-4f5c-8c08-1c8b24baed1a", "cefb97a3-d727-47d6-b2b5-3d53524ac766");INSERT INTO flat_facility (flat_id, facility_id) VALUES ("9c53145b-743a-465a-93de-0f539b14d9d7", "cefb97a3-d727-47d6-b2b5-3d53524ac766");INSERT INTO flat_facility (flat_id, facility_id) VALUES ("3a9eaf4b-0cc1-4c82-9ae1-9b62099ec0cd", "cefb97a3-d727-47d6-b2b5-3d53524ac766");INSERT INTO flat_facility (flat_id, facility_id) VALUES ("009703c1-34dd-427a-b0c6-5d7a879dae70", "cefb97a3-d727-47d6-b2b5-3d53524ac766");INSERT INTO flat_facility (flat_id, facility_id) VALUES ("0fa353ac-1c78-4064-9792-c44231fa4880", "cefb97a3-d727-47d6-b2b5-3d53524ac766");INSERT INTO flat_facility (flat_id, facility_id) VALUES ("27457715-f6af-42d7-860a-19869565c37d", "cefb97a3-d727-47d6-b2b5-3d53524ac766");INSERT INTO flat_facility (flat_id, facility_id) VALUES ("9967629f-9d75-4a37-be77-16dec0ba0cca", "cefb97a3-d727-47d6-b2b5-3d53524ac766");INSERT INTO flat_facility (flat_id, facility_id) VALUES ("615405d8-daad-45eb-bb6d-860cc4ff1446", "cefb97a3-d727-47d6-b2b5-3d53524ac766");

INSERT INTO wallet (id, amount, status, customer_id) VALUES ("4fd83dc7-db51-4db9-9fd6-ff66be7cc858", 195000, "ACTIVE", "1cd9b01e-829d-41ca-ab0a-bdd9f8df5a94");INSERT INTO wallet (id, amount, status, customer_id) VALUES ("4f338bf0-8d66-4945-8656-ca9a9b7a3800", 9909000, "ACTIVE", "86955170-c4ea-4e06-873f-5431e182fc64");INSERT INTO wallet (id, amount, status, customer_id) VALUES ("89e05bc5-b49c-4353-a944-5d01c3707fae", 7547000, "ACTIVE", "56648e27-5fbe-40a3-a2b7-0e339b443f26");INSERT INTO wallet (id, amount, status, customer_id) VALUES ("12162572-9790-40af-8864-1f2fb041a84f", 9785000, "ACTIVE", "18ca1b56-6351-4e6a-91d3-a6e198097dd0");INSERT INTO wallet (id, amount, status, customer_id) VALUES ("97929ee4-25c5-4dd0-97c7-6b70713a9c70", 9800000, "ACTIVE", "86868cfc-9afb-443c-b46d-15b7e985d8dd");INSERT INTO wallet (id, amount, status, customer_id) VALUES ("fa58d2cc-a13d-425e-a6e6-8ce85a97268c", 9792000, "ACTIVE", "2e3c2625-3f81-4af5-9e2d-799be512cfb4");INSERT INTO wallet (id, amount, status, customer_id) VALUES ("c57246eb-39c5-479f-9516-6eb696a5ccfa", 2197000, "ACTIVE", "b327326f-a629-4448-a431-934dc7573a80");INSERT INTO wallet (id, amount, status, customer_id) VALUES ("b6c34781-2a36-44fe-9368-260aafbd1a0c", 482000, "ACTIVE", "0c69c991-b263-40b8-87b9-a9149fa4885d");INSERT INTO wallet (id, amount, status, customer_id) VALUES ("0b055c37-5c32-4389-9181-4e573bc4f5e8", 979000, "ACTIVE", "c2444b9d-6621-436e-8ebf-841c0c45532b");INSERT INTO wallet (id, amount, status, customer_id) VALUES ("db67e045-32ee-4a62-b41c-040a2981d983", 9823000, "ACTIVE", "23a7bd4b-773a-43ef-8c14-84aca0ebda17");INSERT INTO wallet (id, amount, status, customer_id) VALUES ("15882c95-7270-4f5e-a931-9671618c7cee", 2901000, "ACTIVE", "f840503d-ffa7-45ae-bc6c-fd656102bb85");INSERT INTO wallet (id, amount, status, customer_id) VALUES ("ed67301b-2deb-4bbd-97fc-553e9f5232b8", 7718000, "ACTIVE", "aa8ee497-abb8-4ec0-86a8-e91ed59d2866");INSERT INTO wallet (id, amount, status, customer_id) VALUES ("7f14f084-af9f-4c82-8211-e089d47f2a72", 9260000, "ACTIVE", "3f3c3fef-e155-48bb-8906-e2012b342794");INSERT INTO wallet (id, amount, status, customer_id) VALUES ("3859122f-4a34-4166-bfa3-0a309c900aa6", 7609000, "ACTIVE", "ca147b65-ccc4-4004-a2b1-0580d63b3e7d");INSERT INTO wallet (id, amount, status, customer_id) VALUES ("3c09d12e-f389-4ac6-a6f3-c12777927d6e", 1811000, "ACTIVE", "f66f7b8c-e7c9-4517-8e80-ea1756ffec46");INSERT INTO wallet (id, amount, status, customer_id) VALUES ("32cb44b2-f623-4cf2-9df3-0bf044881d26", 4359000, "ACTIVE", "7225dbf8-0955-4584-b322-433901b6c130");INSERT INTO wallet (id, amount, status, customer_id) VALUES ("735d1513-9e3b-4ee2-848f-517b715a8b4a", 9953000, "ACTIVE", "d9063bec-7a51-4cf3-a97d-70c4be32094b");INSERT INTO wallet (id, amount, status, customer_id) VALUES ("373a7cd1-b061-4a71-97d9-c0b748521b84", 9932000, "ACTIVE", "c0db3aea-9cc9-402e-8df8-6382bc3ce0b4");INSERT INTO wallet (id, amount, status, customer_id) VALUES ("d88cf450-d5a2-405c-a28b-4eba2e24c33a", 1180000, "ACTIVE", "7158f657-7430-4008-bc1d-74eaf9f6a17c");INSERT INTO wallet (id, amount, status, customer_id) VALUES ("d4d62b90-2d6f-4657-b548-9b066e3e3bcf", 790000, "ACTIVE", "ae59a8fe-7a4e-4ada-8afc-ff6f6eff0c43");

INSERT INTO rent_contract (id, contract, expiry_date, status, value, customer_id, flat_id) VALUES ("5c3220a1-bf94-4f18-ad69-9e3baa7d370b", "1234-2121-1221-1211", "2015-11-11", "VALID", 14000000, "3f3c3fef-e155-48bb-8906-e2012b342794", "96db8007-4ce3-4a97-bd90-a04f5ac52e61");INSERT INTO rent_contract (id, contract, expiry_date, status, value, customer_id, flat_id) VALUES ("ecfc5222-afd5-49c3-835f-f091f7542446", "1228-1221-1221-1431", "2011-10-12", "VALID", 18000000, "18ca1b56-6351-4e6a-91d3-a6e198097dd0", "996adf8e-f70c-4ca2-af6d-b307c03699ee");INSERT INTO rent_contract (id, contract, expiry_date, status, value, customer_id, flat_id) VALUES ("e6f87569-a267-4428-bd3d-8a1be2a7138d", "1228-1221-1221-1431", "2015-11-11", "VALID", 11000000, "2e3c2625-3f81-4af5-9e2d-799be512cfb4", "136c203f-c35f-4475-9c58-a6a55f1d0c8d");INSERT INTO rent_contract (id, contract, expiry_date, status, value, customer_id, flat_id) VALUES ("01ef915b-e546-451e-a114-ce9e1dc2710d", "1234-2121-1221-1211", "2015-11-11", "VALID", 27000000, "ca147b65-ccc4-4004-a2b1-0580d63b3e7d", "078c455f-a6e3-4b94-8e7c-6c32f916f104");INSERT INTO rent_contract (id, contract, expiry_date, status, value, customer_id, flat_id) VALUES ("5cbd8ed8-a554-4175-8f4e-7a9b047ba059", "1234-2121-1221-1211", "2015-11-11", "VALID", 25000000, "56648e27-5fbe-40a3-a2b7-0e339b443f26", "327d2b4e-2710-4f5c-8c08-1c8b24baed1a");INSERT INTO rent_contract (id, contract, expiry_date, status, value, customer_id, flat_id) VALUES ("bf02682f-d8c4-4b9e-aac2-665c4d7e37bd", "1211-1221-1234-2201", "2015-11-11", "VALID", 13000000, "c2444b9d-6621-436e-8ebf-841c0c45532b", "2650a643-861e-4041-8c14-e229f9fd1573");INSERT INTO rent_contract (id, contract, expiry_date, status, value, customer_id, flat_id) VALUES ("6a542212-3192-430e-ae48-745eee5189b8", "1212-1221-1121-1234", "2012-11-12", "VALID", 11000000, "18ca1b56-6351-4e6a-91d3-a6e198097dd0", "784dbf39-9a48-4060-888c-33db4fdf34f1");INSERT INTO rent_contract (id, contract, expiry_date, status, value, customer_id, flat_id) VALUES ("a2f06489-0330-4340-93fd-19a42ca80e92", "1234-2121-1221-1211", "2013-9-12", "VALID", 6000000, "18ca1b56-6351-4e6a-91d3-a6e198097dd0", "5d73f52f-da21-46f4-aecd-af4c63c2a23d");INSERT INTO rent_contract (id, contract, expiry_date, status, value, customer_id, flat_id) VALUES ("ceb9e15e-8108-4bd8-a4ab-c5ae4783c4fc", "1228-1221-1221-1431", "2013-9-12", "VALID", 8000000, "ca147b65-ccc4-4004-a2b1-0580d63b3e7d", "9c53145b-743a-465a-93de-0f539b14d9d7");INSERT INTO rent_contract (id, contract, expiry_date, status, value, customer_id, flat_id) VALUES ("9c24eee9-adcb-4aa9-8ad1-777238f53770", "1234-2121-1221-1211", "2011-10-12", "VALID", 15000000, "c2444b9d-6621-436e-8ebf-841c0c45532b", "7f524fcf-5cad-4665-82c4-869b31e6bdc2");INSERT INTO rent_contract (id, contract, expiry_date, status, value, customer_id, flat_id) VALUES ("da251eda-e8f9-4ad5-b2ff-42a02c88c8c7", "1228-1221-1221-1431", "2013-9-12", "VALID", 10000000, "7225dbf8-0955-4584-b322-433901b6c130", "009703c1-34dd-427a-b0c6-5d7a879dae70");INSERT INTO rent_contract (id, contract, expiry_date, status, value, customer_id, flat_id) VALUES ("fe307a82-24f5-4d6a-a641-473b61edb505", "1212-1221-1121-1234", "2013-9-12", "VALID", 25000000, "3f3c3fef-e155-48bb-8906-e2012b342794", "0fa353ac-1c78-4064-9792-c44231fa4880");INSERT INTO rent_contract (id, contract, expiry_date, status, value, customer_id, flat_id) VALUES ("45c62773-ac68-4b63-81cf-0c627ed9b1bf", "1212-1221-1121-1234", "2011-10-12", "VALID", 16000000, "86955170-c4ea-4e06-873f-5431e182fc64", "27457715-f6af-42d7-860a-19869565c37d");INSERT INTO rent_contract (id, contract, expiry_date, status, value, customer_id, flat_id) VALUES ("bb482447-e558-4e8f-bf1a-401ec2e06f8e", "1212-1221-1121-1234", "2012-11-12", "VALID", 26000000, "3f3c3fef-e155-48bb-8906-e2012b342794", "9967629f-9d75-4a37-be77-16dec0ba0cca");INSERT INTO rent_contract (id, contract, expiry_date, status, value, customer_id, flat_id) VALUES ("ffa195e9-4f08-448d-b5ff-c1e285fcb3c9", "1212-1221-1121-1234", "2012-11-12", "VALID", 5000000, "b327326f-a629-4448-a431-934dc7573a80", "615405d8-daad-45eb-bb6d-860cc4ff1446");

INSERT INTO money_transfer (id, amount, date, status, type, wallet_id) VALUES ("ccd6976d-dfe4-47fb-99ef-3c1e0bdde814", 12336000, "2022-06-21", "SUCCESS", "TOP_UP", "4fd83dc7-db51-4db9-9fd6-ff66be7cc858");INSERT INTO money_transfer (id, amount, date, status, type, wallet_id) VALUES ("a7ad8ddc-5b96-4d2d-8991-b4f9fc73c575", 10220000, "2022-01-06", "SUCCESS", "TOP_UP", "4fd83dc7-db51-4db9-9fd6-ff66be7cc858");INSERT INTO money_transfer (id, amount, date, status, type, wallet_id) VALUES ("0e1e387b-097a-43f3-a50c-d6c7296509c9", 5054000, "2022-01-23", "CANCELLED", "TOP_UP", "4fd83dc7-db51-4db9-9fd6-ff66be7cc858");INSERT INTO money_transfer (id, amount, date, status, type, wallet_id) VALUES ("d0474a35-6bbe-4fdc-8259-417c1f8d4b6f", 9934000, "2021-03-07", "SUCCESS", "TOP_UP", "4f338bf0-8d66-4945-8656-ca9a9b7a3800");INSERT INTO money_transfer (id, amount, date, status, type, wallet_id) VALUES ("7e7cb9ad-8423-41c4-b29b-b4e1222ab2b8", 6052000, "2021-12-02", "SUCCESS", "TOP_UP", "4f338bf0-8d66-4945-8656-ca9a9b7a3800");INSERT INTO money_transfer (id, amount, date, status, type, wallet_id) VALUES ("d93a6d2a-0e7a-4121-90d2-c37fbc668063", 5830000, "2022-07-13", "SUCCESS", "TOP_UP", "4f338bf0-8d66-4945-8656-ca9a9b7a3800");INSERT INTO money_transfer (id, amount, date, status, type, wallet_id) VALUES ("e0bff0b6-3531-4f14-9afd-fa8b091cea40", 12419000, "2021-05-11", "SUCCESS", "TOP_UP", "89e05bc5-b49c-4353-a944-5d01c3707fae");INSERT INTO money_transfer (id, amount, date, status, type, wallet_id) VALUES ("da2a15cd-2314-4aa2-a8bc-2cc4c4b06cef", 12317000, "2021-09-16", "SUCCESS", "TOP_UP", "89e05bc5-b49c-4353-a944-5d01c3707fae");INSERT INTO money_transfer (id, amount, date, status, type, wallet_id) VALUES ("e827df0b-d3f9-4ad7-99a2-30bd3898bc35", 611000, "2022-03-29", "SUCCESS", "TOP_UP", "89e05bc5-b49c-4353-a944-5d01c3707fae");INSERT INTO money_transfer (id, amount, date, status, type, wallet_id) VALUES ("dd3a4bbe-5013-44a9-aa5d-f1b4ca907b3a", 4330000, "2021-02-05", "SUCCESS", "TOP_UP", "89e05bc5-b49c-4353-a944-5d01c3707fae");INSERT INTO money_transfer (id, amount, date, status, type, wallet_id) VALUES ("6096e8b3-fdd2-42aa-9439-fec3ef4d9b60", 11494000, "2022-05-14", "SUCCESS", "TOP_UP", "89e05bc5-b49c-4353-a944-5d01c3707fae");INSERT INTO money_transfer (id, amount, date, status, type, wallet_id) VALUES ("192f615c-9245-4db6-a092-d020998dec0e", 2715000, "2021-08-19", "SUCCESS", "TOP_UP", "89e05bc5-b49c-4353-a944-5d01c3707fae");INSERT INTO money_transfer (id, amount, date, status, type, wallet_id) VALUES ("a4faf63e-f1b8-4a3b-b1a1-5571eb2cc6f3", 5626000, "2021-02-03", "SUCCESS", "TOP_UP", "89e05bc5-b49c-4353-a944-5d01c3707fae");INSERT INTO money_transfer (id, amount, date, status, type, wallet_id) VALUES ("efe6644b-18a9-4e41-b2af-54bab9b9ff73", 11752000, "2020-12-18", "SUCCESS", "TOP_UP", "89e05bc5-b49c-4353-a944-5d01c3707fae");INSERT INTO money_transfer (id, amount, date, status, type, wallet_id) VALUES ("28684023-186d-4f4c-99f2-e72830e84f46", 9730000, "2022-10-14", "CANCELLED", "TOP_UP", "89e05bc5-b49c-4353-a944-5d01c3707fae");INSERT INTO money_transfer (id, amount, date, status, type, wallet_id) VALUES ("f7b97770-fd78-46fd-b4f8-d9d5d238c7b8", 2115000, "2022-01-21", "SUCCESS", "TOP_UP", "89e05bc5-b49c-4353-a944-5d01c3707fae");INSERT INTO money_transfer (id, amount, date, status, type, wallet_id) VALUES ("c64b2870-8661-47ad-856d-86c4cdc1e343", 7563000, "2021-04-10", "SUCCESS", "TOP_UP", "12162572-9790-40af-8864-1f2fb041a84f");INSERT INTO money_transfer (id, amount, date, status, type, wallet_id) VALUES ("7814a11c-90e9-4f4b-b5b9-67a0bc41921b", 4991000, "2021-08-02", "SUCCESS", "TOP_UP", "12162572-9790-40af-8864-1f2fb041a84f");INSERT INTO money_transfer (id, amount, date, status, type, wallet_id) VALUES ("4d9c644b-debe-4328-b553-0912cf15dfc3", 8417000, "2021-07-26", "SUCCESS", "TOP_UP", "12162572-9790-40af-8864-1f2fb041a84f");INSERT INTO money_transfer (id, amount, date, status, type, wallet_id) VALUES ("0fe921af-106b-41a9-8090-eb4204d6c729", 2347000, "2022-02-13", "SUCCESS", "TOP_UP", "12162572-9790-40af-8864-1f2fb041a84f");INSERT INTO money_transfer (id, amount, date, status, type, wallet_id) VALUES ("5aa757ef-b282-4b9a-85f3-2abb7412fa3e", 585000, "2020-12-10", "SUCCESS", "TOP_UP", "12162572-9790-40af-8864-1f2fb041a84f");INSERT INTO money_transfer (id, amount, date, status, type, wallet_id) VALUES ("8c680468-0ed2-4093-a24d-6ecb42efaa57", 2836000, "2022-09-03", "SUCCESS", "TOP_UP", "12162572-9790-40af-8864-1f2fb041a84f");INSERT INTO money_transfer (id, amount, date, status, type, wallet_id) VALUES ("8f71eed4-d3b3-49bd-8736-e28bc7bd46fb", 7276000, "2022-11-27", "SUCCESS", "TOP_UP", "97929ee4-25c5-4dd0-97c7-6b70713a9c70");INSERT INTO money_transfer (id, amount, date, status, type, wallet_id) VALUES ("6828fdb1-dabb-4f7c-a021-983c9a694d19", 8343000, "2022-01-30", "CANCELLED", "TOP_UP", "97929ee4-25c5-4dd0-97c7-6b70713a9c70");INSERT INTO money_transfer (id, amount, date, status, type, wallet_id) VALUES ("e21a4963-b14f-466a-8af7-0b2b70ef124e", 12634000, "2021-07-25", "SUCCESS", "TOP_UP", "97929ee4-25c5-4dd0-97c7-6b70713a9c70");INSERT INTO money_transfer (id, amount, date, status, type, wallet_id) VALUES ("a3e78faa-feb9-40f3-9213-f0e40ec1641c", 10323000, "2021-11-17", "CANCELLED", "TOP_UP", "97929ee4-25c5-4dd0-97c7-6b70713a9c70");INSERT INTO money_transfer (id, amount, date, status, type, wallet_id) VALUES ("becf2402-f527-496b-ab3c-1cd1e147d98d", 14525000, "2021-10-26", "SUCCESS", "TOP_UP", "97929ee4-25c5-4dd0-97c7-6b70713a9c70");INSERT INTO money_transfer (id, amount, date, status, type, wallet_id) VALUES ("54139ecb-2faf-4cec-bbba-efe724f03ca8", 527000, "2022-09-05", "SUCCESS", "TOP_UP", "97929ee4-25c5-4dd0-97c7-6b70713a9c70");INSERT INTO money_transfer (id, amount, date, status, type, wallet_id) VALUES ("64e37d5a-653b-4dd3-af85-c135c120d7bd", 5438000, "2022-10-01", "SUCCESS", "TOP_UP", "97929ee4-25c5-4dd0-97c7-6b70713a9c70");INSERT INTO money_transfer (id, amount, date, status, type, wallet_id) VALUES ("703a229f-4b7b-42e6-a343-a889b2cd96bb", 2074000, "2022-05-03", "CANCELLED", "TOP_UP", "97929ee4-25c5-4dd0-97c7-6b70713a9c70");INSERT INTO money_transfer (id, amount, date, status, type, wallet_id) VALUES ("3aba4d51-2e60-45e3-9bbd-2fa987540637", 10264000, "2021-10-26", "SUCCESS", "TOP_UP", "97929ee4-25c5-4dd0-97c7-6b70713a9c70");INSERT INTO money_transfer (id, amount, date, status, type, wallet_id) VALUES ("c619a981-d4fd-4026-a94c-b0689c0f1164", 13824000, "2022-09-16", "CANCELLED", "TOP_UP", "fa58d2cc-a13d-425e-a6e6-8ce85a97268c");INSERT INTO money_transfer (id, amount, date, status, type, wallet_id) VALUES ("e3cdd524-b836-4d79-9c55-3887786819a5", 12070000, "2021-10-28", "SUCCESS", "TOP_UP", "fa58d2cc-a13d-425e-a6e6-8ce85a97268c");INSERT INTO money_transfer (id, amount, date, status, type, wallet_id) VALUES ("3fb5be98-4f87-46af-b56f-0115aa8032db", 10488000, "2022-05-15", "CANCELLED", "TOP_UP", "fa58d2cc-a13d-425e-a6e6-8ce85a97268c");INSERT INTO money_transfer (id, amount, date, status, type, wallet_id) VALUES ("ae17ab32-b97d-4452-b343-d8b3eaa72b5f", 11816000, "2021-07-14", "CANCELLED", "TOP_UP", "fa58d2cc-a13d-425e-a6e6-8ce85a97268c");INSERT INTO money_transfer (id, amount, date, status, type, wallet_id) VALUES ("39b0335e-1f30-4931-86df-175ba2b95c45", 7318000, "2021-08-15", "SUCCESS", "TOP_UP", "fa58d2cc-a13d-425e-a6e6-8ce85a97268c");INSERT INTO money_transfer (id, amount, date, status, type, wallet_id) VALUES ("9878a7e4-9e89-40a5-9a85-d010fa5ecedf", 6625000, "2021-05-26", "SUCCESS", "TOP_UP", "fa58d2cc-a13d-425e-a6e6-8ce85a97268c");INSERT INTO money_transfer (id, amount, date, status, type, wallet_id) VALUES ("44858a81-b301-4970-a23b-66bda9cb5c46", 3373000, "2021-12-13", "SUCCESS", "TOP_UP", "fa58d2cc-a13d-425e-a6e6-8ce85a97268c");INSERT INTO money_transfer (id, amount, date, status, type, wallet_id) VALUES ("60403305-fcfd-42bf-83b3-594d65d2f460", 7638000, "2021-03-20", "SUCCESS", "TOP_UP", "fa58d2cc-a13d-425e-a6e6-8ce85a97268c");INSERT INTO money_transfer (id, amount, date, status, type, wallet_id) VALUES ("32a55e66-7a09-43f2-abf5-0bc0df3f544a", 10247000, "2022-03-30", "CANCELLED", "TOP_UP", "c57246eb-39c5-479f-9516-6eb696a5ccfa");INSERT INTO money_transfer (id, amount, date, status, type, wallet_id) VALUES ("46ac1422-78f3-496f-b060-0ae154a20f4f", 14410000, "2021-10-05", "SUCCESS", "TOP_UP", "c57246eb-39c5-479f-9516-6eb696a5ccfa");INSERT INTO money_transfer (id, amount, date, status, type, wallet_id) VALUES ("9bf127ee-38a0-4db6-9d3d-f09c4c06a200", 3092000, "2022-08-03", "CANCELLED", "TOP_UP", "c57246eb-39c5-479f-9516-6eb696a5ccfa");INSERT INTO money_transfer (id, amount, date, status, type, wallet_id) VALUES ("2402b7c8-8955-43c9-b893-51892199252c", 4499000, "2021-09-14", "CANCELLED", "TOP_UP", "c57246eb-39c5-479f-9516-6eb696a5ccfa");INSERT INTO money_transfer (id, amount, date, status, type, wallet_id) VALUES ("7f5e3fb7-fd10-4674-b81a-26d34653d878", 13304000, "2021-01-28", "SUCCESS", "TOP_UP", "c57246eb-39c5-479f-9516-6eb696a5ccfa");INSERT INTO money_transfer (id, amount, date, status, type, wallet_id) VALUES ("3e479a88-1fc3-411c-953d-0cf7f8bf5708", 13729000, "2022-08-26", "SUCCESS", "TOP_UP", "c57246eb-39c5-479f-9516-6eb696a5ccfa");INSERT INTO money_transfer (id, amount, date, status, type, wallet_id) VALUES ("f72e2d02-0541-4087-b5ea-ccffc8737128", 4803000, "2021-05-08", "CANCELLED", "TOP_UP", "c57246eb-39c5-479f-9516-6eb696a5ccfa");INSERT INTO money_transfer (id, amount, date, status, type, wallet_id) VALUES ("605364fa-45c0-4f97-9aa5-84661f0b3646", 11252000, "2022-04-01", "SUCCESS", "TOP_UP", "b6c34781-2a36-44fe-9368-260aafbd1a0c");INSERT INTO money_transfer (id, amount, date, status, type, wallet_id) VALUES ("e5c79ff9-913c-4ca2-b743-3d11a432a466", 9696000, "2021-02-24", "CANCELLED", "TOP_UP", "b6c34781-2a36-44fe-9368-260aafbd1a0c");INSERT INTO money_transfer (id, amount, date, status, type, wallet_id) VALUES ("63df7c78-96a4-4523-beaa-08d27fefb7ce", 3727000, "2022-01-12", "SUCCESS", "TOP_UP", "b6c34781-2a36-44fe-9368-260aafbd1a0c");INSERT INTO money_transfer (id, amount, date, status, type, wallet_id) VALUES ("c6cb94fe-bdc9-47d9-8e9a-f2204f64f09f", 11092000, "2021-10-31", "SUCCESS", "TOP_UP", "b6c34781-2a36-44fe-9368-260aafbd1a0c");INSERT INTO money_transfer (id, amount, date, status, type, wallet_id) VALUES ("e0fc5781-4a06-4541-bfae-0f7b08981205", 1836000, "2022-10-07", "SUCCESS", "TOP_UP", "b6c34781-2a36-44fe-9368-260aafbd1a0c");INSERT INTO money_transfer (id, amount, date, status, type, wallet_id) VALUES ("f08468b0-3512-46c5-91b1-c1eaeff837ef", 7220000, "2022-11-25", "CANCELLED", "TOP_UP", "b6c34781-2a36-44fe-9368-260aafbd1a0c");INSERT INTO money_transfer (id, amount, date, status, type, wallet_id) VALUES ("9d44261b-65e6-462a-aff1-b397e04ae5be", 8372000, "2021-11-22", "SUCCESS", "TOP_UP", "b6c34781-2a36-44fe-9368-260aafbd1a0c");INSERT INTO money_transfer (id, amount, date, status, type, wallet_id) VALUES ("1127556a-2fc8-4fb5-9255-de727c0410df", 9482000, "2022-02-19", "SUCCESS", "TOP_UP", "b6c34781-2a36-44fe-9368-260aafbd1a0c");INSERT INTO money_transfer (id, amount, date, status, type, wallet_id) VALUES ("af94ce71-b772-40bc-9f5b-30a4244b618b", 7485000, "2022-12-23", "CANCELLED", "TOP_UP", "b6c34781-2a36-44fe-9368-260aafbd1a0c");INSERT INTO money_transfer (id, amount, date, status, type, wallet_id) VALUES ("792507ac-7a42-4cb4-97a0-a90c31e6f482", 12491000, "2021-03-10", "CANCELLED", "TOP_UP", "0b055c37-5c32-4389-9181-4e573bc4f5e8");INSERT INTO money_transfer (id, amount, date, status, type, wallet_id) VALUES ("0fc66733-d60f-453d-a45d-10f05fb3e04d", 11427000, "2022-12-15", "SUCCESS", "TOP_UP", "0b055c37-5c32-4389-9181-4e573bc4f5e8");INSERT INTO money_transfer (id, amount, date, status, type, wallet_id) VALUES ("4654dd11-23af-4f45-b5f5-950293005629", 3897000, "2021-07-07", "CANCELLED", "TOP_UP", "0b055c37-5c32-4389-9181-4e573bc4f5e8");INSERT INTO money_transfer (id, amount, date, status, type, wallet_id) VALUES ("0e29bb02-8c56-4cdf-a88d-6adeee12fd34", 7175000, "2021-05-11", "SUCCESS", "TOP_UP", "0b055c37-5c32-4389-9181-4e573bc4f5e8");INSERT INTO money_transfer (id, amount, date, status, type, wallet_id) VALUES ("7ab5ceab-85c5-4dea-a65b-1ff4d5722c34", 13878000, "2022-03-12", "SUCCESS", "TOP_UP", "0b055c37-5c32-4389-9181-4e573bc4f5e8");INSERT INTO money_transfer (id, amount, date, status, type, wallet_id) VALUES ("4f5eb953-e70d-4a5e-9b7b-5027f2f6f633", 4641000, "2021-08-28", "SUCCESS", "TOP_UP", "0b055c37-5c32-4389-9181-4e573bc4f5e8");INSERT INTO money_transfer (id, amount, date, status, type, wallet_id) VALUES ("a928f9d0-9e04-4c5f-8f48-a325b2db7ecf", 11705000, "2021-05-16", "SUCCESS", "TOP_UP", "0b055c37-5c32-4389-9181-4e573bc4f5e8");INSERT INTO money_transfer (id, amount, date, status, type, wallet_id) VALUES ("d1ab12ba-5822-4de0-8c70-9581faf4ce9b", 13340000, "2022-09-16", "CANCELLED", "TOP_UP", "0b055c37-5c32-4389-9181-4e573bc4f5e8");INSERT INTO money_transfer (id, amount, date, status, type, wallet_id) VALUES ("2a6690b4-859b-405b-9fb6-2f430e58e5ef", 4392000, "2022-08-06", "SUCCESS", "TOP_UP", "db67e045-32ee-4a62-b41c-040a2981d983");INSERT INTO money_transfer (id, amount, date, status, type, wallet_id) VALUES ("364c7a96-a399-4441-83a2-94c60b9889dd", 11646000, "2022-05-29", "SUCCESS", "TOP_UP", "db67e045-32ee-4a62-b41c-040a2981d983");INSERT INTO money_transfer (id, amount, date, status, type, wallet_id) VALUES ("22a676b3-82b5-4a46-948d-275e0f3af00e", 8665000, "2022-05-19", "SUCCESS", "TOP_UP", "db67e045-32ee-4a62-b41c-040a2981d983");INSERT INTO money_transfer (id, amount, date, status, type, wallet_id) VALUES ("fa4f1424-1b01-4a3c-8fe9-5fdc0cc0e559", 2586000, "2021-01-04", "SUCCESS", "TOP_UP", "db67e045-32ee-4a62-b41c-040a2981d983");INSERT INTO money_transfer (id, amount, date, status, type, wallet_id) VALUES ("ddd0d204-2524-4cc6-972f-adc157f43785", 10569000, "2022-02-16", "SUCCESS", "TOP_UP", "db67e045-32ee-4a62-b41c-040a2981d983");INSERT INTO money_transfer (id, amount, date, status, type, wallet_id) VALUES ("ef87581c-5988-4ef1-aeb7-70b55a3576ec", 12858000, "2022-12-12", "CANCELLED", "TOP_UP", "db67e045-32ee-4a62-b41c-040a2981d983");INSERT INTO money_transfer (id, amount, date, status, type, wallet_id) VALUES ("aaf517ad-aa75-4d52-8735-9bd529aa25ac", 7998000, "2021-12-03", "SUCCESS", "TOP_UP", "db67e045-32ee-4a62-b41c-040a2981d983");INSERT INTO money_transfer (id, amount, date, status, type, wallet_id) VALUES ("65fd3176-8f9b-4f5e-b2fb-262805d480e7", 14668000, "2022-11-21", "CANCELLED", "TOP_UP", "db67e045-32ee-4a62-b41c-040a2981d983");INSERT INTO money_transfer (id, amount, date, status, type, wallet_id) VALUES ("6d91f42a-9188-402a-9eb9-d88d8aed97e9", 12153000, "2022-04-09", "SUCCESS", "TOP_UP", "db67e045-32ee-4a62-b41c-040a2981d983");INSERT INTO money_transfer (id, amount, date, status, type, wallet_id) VALUES ("482902ea-1525-4b97-8c93-91a3321bfa41", 10187000, "2021-01-24", "SUCCESS", "TOP_UP", "db67e045-32ee-4a62-b41c-040a2981d983");INSERT INTO money_transfer (id, amount, date, status, type, wallet_id) VALUES ("da0d5b1a-338c-4621-9b25-ab1cc3a58a4b", 4111000, "2021-02-08", "SUCCESS", "TOP_UP", "15882c95-7270-4f5e-a931-9671618c7cee");INSERT INTO money_transfer (id, amount, date, status, type, wallet_id) VALUES ("0b04d540-2db7-4a3b-8a94-67ddd7409827", 5096000, "2022-11-08", "SUCCESS", "TOP_UP", "15882c95-7270-4f5e-a931-9671618c7cee");INSERT INTO money_transfer (id, amount, date, status, type, wallet_id) VALUES ("fd9673dd-dee1-49ae-b358-0d153c01b0fe", 14559000, "2021-02-01", "SUCCESS", "TOP_UP", "15882c95-7270-4f5e-a931-9671618c7cee");INSERT INTO money_transfer (id, amount, date, status, type, wallet_id) VALUES ("9cc2ae2d-186e-425f-b6f9-5af2fdcff7c0", 611000, "2022-10-13", "CANCELLED", "TOP_UP", "ed67301b-2deb-4bbd-97fc-553e9f5232b8");INSERT INTO money_transfer (id, amount, date, status, type, wallet_id) VALUES ("8b2150c9-8c96-497d-a286-81c3771001c8", 8579000, "2022-02-22", "SUCCESS", "TOP_UP", "ed67301b-2deb-4bbd-97fc-553e9f5232b8");INSERT INTO money_transfer (id, amount, date, status, type, wallet_id) VALUES ("9c93fe34-1efa-4041-b395-567b2ec9d579", 5438000, "2021-06-22", "SUCCESS", "TOP_UP", "ed67301b-2deb-4bbd-97fc-553e9f5232b8");INSERT INTO money_transfer (id, amount, date, status, type, wallet_id) VALUES ("fbfe5e17-a8e6-4f4c-a105-cac3ce4bdcab", 13468000, "2022-10-15", "SUCCESS", "TOP_UP", "ed67301b-2deb-4bbd-97fc-553e9f5232b8");INSERT INTO money_transfer (id, amount, date, status, type, wallet_id) VALUES ("aaaf2aa3-3500-4169-a218-c0bb135f3ac9", 6016000, "2021-06-15", "SUCCESS", "TOP_UP", "ed67301b-2deb-4bbd-97fc-553e9f5232b8");INSERT INTO money_transfer (id, amount, date, status, type, wallet_id) VALUES ("30ce2d5a-4333-42c3-9eb4-d223db46941e", 11738000, "2022-07-10", "SUCCESS", "TOP_UP", "ed67301b-2deb-4bbd-97fc-553e9f5232b8");INSERT INTO money_transfer (id, amount, date, status, type, wallet_id) VALUES ("519fb916-69ef-4ffd-a43c-148e517cb26c", 2081000, "2022-05-22", "SUCCESS", "TOP_UP", "ed67301b-2deb-4bbd-97fc-553e9f5232b8");INSERT INTO money_transfer (id, amount, date, status, type, wallet_id) VALUES ("82265deb-9a42-45ae-96cb-9ebd8b96bdd2", 14872000, "2021-03-31", "SUCCESS", "TOP_UP", "ed67301b-2deb-4bbd-97fc-553e9f5232b8");INSERT INTO money_transfer (id, amount, date, status, type, wallet_id) VALUES ("4a000a06-578b-4e5c-9d1b-ec014092e101", 1415000, "2022-06-08", "CANCELLED", "TOP_UP", "ed67301b-2deb-4bbd-97fc-553e9f5232b8");INSERT INTO money_transfer (id, amount, date, status, type, wallet_id) VALUES ("22516506-391c-4ed4-bb60-b53fc91e7c1c", 6614000, "2020-12-28", "SUCCESS", "TOP_UP", "ed67301b-2deb-4bbd-97fc-553e9f5232b8");INSERT INTO money_transfer (id, amount, date, status, type, wallet_id) VALUES ("3aa20178-d7c7-4e4e-aa71-e65c3aca04d7", 5791000, "2022-02-10", "SUCCESS", "TOP_UP", "7f14f084-af9f-4c82-8211-e089d47f2a72");INSERT INTO money_transfer (id, amount, date, status, type, wallet_id) VALUES ("1c458428-6861-471f-a984-4cecccbda5dc", 5423000, "2021-02-19", "SUCCESS", "TOP_UP", "7f14f084-af9f-4c82-8211-e089d47f2a72");INSERT INTO money_transfer (id, amount, date, status, type, wallet_id) VALUES ("0d3d88b1-f950-4e8c-9956-31f6c353b995", 937000, "2021-07-10", "SUCCESS", "TOP_UP", "7f14f084-af9f-4c82-8211-e089d47f2a72");INSERT INTO money_transfer (id, amount, date, status, type, wallet_id) VALUES ("8a19f89a-a305-4d6a-b09a-6548d7f79ee2", 8860000, "2022-10-23", "SUCCESS", "TOP_UP", "7f14f084-af9f-4c82-8211-e089d47f2a72");INSERT INTO money_transfer (id, amount, date, status, type, wallet_id) VALUES ("67438884-590d-4e70-b727-f2685c541d8e", 7327000, "2020-12-26", "SUCCESS", "TOP_UP", "7f14f084-af9f-4c82-8211-e089d47f2a72");INSERT INTO money_transfer (id, amount, date, status, type, wallet_id) VALUES ("9890c91e-3973-4dbb-9d43-941df7a2075c", 5164000, "2022-10-14", "CANCELLED", "TOP_UP", "7f14f084-af9f-4c82-8211-e089d47f2a72");INSERT INTO money_transfer (id, amount, date, status, type, wallet_id) VALUES ("63eb4efc-3d21-4afa-a45a-916451078fbf", 9650000, "2021-06-16", "SUCCESS", "TOP_UP", "3859122f-4a34-4166-bfa3-0a309c900aa6");INSERT INTO money_transfer (id, amount, date, status, type, wallet_id) VALUES ("c89df359-4b37-421f-acb6-0dcaf9c6b956", 657000, "2021-04-24", "SUCCESS", "TOP_UP", "3859122f-4a34-4166-bfa3-0a309c900aa6");INSERT INTO money_transfer (id, amount, date, status, type, wallet_id) VALUES ("ef5f4fc6-ae55-4c1a-9b70-87ca2feb6f97", 5877000, "2020-12-08", "SUCCESS", "TOP_UP", "3859122f-4a34-4166-bfa3-0a309c900aa6");INSERT INTO money_transfer (id, amount, date, status, type, wallet_id) VALUES ("2fc61910-b129-4590-b4ce-a955bdcbe39d", 8386000, "2022-09-14", "CANCELLED", "TOP_UP", "3859122f-4a34-4166-bfa3-0a309c900aa6");INSERT INTO money_transfer (id, amount, date, status, type, wallet_id) VALUES ("cc4f95e9-7508-4a29-bc57-4b28bac042b0", 10749000, "2021-02-09", "SUCCESS", "TOP_UP", "3859122f-4a34-4166-bfa3-0a309c900aa6");INSERT INTO money_transfer (id, amount, date, status, type, wallet_id) VALUES ("c581199f-460e-4e62-bfcd-9dd472f2f822", 11694000, "2022-02-03", "CANCELLED", "TOP_UP", "3c09d12e-f389-4ac6-a6f3-c12777927d6e");INSERT INTO money_transfer (id, amount, date, status, type, wallet_id) VALUES ("b3680372-e2f2-4b05-a91b-71e6c5ddfb62", 3190000, "2020-12-11", "SUCCESS", "TOP_UP", "3c09d12e-f389-4ac6-a6f3-c12777927d6e");INSERT INTO money_transfer (id, amount, date, status, type, wallet_id) VALUES ("fc15e41e-0462-474f-89a3-3b6caa2190f1", 10777000, "2020-12-30", "SUCCESS", "TOP_UP", "3c09d12e-f389-4ac6-a6f3-c12777927d6e");INSERT INTO money_transfer (id, amount, date, status, type, wallet_id) VALUES ("e76b2eab-7a1f-4622-b430-fef531cdefd8", 13074000, "2022-01-09", "SUCCESS", "TOP_UP", "3c09d12e-f389-4ac6-a6f3-c12777927d6e");INSERT INTO money_transfer (id, amount, date, status, type, wallet_id) VALUES ("f98efda8-7b63-4b3c-a46e-89a93a77acb8", 10702000, "2022-09-17", "SUCCESS", "TOP_UP", "3c09d12e-f389-4ac6-a6f3-c12777927d6e");INSERT INTO money_transfer (id, amount, date, status, type, wallet_id) VALUES ("2dbb775e-a4d0-43d6-8e57-fb5bc8028be4", 6468000, "2020-12-05", "SUCCESS", "TOP_UP", "3c09d12e-f389-4ac6-a6f3-c12777927d6e");INSERT INTO money_transfer (id, amount, date, status, type, wallet_id) VALUES ("0b922e7f-26e6-40b1-b0bb-bc53273c2db6", 13916000, "2022-06-23", "SUCCESS", "TOP_UP", "3c09d12e-f389-4ac6-a6f3-c12777927d6e");INSERT INTO money_transfer (id, amount, date, status, type, wallet_id) VALUES ("6ebad827-0696-4afa-8b4f-39d446ceba1d", 11184000, "2022-11-17", "SUCCESS", "TOP_UP", "3c09d12e-f389-4ac6-a6f3-c12777927d6e");INSERT INTO money_transfer (id, amount, date, status, type, wallet_id) VALUES ("977a7fae-bc31-4a1c-a2af-ef2f4a5ad174", 14819000, "2021-02-03", "CANCELLED", "TOP_UP", "32cb44b2-f623-4cf2-9df3-0bf044881d26");INSERT INTO money_transfer (id, amount, date, status, type, wallet_id) VALUES ("19544d0f-becc-447b-b541-4b6831ee577a", 3335000, "2021-01-26", "CANCELLED", "TOP_UP", "32cb44b2-f623-4cf2-9df3-0bf044881d26");INSERT INTO money_transfer (id, amount, date, status, type, wallet_id) VALUES ("9d1c50bb-6d7e-45b8-8638-0fb28c58a9e4", 5231000, "2021-11-09", "SUCCESS", "TOP_UP", "32cb44b2-f623-4cf2-9df3-0bf044881d26");INSERT INTO money_transfer (id, amount, date, status, type, wallet_id) VALUES ("f279491e-1561-44be-adc4-57cf6a6730cb", 12451000, "2022-04-22", "SUCCESS", "TOP_UP", "32cb44b2-f623-4cf2-9df3-0bf044881d26");INSERT INTO money_transfer (id, amount, date, status, type, wallet_id) VALUES ("26c3956d-7ab8-41eb-86dc-50bffab10f2d", 953000, "2021-07-25", "SUCCESS", "TOP_UP", "32cb44b2-f623-4cf2-9df3-0bf044881d26");INSERT INTO money_transfer (id, amount, date, status, type, wallet_id) VALUES ("8e615f46-7bdf-45cf-bb99-00f721be91ed", 7776000, "2021-05-11", "SUCCESS", "TOP_UP", "32cb44b2-f623-4cf2-9df3-0bf044881d26");INSERT INTO money_transfer (id, amount, date, status, type, wallet_id) VALUES ("227c5cde-c369-4b73-8f25-3132974496d6", 2885000, "2021-06-08", "SUCCESS", "TOP_UP", "32cb44b2-f623-4cf2-9df3-0bf044881d26");INSERT INTO money_transfer (id, amount, date, status, type, wallet_id) VALUES ("73ea6e3f-ad01-4dec-84ee-c829fe5ad9f6", 7348000, "2022-04-24", "SUCCESS", "TOP_UP", "32cb44b2-f623-4cf2-9df3-0bf044881d26");INSERT INTO money_transfer (id, amount, date, status, type, wallet_id) VALUES ("8cd800dd-26cc-4c86-adc7-497daeca0fbb", 12580000, "2021-01-26", "SUCCESS", "TOP_UP", "735d1513-9e3b-4ee2-848f-517b715a8b4a");INSERT INTO money_transfer (id, amount, date, status, type, wallet_id) VALUES ("73d9da26-59ca-4c80-a0de-8e6264e5eebd", 4149000, "2021-02-18", "SUCCESS", "TOP_UP", "735d1513-9e3b-4ee2-848f-517b715a8b4a");INSERT INTO money_transfer (id, amount, date, status, type, wallet_id) VALUES ("ab509831-38fa-4d7b-9e09-3d631af42d96", 7259000, "2022-04-16", "SUCCESS", "TOP_UP", "735d1513-9e3b-4ee2-848f-517b715a8b4a");INSERT INTO money_transfer (id, amount, date, status, type, wallet_id) VALUES ("fef94ef8-233d-45a9-af65-1626afb7d945", 2934000, "2022-08-22", "SUCCESS", "TOP_UP", "735d1513-9e3b-4ee2-848f-517b715a8b4a");INSERT INTO money_transfer (id, amount, date, status, type, wallet_id) VALUES ("ecca21b2-8b91-4a77-bfd0-d9af4dd7c8b6", 13791000, "2021-08-31", "SUCCESS", "TOP_UP", "373a7cd1-b061-4a71-97d9-c0b748521b84");INSERT INTO money_transfer (id, amount, date, status, type, wallet_id) VALUES ("5b537fc3-05ee-4412-8ef5-a3716d03dd60", 2405000, "2022-07-16", "SUCCESS", "TOP_UP", "373a7cd1-b061-4a71-97d9-c0b748521b84");INSERT INTO money_transfer (id, amount, date, status, type, wallet_id) VALUES ("e794719f-b76b-41ee-b28b-3e05031440e5", 8741000, "2021-02-15", "SUCCESS", "TOP_UP", "373a7cd1-b061-4a71-97d9-c0b748521b84");INSERT INTO money_transfer (id, amount, date, status, type, wallet_id) VALUES ("bf63e8cb-ff1d-4b3d-8cb6-b58450c9ff36", 7008000, "2022-05-02", "SUCCESS", "TOP_UP", "373a7cd1-b061-4a71-97d9-c0b748521b84");INSERT INTO money_transfer (id, amount, date, status, type, wallet_id) VALUES ("7be451a7-c201-4332-950e-cdc1822200d4", 14758000, "2022-06-27", "SUCCESS", "TOP_UP", "d88cf450-d5a2-405c-a28b-4eba2e24c33a");INSERT INTO money_transfer (id, amount, date, status, type, wallet_id) VALUES ("64eeb4e7-6eb9-4887-af11-6c5520a624ab", 2406000, "2021-09-08", "SUCCESS", "TOP_UP", "d88cf450-d5a2-405c-a28b-4eba2e24c33a");INSERT INTO money_transfer (id, amount, date, status, type, wallet_id) VALUES ("b59985e7-8d1e-4a97-ba31-d6f9c73257cd", 5998000, "2021-10-15", "SUCCESS", "TOP_UP", "d88cf450-d5a2-405c-a28b-4eba2e24c33a");INSERT INTO money_transfer (id, amount, date, status, type, wallet_id) VALUES ("23f51bdb-1c37-40bb-877f-da122b002650", 13418000, "2021-11-13", "SUCCESS", "TOP_UP", "d88cf450-d5a2-405c-a28b-4eba2e24c33a");INSERT INTO money_transfer (id, amount, date, status, type, wallet_id) VALUES ("704e6519-bb54-4a09-8acc-2efe65df8965", 9686000, "2021-03-22", "SUCCESS", "TOP_UP", "d88cf450-d5a2-405c-a28b-4eba2e24c33a");INSERT INTO money_transfer (id, amount, date, status, type, wallet_id) VALUES ("b4770125-85b0-4a21-8f16-5690eb0d9906", 7976000, "2022-09-04", "SUCCESS", "TOP_UP", "d88cf450-d5a2-405c-a28b-4eba2e24c33a");INSERT INTO money_transfer (id, amount, date, status, type, wallet_id) VALUES ("1dfcfe45-a5ee-4cb9-adc7-11acf47964f6", 2729000, "2022-10-30", "CANCELLED", "TOP_UP", "d88cf450-d5a2-405c-a28b-4eba2e24c33a");INSERT INTO money_transfer (id, amount, date, status, type, wallet_id) VALUES ("779867f1-7525-4253-a131-761297849d45", 2521000, "2021-05-08", "CANCELLED", "TOP_UP", "d88cf450-d5a2-405c-a28b-4eba2e24c33a");INSERT INTO money_transfer (id, amount, date, status, type, wallet_id) VALUES ("6e4bd8f8-b16a-4449-a4ba-c2a368e89b89", 5683000, "2021-08-10", "CANCELLED", "TOP_UP", "d88cf450-d5a2-405c-a28b-4eba2e24c33a");INSERT INTO money_transfer (id, amount, date, status, type, wallet_id) VALUES ("302221da-9dd8-4f98-bb86-260622916c46", 1882000, "2022-01-11", "CANCELLED", "TOP_UP", "d88cf450-d5a2-405c-a28b-4eba2e24c33a");INSERT INTO money_transfer (id, amount, date, status, type, wallet_id) VALUES ("c2721a22-e33d-4b31-9ba1-2939cd88e40f", 6492000, "2021-09-26", "CANCELLED", "TOP_UP", "d4d62b90-2d6f-4657-b548-9b066e3e3bcf");INSERT INTO money_transfer (id, amount, date, status, type, wallet_id) VALUES ("b81db15a-180c-4534-ba21-7fe0a529c7b5", 4961000, "2021-04-21", "SUCCESS", "TOP_UP", "d4d62b90-2d6f-4657-b548-9b066e3e3bcf");INSERT INTO money_transfer (id, amount, date, status, type, wallet_id) VALUES ("76dc2c92-9f1a-4722-aefd-84c73010e5de", 4104000, "2021-06-29", "SUCCESS", "TOP_UP", "d4d62b90-2d6f-4657-b548-9b066e3e3bcf");INSERT INTO money_transfer (id, amount, date, status, type, wallet_id) VALUES ("5fbb1a8b-6d32-4d08-aa11-c023e59b74d9", 3431000, "2020-12-02", "CANCELLED", "TOP_UP", "d4d62b90-2d6f-4657-b548-9b066e3e3bcf");INSERT INTO money_transfer (id, amount, date, status, type, wallet_id) VALUES ("d60f34e2-bed4-4697-a19d-59ee6e67bb3c", 6229000, "2022-08-19", "SUCCESS", "TOP_UP", "d4d62b90-2d6f-4657-b548-9b066e3e3bcf");INSERT INTO money_transfer (id, amount, date, status, type, wallet_id) VALUES ("a3a58441-fa84-4c62-bff7-be6d8a3dc6a1", 3870000, "2022-08-15", "SUCCESS", "TOP_UP", "d4d62b90-2d6f-4657-b548-9b066e3e3bcf");INSERT INTO money_transfer (id, amount, date, status, type, wallet_id) VALUES ("3072385c-e5b1-4534-9413-c1a5893de52d", 7365000, "2022-01-13", "SUCCESS", "TOP_UP", "d4d62b90-2d6f-4657-b548-9b066e3e3bcf");INSERT INTO money_transfer (id, amount, date, status, type, wallet_id) VALUES ("03c5011a-3602-4acd-b6cf-8e0b681cbb34", 243000, "2022-05-05", "SUCCESS", "WITHDRAW", "4fd83dc7-db51-4db9-9fd6-ff66be7cc858");INSERT INTO money_transfer (id, amount, date, status, type, wallet_id) VALUES ("39b5a65b-e812-4e25-b036-abdac54caf3f", 169000, "2021-01-10", "SUCCESS", "WITHDRAW", "4f338bf0-8d66-4945-8656-ca9a9b7a3800");INSERT INTO money_transfer (id, amount, date, status, type, wallet_id) VALUES ("af41a6a1-f28e-4582-950c-37cd03e28397", 295000, "2021-09-09", "SUCCESS", "WITHDRAW", "89e05bc5-b49c-4353-a944-5d01c3707fae");INSERT INTO money_transfer (id, amount, date, status, type, wallet_id) VALUES ("5d5b4291-0be8-484b-a170-bd79d8e16a64", 80000, "2021-01-08", "CANCELLED", "WITHDRAW", "89e05bc5-b49c-4353-a944-5d01c3707fae");INSERT INTO money_transfer (id, amount, date, status, type, wallet_id) VALUES ("893b09af-be15-4a48-b43f-b6da7ea91e38", 403000, "2022-12-03", "SUCCESS", "WITHDRAW", "89e05bc5-b49c-4353-a944-5d01c3707fae");INSERT INTO money_transfer (id, amount, date, status, type, wallet_id) VALUES ("9ecf400a-58a1-41d4-9af4-8709c4ba33e9", 314000, "2021-03-11", "SUCCESS", "WITHDRAW", "89e05bc5-b49c-4353-a944-5d01c3707fae");INSERT INTO money_transfer (id, amount, date, status, type, wallet_id) VALUES ("375e9ba1-7aee-4f60-8297-617428c9c96c", 409000, "2020-12-21", "SUCCESS", "WITHDRAW", "12162572-9790-40af-8864-1f2fb041a84f");INSERT INTO money_transfer (id, amount, date, status, type, wallet_id) VALUES ("fc22b97d-7a98-4815-af1e-9f533d78cf77", 270000, "2022-05-13", "SUCCESS", "WITHDRAW", "12162572-9790-40af-8864-1f2fb041a84f");INSERT INTO money_transfer (id, amount, date, status, type, wallet_id) VALUES ("75ee8b01-018c-48aa-a173-6488a86f46bc", 449000, "2021-09-17", "CANCELLED", "WITHDRAW", "12162572-9790-40af-8864-1f2fb041a84f");INSERT INTO money_transfer (id, amount, date, status, type, wallet_id) VALUES ("3bdbe280-d94a-4d09-87b8-0dab224ae824", 305000, "2021-11-28", "CANCELLED", "WITHDRAW", "97929ee4-25c5-4dd0-97c7-6b70713a9c70");INSERT INTO money_transfer (id, amount, date, status, type, wallet_id) VALUES ("0ac310e6-c082-4546-aebb-2abd75f67a0a", 390000, "2022-10-04", "CANCELLED", "WITHDRAW", "97929ee4-25c5-4dd0-97c7-6b70713a9c70");INSERT INTO money_transfer (id, amount, date, status, type, wallet_id) VALUES ("18cfc823-4c29-416d-9059-6d4f308ca075", 334000, "2021-01-30", "SUCCESS", "WITHDRAW", "97929ee4-25c5-4dd0-97c7-6b70713a9c70");INSERT INTO money_transfer (id, amount, date, status, type, wallet_id) VALUES ("04737059-f4dd-43d8-a393-36b508128722", 318000, "2022-10-22", "SUCCESS", "WITHDRAW", "97929ee4-25c5-4dd0-97c7-6b70713a9c70");INSERT INTO money_transfer (id, amount, date, status, type, wallet_id) VALUES ("2e599a66-a5b8-43df-8a00-b850dad916ea", 221000, "2021-04-02", "SUCCESS", "WITHDRAW", "fa58d2cc-a13d-425e-a6e6-8ce85a97268c");INSERT INTO money_transfer (id, amount, date, status, type, wallet_id) VALUES ("e00603bc-cf46-47af-893b-636d7450db5c", 234000, "2022-01-20", "SUCCESS", "WITHDRAW", "fa58d2cc-a13d-425e-a6e6-8ce85a97268c");INSERT INTO money_transfer (id, amount, date, status, type, wallet_id) VALUES ("72e2aadd-ab38-4355-a544-c75baab17f6b", 314000, "2021-12-26", "SUCCESS", "WITHDRAW", "c57246eb-39c5-479f-9516-6eb696a5ccfa");INSERT INTO money_transfer (id, amount, date, status, type, wallet_id) VALUES ("f926808b-511c-483c-a811-961a555af2b3", 276000, "2021-03-16", "CANCELLED", "WITHDRAW", "c57246eb-39c5-479f-9516-6eb696a5ccfa");INSERT INTO money_transfer (id, amount, date, status, type, wallet_id) VALUES ("467d0bdd-2111-453c-8d14-3253c21f7666", 93000, "2020-12-12", "SUCCESS", "WITHDRAW", "b6c34781-2a36-44fe-9368-260aafbd1a0c");INSERT INTO money_transfer (id, amount, date, status, type, wallet_id) VALUES ("45bf9c66-56fd-43a5-9c35-fb76143ead8c", 354000, "2021-01-25", "SUCCESS", "WITHDRAW", "b6c34781-2a36-44fe-9368-260aafbd1a0c");INSERT INTO money_transfer (id, amount, date, status, type, wallet_id) VALUES ("1fba19d8-7b5a-4d29-b6ae-24c8be906e18", 472000, "2022-09-15", "SUCCESS", "WITHDRAW", "b6c34781-2a36-44fe-9368-260aafbd1a0c");INSERT INTO money_transfer (id, amount, date, status, type, wallet_id) VALUES ("95b0a8d7-7ced-48de-91c7-70fe3b61288a", 89000, "2022-01-09", "SUCCESS", "WITHDRAW", "b6c34781-2a36-44fe-9368-260aafbd1a0c");INSERT INTO money_transfer (id, amount, date, status, type, wallet_id) VALUES ("34f8da0e-dcd8-4dd3-8fdc-0c8644d63ab1", 247000, "2021-05-09", "SUCCESS", "WITHDRAW", "0b055c37-5c32-4389-9181-4e573bc4f5e8");INSERT INTO money_transfer (id, amount, date, status, type, wallet_id) VALUES ("18e81451-58fb-4c38-85d0-18d9e2866764", 489000, "2021-07-20", "SUCCESS", "WITHDRAW", "db67e045-32ee-4a62-b41c-040a2981d983");INSERT INTO money_transfer (id, amount, date, status, type, wallet_id) VALUES ("6fc08dc7-f62f-4932-90d0-55a6e28e728c", 81000, "2021-03-08", "SUCCESS", "WITHDRAW", "15882c95-7270-4f5e-a931-9671618c7cee");INSERT INTO money_transfer (id, amount, date, status, type, wallet_id) VALUES ("80df668f-6c24-4185-8f60-29a61476e701", 205000, "2022-08-02", "SUCCESS", "WITHDRAW", "ed67301b-2deb-4bbd-97fc-553e9f5232b8");INSERT INTO money_transfer (id, amount, date, status, type, wallet_id) VALUES ("7b48b77c-eb45-47f2-8f8a-f6a079ca21a5", 318000, "2021-07-31", "SUCCESS", "WITHDRAW", "ed67301b-2deb-4bbd-97fc-553e9f5232b8");INSERT INTO money_transfer (id, amount, date, status, type, wallet_id) VALUES ("2b6d7cb8-e183-4546-b7b0-28cdeb345b41", 365000, "2021-05-12", "SUCCESS", "WITHDRAW", "ed67301b-2deb-4bbd-97fc-553e9f5232b8");INSERT INTO money_transfer (id, amount, date, status, type, wallet_id) VALUES ("329fc52a-6b3a-4c6f-a5c4-39792d8f4adc", 152000, "2020-12-07", "SUCCESS", "WITHDRAW", "ed67301b-2deb-4bbd-97fc-553e9f5232b8");INSERT INTO money_transfer (id, amount, date, status, type, wallet_id) VALUES ("a19290a4-5a74-4920-919d-5652fd1ea749", 473000, "2021-03-29", "SUCCESS", "WITHDRAW", "ed67301b-2deb-4bbd-97fc-553e9f5232b8");INSERT INTO money_transfer (id, amount, date, status, type, wallet_id) VALUES ("3827873a-9c79-427e-b4d0-379497ec418f", 265000, "2021-10-17", "SUCCESS", "WITHDRAW", "7f14f084-af9f-4c82-8211-e089d47f2a72");INSERT INTO money_transfer (id, amount, date, status, type, wallet_id) VALUES ("8d63d21c-4241-4ca4-b50a-66d216c93dde", 386000, "2021-12-25", "CANCELLED", "WITHDRAW", "7f14f084-af9f-4c82-8211-e089d47f2a72");INSERT INTO money_transfer (id, amount, date, status, type, wallet_id) VALUES ("75645ad6-0f5d-4be9-ab1d-32edd791b898", 276000, "2022-12-12", "CANCELLED", "WITHDRAW", "3859122f-4a34-4166-bfa3-0a309c900aa6");INSERT INTO money_transfer (id, amount, date, status, type, wallet_id) VALUES ("d169e304-fecb-4cfb-912a-ee9b83906ab0", 282000, "2021-02-25", "SUCCESS", "WITHDRAW", "3c09d12e-f389-4ac6-a6f3-c12777927d6e");INSERT INTO money_transfer (id, amount, date, status, type, wallet_id) VALUES ("f370903e-f990-4567-987e-8b3af43617ad", 134000, "2022-10-26", "SUCCESS", "WITHDRAW", "3c09d12e-f389-4ac6-a6f3-c12777927d6e");INSERT INTO money_transfer (id, amount, date, status, type, wallet_id) VALUES ("d8b1a0a5-9342-4725-8540-77521ed3f453", 240000, "2022-10-25", "CANCELLED", "WITHDRAW", "3c09d12e-f389-4ac6-a6f3-c12777927d6e");INSERT INTO money_transfer (id, amount, date, status, type, wallet_id) VALUES ("8adb3b8b-bd55-4d15-a587-f3868eebc12a", 192000, "2021-07-31", "SUCCESS", "WITHDRAW", "3c09d12e-f389-4ac6-a6f3-c12777927d6e");INSERT INTO money_transfer (id, amount, date, status, type, wallet_id) VALUES ("e25cdae9-33ca-4912-9c15-8efa934003a0", 64000, "2022-04-28", "CANCELLED", "WITHDRAW", "32cb44b2-f623-4cf2-9df3-0bf044881d26");INSERT INTO money_transfer (id, amount, date, status, type, wallet_id) VALUES ("0f2a4c79-f5c1-4f21-a97d-f5e407852534", 395000, "2021-11-24", "SUCCESS", "WITHDRAW", "32cb44b2-f623-4cf2-9df3-0bf044881d26");INSERT INTO money_transfer (id, amount, date, status, type, wallet_id) VALUES ("30cd2769-ec95-4f73-9fe7-4ef9ef8538bb", 478000, "2022-06-12", "SUCCESS", "WITHDRAW", "735d1513-9e3b-4ee2-848f-517b715a8b4a");INSERT INTO money_transfer (id, amount, date, status, type, wallet_id) VALUES ("a3df6778-71f7-47ff-8c19-36581327432b", 145000, "2021-11-29", "CANCELLED", "WITHDRAW", "735d1513-9e3b-4ee2-848f-517b715a8b4a");INSERT INTO money_transfer (id, amount, date, status, type, wallet_id) VALUES ("ad9fecd5-0a83-4d65-af25-ef31349660ef", 164000, "2021-02-03", "CANCELLED", "WITHDRAW", "735d1513-9e3b-4ee2-848f-517b715a8b4a");INSERT INTO money_transfer (id, amount, date, status, type, wallet_id) VALUES ("d0fad377-2d5d-4eb9-9c70-5f02f0f15217", 65000, "2021-06-09", "SUCCESS", "WITHDRAW", "373a7cd1-b061-4a71-97d9-c0b748521b84");INSERT INTO money_transfer (id, amount, date, status, type, wallet_id) VALUES ("02563d2f-4e61-441f-ad9b-e7bdc16c0d22", 256000, "2022-04-30", "CANCELLED", "WITHDRAW", "373a7cd1-b061-4a71-97d9-c0b748521b84");INSERT INTO money_transfer (id, amount, date, status, type, wallet_id) VALUES ("e26eb57e-5e13-4fc8-badb-f07e87cf0949", 86000, "2021-12-07", "SUCCESS", "WITHDRAW", "373a7cd1-b061-4a71-97d9-c0b748521b84");INSERT INTO money_transfer (id, amount, date, status, type, wallet_id) VALUES ("854a9585-697d-41a3-994b-e63b8de273ad", 233000, "2022-04-15", "CANCELLED", "WITHDRAW", "373a7cd1-b061-4a71-97d9-c0b748521b84");INSERT INTO money_transfer (id, amount, date, status, type, wallet_id) VALUES ("85207092-490d-401a-bcb9-c87af6b6fb42", 296000, "2022-12-09", "SUCCESS", "WITHDRAW", "373a7cd1-b061-4a71-97d9-c0b748521b84");INSERT INTO money_transfer (id, amount, date, status, type, wallet_id) VALUES ("17b0439f-44d3-41f1-b797-d8b88c5e293e", 408000, "2022-07-05", "SUCCESS", "WITHDRAW", "d88cf450-d5a2-405c-a28b-4eba2e24c33a");INSERT INTO money_transfer (id, amount, date, status, type, wallet_id) VALUES ("28ef84ef-4019-4c3f-9243-b2661d65fb6b", 219000, "2022-01-14", "SUCCESS", "WITHDRAW", "d88cf450-d5a2-405c-a28b-4eba2e24c33a");INSERT INTO money_transfer (id, amount, date, status, type, wallet_id) VALUES ("290d764d-c9b8-45b0-a315-cd55a1471185", 319000, "2022-12-09", "CANCELLED", "WITHDRAW", "d88cf450-d5a2-405c-a28b-4eba2e24c33a");INSERT INTO money_transfer (id, amount, date, status, type, wallet_id) VALUES ("ffdece96-635c-4e5f-a4f0-c3835728d5bb", 114000, "2021-04-18", "CANCELLED", "WITHDRAW", "d88cf450-d5a2-405c-a28b-4eba2e24c33a");INSERT INTO money_transfer (id, amount, date, status, type, wallet_id) VALUES ("a8585d69-25de-4956-b185-de860244a7d8", 308000, "2021-12-18", "SUCCESS", "WITHDRAW", "d4d62b90-2d6f-4657-b548-9b066e3e3bcf");INSERT INTO money_transfer (id, amount, date, status, type, wallet_id) VALUES ("06d9ef15-15ef-4433-a420-f06e716be005", 369000, "2021-01-15", "SUCCESS", "WITHDRAW", "d4d62b90-2d6f-4657-b548-9b066e3e3bcf");

INSERT INTO bill (id, value, date, status, rent_contract_id) VALUES ("02a82710-8e3b-43c2-aadd-56eae3b7151b", 11243000, "2022-07-10", "UNPAID", "5c3220a1-bf94-4f18-ad69-9e3baa7d370b");INSERT INTO bill (id, value, date, status, rent_contract_id) VALUES ("22e68e43-52ea-4ea4-a588-cf0038f74a21", 17388000, "2020-12-05", "PAID", "5c3220a1-bf94-4f18-ad69-9e3baa7d370b");INSERT INTO bill (id, value, date, status, rent_contract_id) VALUES ("26649231-3332-4d99-a953-e844159c61fd", 16360000, "2022-07-18", "UNPAID", "ecfc5222-afd5-49c3-835f-f091f7542446");INSERT INTO bill (id, value, date, status, rent_contract_id) VALUES ("95192303-7876-4435-a3fd-1241de84fa46", 11050000, "2022-12-04", "PAID", "ecfc5222-afd5-49c3-835f-f091f7542446");INSERT INTO bill (id, value, date, status, rent_contract_id) VALUES ("4c0cd293-d0f2-4dbe-8a9b-2059f79d2640", 19768000, "2021-03-31", "PAID", "e6f87569-a267-4428-bd3d-8a1be2a7138d");INSERT INTO bill (id, value, date, status, rent_contract_id) VALUES ("265b2115-859f-42ff-9463-57b1d9c5e775", 19973000, "2021-05-13", "PAID", "e6f87569-a267-4428-bd3d-8a1be2a7138d");INSERT INTO bill (id, value, date, status, rent_contract_id) VALUES ("8e8dbc27-af46-40f5-97fa-1b7a6aa75a7e", 5366000, "2022-07-02", "UNPAID", "01ef915b-e546-451e-a114-ce9e1dc2710d");INSERT INTO bill (id, value, date, status, rent_contract_id) VALUES ("5acbcdce-7cd9-47b0-b297-8d4308e44cef", 5038000, "2022-07-24", "PAID", "01ef915b-e546-451e-a114-ce9e1dc2710d");INSERT INTO bill (id, value, date, status, rent_contract_id) VALUES ("f9f28bdb-5ba9-4be6-af33-708064bb5712", 2965000, "2022-09-08", "UNPAID", "5cbd8ed8-a554-4175-8f4e-7a9b047ba059");INSERT INTO bill (id, value, date, status, rent_contract_id) VALUES ("b4219a61-8371-4d71-8645-be925c2b5949", 5994000, "2022-02-28", "PAID", "5cbd8ed8-a554-4175-8f4e-7a9b047ba059");INSERT INTO bill (id, value, date, status, rent_contract_id) VALUES ("42690d31-f426-4228-98f1-49e5bba5a76e", 14809000, "2021-12-13", "PAID", "5cbd8ed8-a554-4175-8f4e-7a9b047ba059");INSERT INTO bill (id, value, date, status, rent_contract_id) VALUES ("b3f3fb37-b63c-41df-b9ab-1e1542dddaae", 10064000, "2022-03-29", "UNPAID", "5cbd8ed8-a554-4175-8f4e-7a9b047ba059");INSERT INTO bill (id, value, date, status, rent_contract_id) VALUES ("9132effc-92e3-4323-a24d-2417ed983319", 4727000, "2021-01-13", "PAID", "5cbd8ed8-a554-4175-8f4e-7a9b047ba059");INSERT INTO bill (id, value, date, status, rent_contract_id) VALUES ("558d6c4e-f984-41ba-b2b5-a2e833742313", 16705000, "2022-06-02", "PAID", "bf02682f-d8c4-4b9e-aac2-665c4d7e37bd");INSERT INTO bill (id, value, date, status, rent_contract_id) VALUES ("4b15d10c-cdb2-405d-ad90-eee322c8dea2", 6283000, "2022-12-08", "PAID", "bf02682f-d8c4-4b9e-aac2-665c4d7e37bd");INSERT INTO bill (id, value, date, status, rent_contract_id) VALUES ("6aa2be92-3ecc-4c0e-a573-e7b95925b46e", 7609000, "2021-02-13", "PAID", "bf02682f-d8c4-4b9e-aac2-665c4d7e37bd");INSERT INTO bill (id, value, date, status, rent_contract_id) VALUES ("9b530b2c-971c-48b5-bb07-6967815ffcef", 12793000, "2021-03-24", "PAID", "bf02682f-d8c4-4b9e-aac2-665c4d7e37bd");INSERT INTO bill (id, value, date, status, rent_contract_id) VALUES ("f5e95b0b-1db3-4a22-848c-35dd95c2c377", 10601000, "2021-06-09", "PAID", "bf02682f-d8c4-4b9e-aac2-665c4d7e37bd");INSERT INTO bill (id, value, date, status, rent_contract_id) VALUES ("6afad649-9904-4d16-bdb1-c2ba83c3bcbc", 14754000, "2022-04-23", "PAID", "6a542212-3192-430e-ae48-745eee5189b8");INSERT INTO bill (id, value, date, status, rent_contract_id) VALUES ("b834bc06-f418-42d0-ad84-5653b10aafde", 10140000, "2021-08-29", "PAID", "6a542212-3192-430e-ae48-745eee5189b8");INSERT INTO bill (id, value, date, status, rent_contract_id) VALUES ("1e641bbf-947d-402a-ae86-445c089416f5", 9605000, "2022-04-29", "PAID", "6a542212-3192-430e-ae48-745eee5189b8");INSERT INTO bill (id, value, date, status, rent_contract_id) VALUES ("6517049b-e1c1-4bbc-a20b-b1e42b6a0665", 4930000, "2022-05-23", "UNPAID", "a2f06489-0330-4340-93fd-19a42ca80e92");INSERT INTO bill (id, value, date, status, rent_contract_id) VALUES ("b9fa7af0-d5f6-407a-8943-fa66d8eaf3c3", 8926000, "2022-05-23", "PAID", "a2f06489-0330-4340-93fd-19a42ca80e92");INSERT INTO bill (id, value, date, status, rent_contract_id) VALUES ("0ab8a6b2-24e1-499c-ac5f-ef8aae903c5c", 7629000, "2022-10-16", "PAID", "a2f06489-0330-4340-93fd-19a42ca80e92");INSERT INTO bill (id, value, date, status, rent_contract_id) VALUES ("efe2f41e-fd4d-4c55-a7ef-afbe16516a17", 15903000, "2022-07-31", "PAID", "a2f06489-0330-4340-93fd-19a42ca80e92");INSERT INTO bill (id, value, date, status, rent_contract_id) VALUES ("bf758913-1cb1-4014-aa82-3932ded5f07a", 10363000, "2022-04-23", "PAID", "ceb9e15e-8108-4bd8-a4ab-c5ae4783c4fc");INSERT INTO bill (id, value, date, status, rent_contract_id) VALUES ("e29ee0cd-0f78-456b-b82a-cc34b26974a6", 15752000, "2022-12-14", "UNPAID", "9c24eee9-adcb-4aa9-8ad1-777238f53770");INSERT INTO bill (id, value, date, status, rent_contract_id) VALUES ("ea927a56-1e33-4065-877f-1954cd70cad0", 17782000, "2022-07-24", "PAID", "9c24eee9-adcb-4aa9-8ad1-777238f53770");INSERT INTO bill (id, value, date, status, rent_contract_id) VALUES ("776cb59c-34a2-4a1d-aac4-0fdbb80d1345", 4280000, "2021-02-18", "PAID", "9c24eee9-adcb-4aa9-8ad1-777238f53770");INSERT INTO bill (id, value, date, status, rent_contract_id) VALUES ("bda8952b-08d9-4b32-911e-a78688556171", 17879000, "2021-02-07", "PAID", "da251eda-e8f9-4ad5-b2ff-42a02c88c8c7");INSERT INTO bill (id, value, date, status, rent_contract_id) VALUES ("cc89b779-460a-46bb-ad15-0277a4d3e86d", 9314000, "2021-11-24", "UNPAID", "da251eda-e8f9-4ad5-b2ff-42a02c88c8c7");INSERT INTO bill (id, value, date, status, rent_contract_id) VALUES ("88d2a447-84b3-4694-bcbd-e1d05c28f639", 19782000, "2022-11-12", "PAID", "da251eda-e8f9-4ad5-b2ff-42a02c88c8c7");INSERT INTO bill (id, value, date, status, rent_contract_id) VALUES ("8d61004d-9309-4bf7-a819-7980c7d615a5", 8304000, "2021-12-21", "PAID", "da251eda-e8f9-4ad5-b2ff-42a02c88c8c7");INSERT INTO bill (id, value, date, status, rent_contract_id) VALUES ("f4e34cfb-cad0-46a2-a23a-1cbd65ba7ea3", 15426000, "2022-03-23", "PAID", "fe307a82-24f5-4d6a-a641-473b61edb505");INSERT INTO bill (id, value, date, status, rent_contract_id) VALUES ("631ba8ad-e80e-4961-9a14-7191ac131597", 15639000, "2021-07-22", "PAID", "fe307a82-24f5-4d6a-a641-473b61edb505");INSERT INTO bill (id, value, date, status, rent_contract_id) VALUES ("f220b976-5161-4387-bbdf-bc5ae3e5e844", 15782000, "2021-08-12", "PAID", "45c62773-ac68-4b63-81cf-0c627ed9b1bf");INSERT INTO bill (id, value, date, status, rent_contract_id) VALUES ("16326b89-352f-4815-87ba-a4d4f60e7994", 13758000, "2022-03-09", "UNPAID", "45c62773-ac68-4b63-81cf-0c627ed9b1bf");INSERT INTO bill (id, value, date, status, rent_contract_id) VALUES ("71f38b04-9b05-42eb-b921-e05e5000aeb2", 18475000, "2022-09-27", "PAID", "45c62773-ac68-4b63-81cf-0c627ed9b1bf");INSERT INTO bill (id, value, date, status, rent_contract_id) VALUES ("34af3ac6-b517-4ea4-a729-2b75f0f10577", 12950000, "2021-08-25", "PAID", "45c62773-ac68-4b63-81cf-0c627ed9b1bf");INSERT INTO bill (id, value, date, status, rent_contract_id) VALUES ("c9445d07-661d-4f22-8366-833b0c085ad5", 5689000, "2022-07-10", "PAID", "bb482447-e558-4e8f-bf1a-401ec2e06f8e");INSERT INTO bill (id, value, date, status, rent_contract_id) VALUES ("f0a9abca-5567-45b4-8615-64d5dfcfdc43", 8252000, "2022-01-07", "PAID", "bb482447-e558-4e8f-bf1a-401ec2e06f8e");INSERT INTO bill (id, value, date, status, rent_contract_id) VALUES ("fc8d7bb0-8d1d-4ef3-8a61-aa5e5c6a0b17", 9164000, "2021-06-09", "UNPAID", "bb482447-e558-4e8f-bf1a-401ec2e06f8e");INSERT INTO bill (id, value, date, status, rent_contract_id) VALUES ("df314650-854c-46af-ae3e-2ba054687ffe", 15750000, "2021-09-09", "PAID", "bb482447-e558-4e8f-bf1a-401ec2e06f8e");INSERT INTO bill (id, value, date, status, rent_contract_id) VALUES ("bfcf4821-2da1-4b79-864a-bf7dcb63eb96", 10003000, "2022-11-24", "PAID", "bb482447-e558-4e8f-bf1a-401ec2e06f8e");INSERT INTO bill (id, value, date, status, rent_contract_id) VALUES ("880c326b-827c-4e94-bdaf-53e13ae2dbb6", 11679000, "2021-08-22", "PAID", "ffa195e9-4f08-448d-b5ff-c1e285fcb3c9");INSERT INTO bill (id, value, date, status, rent_contract_id) VALUES ("eb8eebb7-b82e-4865-9d73-f729ff10848c", 19724000, "2021-03-21", "PAID", "ffa195e9-4f08-448d-b5ff-c1e285fcb3c9");INSERT INTO bill (id, value, date, status, rent_contract_id) VALUES ("26208ddd-279c-45c7-9cbe-de61848836f1", 12161000, "2022-09-26", "PAID", "ffa195e9-4f08-448d-b5ff-c1e285fcb3c9");INSERT INTO bill (id, value, date, status, rent_contract_id) VALUES ("9630abeb-df4f-4533-9b9f-44d17bf5a5a0", 2531000, "2021-11-19", "PAID", "ffa195e9-4f08-448d-b5ff-c1e285fcb3c9");INSERT INTO bill (id, value, date, status, rent_contract_id) VALUES ("f3b2542f-e16b-4095-abef-7ceb642132e3", 7270000, "2022-07-31", "PAID", "ffa195e9-4f08-448d-b5ff-c1e285fcb3c9");

INSERT INTO bill_item (id, quantity, value, bill_id, service_id) VALUES ("cffc03bd-86cb-41b7-a436-418c43833a45", 2, 219000, "02a82710-8e3b-43c2-aadd-56eae3b7151b", "1c35669a-e7e4-4aeb-a4a4-2d47c19036ed");INSERT INTO bill_item (id, quantity, value, bill_id, service_id) VALUES ("7b7c5172-6405-4961-9fd6-d882f4613184", 4, 93000, "02a82710-8e3b-43c2-aadd-56eae3b7151b", "aa405a48-6abd-4d82-adff-7673c06c4a53");INSERT INTO bill_item (id, quantity, value, bill_id, service_id) VALUES ("e0f53735-ca8f-4093-b60a-8e9e2f545e39", 2, 348000, "22e68e43-52ea-4ea4-a588-cf0038f74a21", "1dd3750d-c3f5-4035-bfb3-acad31f59341");INSERT INTO bill_item (id, quantity, value, bill_id, service_id) VALUES ("470f07c6-ba8c-4b99-bebb-4f67bcce4c62", 3, 114000, "22e68e43-52ea-4ea4-a588-cf0038f74a21", "1c35669a-e7e4-4aeb-a4a4-2d47c19036ed");INSERT INTO bill_item (id, quantity, value, bill_id, service_id) VALUES ("4ff6790e-c3a2-47bb-aff6-bf294ea4a189", 3, 405000, "22e68e43-52ea-4ea4-a588-cf0038f74a21", "b28bc160-7fb1-4741-9f02-9859561985a7");INSERT INTO bill_item (id, quantity, value, bill_id, service_id) VALUES ("8211d6bc-6ebf-4bcb-b299-fe7312ab56c5", 1, 184000, "22e68e43-52ea-4ea4-a588-cf0038f74a21", "f64910aa-9a5c-4d2a-92e9-ea23cb460750");INSERT INTO bill_item (id, quantity, value, bill_id, service_id) VALUES ("1f0a6926-2da5-4117-8a00-b42101c93ef3", 3, 294000, "26649231-3332-4d99-a953-e844159c61fd", "b28bc160-7fb1-4741-9f02-9859561985a7");INSERT INTO bill_item (id, quantity, value, bill_id, service_id) VALUES ("740e43c0-69a1-4e94-ad8e-1562d997f742", 4, 268000, "95192303-7876-4435-a3fd-1241de84fa46", "1a4162ff-04e8-47f3-aa12-a25c38e004c8");INSERT INTO bill_item (id, quantity, value, bill_id, service_id) VALUES ("ab0b2cfe-42f8-49d4-9b18-d5f533ca3a56", 1, 131000, "95192303-7876-4435-a3fd-1241de84fa46", "bace14fb-9fb7-4337-bd51-40b26bd182a5");INSERT INTO bill_item (id, quantity, value, bill_id, service_id) VALUES ("2b4d6540-7426-430b-9329-a2f4b8cb3557", 3, 487000, "95192303-7876-4435-a3fd-1241de84fa46", "8f2eeaa3-b56a-4468-a689-3e780dc2e6d8");INSERT INTO bill_item (id, quantity, value, bill_id, service_id) VALUES ("2f72a219-cc43-4a6c-af93-b4c6ab68c1b0", 1, 454000, "95192303-7876-4435-a3fd-1241de84fa46", "1a4162ff-04e8-47f3-aa12-a25c38e004c8");INSERT INTO bill_item (id, quantity, value, bill_id, service_id) VALUES ("ecea23f7-2b48-44a8-92b2-720362f6fdd2", 3, 133000, "95192303-7876-4435-a3fd-1241de84fa46", "f64910aa-9a5c-4d2a-92e9-ea23cb460750");INSERT INTO bill_item (id, quantity, value, bill_id, service_id) VALUES ("68aca17c-2be2-4fc0-bcc9-9b2460596200", 1, 462000, "4c0cd293-d0f2-4dbe-8a9b-2059f79d2640", "1c35669a-e7e4-4aeb-a4a4-2d47c19036ed");INSERT INTO bill_item (id, quantity, value, bill_id, service_id) VALUES ("5706401d-1b21-4812-9e98-c9a15ff20608", 4, 367000, "4c0cd293-d0f2-4dbe-8a9b-2059f79d2640", "bace14fb-9fb7-4337-bd51-40b26bd182a5");INSERT INTO bill_item (id, quantity, value, bill_id, service_id) VALUES ("acf1a890-a56c-477a-bc01-9ccfee356935", 2, 379000, "4c0cd293-d0f2-4dbe-8a9b-2059f79d2640", "416a69ec-6a16-45a4-87c0-92b72750df7b");INSERT INTO bill_item (id, quantity, value, bill_id, service_id) VALUES ("85eae2dd-cab9-4d27-91ff-e667ae8a611a", 1, 400000, "4c0cd293-d0f2-4dbe-8a9b-2059f79d2640", "416a69ec-6a16-45a4-87c0-92b72750df7b");INSERT INTO bill_item (id, quantity, value, bill_id, service_id) VALUES ("4c0d7f85-c842-41b0-80aa-7d8aa4ae41af", 1, 258000, "265b2115-859f-42ff-9463-57b1d9c5e775", "1c35669a-e7e4-4aeb-a4a4-2d47c19036ed");INSERT INTO bill_item (id, quantity, value, bill_id, service_id) VALUES ("27468c46-f689-4d5b-9287-a6278dd7b110", 4, 449000, "265b2115-859f-42ff-9463-57b1d9c5e775", "f64910aa-9a5c-4d2a-92e9-ea23cb460750");INSERT INTO bill_item (id, quantity, value, bill_id, service_id) VALUES ("66778bf0-7540-4eac-893d-97d7add449a5", 1, 251000, "265b2115-859f-42ff-9463-57b1d9c5e775", "1c35669a-e7e4-4aeb-a4a4-2d47c19036ed");INSERT INTO bill_item (id, quantity, value, bill_id, service_id) VALUES ("6977dd17-3554-48ed-ae72-00c94342533b", 2, 298000, "265b2115-859f-42ff-9463-57b1d9c5e775", "aa405a48-6abd-4d82-adff-7673c06c4a53");INSERT INTO bill_item (id, quantity, value, bill_id, service_id) VALUES ("65594530-165a-41f4-8d3c-89a8bae98406", 4, 419000, "265b2115-859f-42ff-9463-57b1d9c5e775", "1a4162ff-04e8-47f3-aa12-a25c38e004c8");INSERT INTO bill_item (id, quantity, value, bill_id, service_id) VALUES ("04a4d9cf-f2ed-44b6-9b50-e13855af36e8", 3, 498000, "8e8dbc27-af46-40f5-97fa-1b7a6aa75a7e", "1dd3750d-c3f5-4035-bfb3-acad31f59341");INSERT INTO bill_item (id, quantity, value, bill_id, service_id) VALUES ("97c40675-acda-420c-b9d8-1a0512c3cf05", 4, 93000, "8e8dbc27-af46-40f5-97fa-1b7a6aa75a7e", "8f2eeaa3-b56a-4468-a689-3e780dc2e6d8");INSERT INTO bill_item (id, quantity, value, bill_id, service_id) VALUES ("1a9c5e81-01d9-48d2-8455-3e5c42686add", 4, 179000, "8e8dbc27-af46-40f5-97fa-1b7a6aa75a7e", "1dd3750d-c3f5-4035-bfb3-acad31f59341");INSERT INTO bill_item (id, quantity, value, bill_id, service_id) VALUES ("a946a995-9542-4273-a5f5-0a5ae727d429", 2, 200000, "8e8dbc27-af46-40f5-97fa-1b7a6aa75a7e", "b28bc160-7fb1-4741-9f02-9859561985a7");INSERT INTO bill_item (id, quantity, value, bill_id, service_id) VALUES ("31042534-16b2-43d6-8a2a-15f4bb4dcb42", 4, 325000, "5acbcdce-7cd9-47b0-b297-8d4308e44cef", "bace14fb-9fb7-4337-bd51-40b26bd182a5");INSERT INTO bill_item (id, quantity, value, bill_id, service_id) VALUES ("b4f02a54-50ad-4a24-948c-d4869acfb73d", 4, 456000, "5acbcdce-7cd9-47b0-b297-8d4308e44cef", "f64910aa-9a5c-4d2a-92e9-ea23cb460750");INSERT INTO bill_item (id, quantity, value, bill_id, service_id) VALUES ("d4664b74-2be7-4621-b014-af5ca65c2232", 2, 338000, "5acbcdce-7cd9-47b0-b297-8d4308e44cef", "1c35669a-e7e4-4aeb-a4a4-2d47c19036ed");INSERT INTO bill_item (id, quantity, value, bill_id, service_id) VALUES ("fcb1bc5f-dbea-46d0-a31f-cf22fc62cf9b", 2, 442000, "5acbcdce-7cd9-47b0-b297-8d4308e44cef", "1dd3750d-c3f5-4035-bfb3-acad31f59341");INSERT INTO bill_item (id, quantity, value, bill_id, service_id) VALUES ("169600ad-da54-400f-a168-cf1f243e607a", 4, 298000, "f9f28bdb-5ba9-4be6-af33-708064bb5712", "8f2eeaa3-b56a-4468-a689-3e780dc2e6d8");INSERT INTO bill_item (id, quantity, value, bill_id, service_id) VALUES ("4a3fae96-fe0b-482d-805c-e68b2e9495fe", 3, 170000, "f9f28bdb-5ba9-4be6-af33-708064bb5712", "1c35669a-e7e4-4aeb-a4a4-2d47c19036ed");INSERT INTO bill_item (id, quantity, value, bill_id, service_id) VALUES ("390ea3aa-3c4d-46d3-93ea-cd7b51cd3a80", 4, 274000, "b4219a61-8371-4d71-8645-be925c2b5949", "f64910aa-9a5c-4d2a-92e9-ea23cb460750");INSERT INTO bill_item (id, quantity, value, bill_id, service_id) VALUES ("dcbf91e1-35a2-408b-8593-6dbb8104c994", 2, 268000, "b4219a61-8371-4d71-8645-be925c2b5949", "b28bc160-7fb1-4741-9f02-9859561985a7");INSERT INTO bill_item (id, quantity, value, bill_id, service_id) VALUES ("90f2a11c-241c-438c-9cbc-11b05f7c71b3", 4, 188000, "b4219a61-8371-4d71-8645-be925c2b5949", "1c35669a-e7e4-4aeb-a4a4-2d47c19036ed");INSERT INTO bill_item (id, quantity, value, bill_id, service_id) VALUES ("a5aa2df8-dd7c-46e7-a6bc-031037ec340d", 2, 463000, "b4219a61-8371-4d71-8645-be925c2b5949", "8f2eeaa3-b56a-4468-a689-3e780dc2e6d8");INSERT INTO bill_item (id, quantity, value, bill_id, service_id) VALUES ("7ea6a8ec-553b-4ae4-8886-7bcfb80763ee", 2, 355000, "b4219a61-8371-4d71-8645-be925c2b5949", "aa405a48-6abd-4d82-adff-7673c06c4a53");INSERT INTO bill_item (id, quantity, value, bill_id, service_id) VALUES ("fb309473-a5b4-48ec-afde-8c078ab2267b", 2, 321000, "42690d31-f426-4228-98f1-49e5bba5a76e", "aa405a48-6abd-4d82-adff-7673c06c4a53");INSERT INTO bill_item (id, quantity, value, bill_id, service_id) VALUES ("2976a262-1b1f-46c6-91f9-05d1ead1d937", 2, 363000, "42690d31-f426-4228-98f1-49e5bba5a76e", "1dd3750d-c3f5-4035-bfb3-acad31f59341");INSERT INTO bill_item (id, quantity, value, bill_id, service_id) VALUES ("babf1bc6-3685-41a1-a7de-2938e54a6f11", 2, 257000, "42690d31-f426-4228-98f1-49e5bba5a76e", "f64910aa-9a5c-4d2a-92e9-ea23cb460750");INSERT INTO bill_item (id, quantity, value, bill_id, service_id) VALUES ("12510586-a2fd-4dd2-935d-0f46cce0d29e", 4, 235000, "42690d31-f426-4228-98f1-49e5bba5a76e", "b28bc160-7fb1-4741-9f02-9859561985a7");INSERT INTO bill_item (id, quantity, value, bill_id, service_id) VALUES ("7994a7eb-30b7-40f7-a469-c2a4873e0554", 4, 128000, "b3f3fb37-b63c-41df-b9ab-1e1542dddaae", "f64910aa-9a5c-4d2a-92e9-ea23cb460750");INSERT INTO bill_item (id, quantity, value, bill_id, service_id) VALUES ("69cb2160-3085-4574-9de1-6cad6c9e28f9", 1, 199000, "b3f3fb37-b63c-41df-b9ab-1e1542dddaae", "416a69ec-6a16-45a4-87c0-92b72750df7b");INSERT INTO bill_item (id, quantity, value, bill_id, service_id) VALUES ("1da2f3c0-63c0-440c-89e7-a9cdb8370689", 3, 112000, "b3f3fb37-b63c-41df-b9ab-1e1542dddaae", "b28bc160-7fb1-4741-9f02-9859561985a7");INSERT INTO bill_item (id, quantity, value, bill_id, service_id) VALUES ("0d270073-c0e1-45dc-b5fe-db80469d89e1", 1, 452000, "b3f3fb37-b63c-41df-b9ab-1e1542dddaae", "bace14fb-9fb7-4337-bd51-40b26bd182a5");INSERT INTO bill_item (id, quantity, value, bill_id, service_id) VALUES ("67f9f026-9fb0-4375-be56-da6dd8d1eac0", 4, 398000, "b3f3fb37-b63c-41df-b9ab-1e1542dddaae", "b28bc160-7fb1-4741-9f02-9859561985a7");INSERT INTO bill_item (id, quantity, value, bill_id, service_id) VALUES ("7988277f-8d51-4eec-9751-47935418d3e5", 3, 397000, "9132effc-92e3-4323-a24d-2417ed983319", "aa405a48-6abd-4d82-adff-7673c06c4a53");INSERT INTO bill_item (id, quantity, value, bill_id, service_id) VALUES ("da173790-06be-4f9b-ac57-07e965378382", 4, 255000, "9132effc-92e3-4323-a24d-2417ed983319", "416a69ec-6a16-45a4-87c0-92b72750df7b");INSERT INTO bill_item (id, quantity, value, bill_id, service_id) VALUES ("acf2a12e-3efb-4c0f-806d-a0b756ad7edb", 4, 242000, "9132effc-92e3-4323-a24d-2417ed983319", "b28bc160-7fb1-4741-9f02-9859561985a7");INSERT INTO bill_item (id, quantity, value, bill_id, service_id) VALUES ("6190df0b-d0d2-47b4-bf62-0a07ddc64a9f", 1, 306000, "9132effc-92e3-4323-a24d-2417ed983319", "8f2eeaa3-b56a-4468-a689-3e780dc2e6d8");INSERT INTO bill_item (id, quantity, value, bill_id, service_id) VALUES ("f47fefa9-ba72-4aab-a3b9-65ba806b41a0", 2, 122000, "9132effc-92e3-4323-a24d-2417ed983319", "bace14fb-9fb7-4337-bd51-40b26bd182a5");INSERT INTO bill_item (id, quantity, value, bill_id, service_id) VALUES ("468a5104-61b2-4d90-a347-3a6109033219", 1, 79000, "558d6c4e-f984-41ba-b2b5-a2e833742313", "1c35669a-e7e4-4aeb-a4a4-2d47c19036ed");INSERT INTO bill_item (id, quantity, value, bill_id, service_id) VALUES ("91756807-b858-4176-a0ba-c40b6402fda2", 4, 456000, "4b15d10c-cdb2-405d-ad90-eee322c8dea2", "8f2eeaa3-b56a-4468-a689-3e780dc2e6d8");INSERT INTO bill_item (id, quantity, value, bill_id, service_id) VALUES ("0c9894ed-d305-4fbb-8d42-176f68a7f977", 1, 500000, "4b15d10c-cdb2-405d-ad90-eee322c8dea2", "416a69ec-6a16-45a4-87c0-92b72750df7b");INSERT INTO bill_item (id, quantity, value, bill_id, service_id) VALUES ("0aa7f6dd-9601-4f3c-aa4f-bebc33ab2552", 2, 493000, "4b15d10c-cdb2-405d-ad90-eee322c8dea2", "1c35669a-e7e4-4aeb-a4a4-2d47c19036ed");INSERT INTO bill_item (id, quantity, value, bill_id, service_id) VALUES ("1b90cf34-c352-4306-9a05-a57f41c5880e", 4, 432000, "6aa2be92-3ecc-4c0e-a573-e7b95925b46e", "1dd3750d-c3f5-4035-bfb3-acad31f59341");INSERT INTO bill_item (id, quantity, value, bill_id, service_id) VALUES ("260d0025-5442-49bb-b2be-fe71a40787bf", 2, 172000, "9b530b2c-971c-48b5-bb07-6967815ffcef", "8f2eeaa3-b56a-4468-a689-3e780dc2e6d8");INSERT INTO bill_item (id, quantity, value, bill_id, service_id) VALUES ("d447536b-ec8c-44e7-acc0-78c77007cd3a", 4, 459000, "9b530b2c-971c-48b5-bb07-6967815ffcef", "bace14fb-9fb7-4337-bd51-40b26bd182a5");INSERT INTO bill_item (id, quantity, value, bill_id, service_id) VALUES ("628d4aa4-efb0-42e0-9f7b-a1904e82f257", 4, 171000, "9b530b2c-971c-48b5-bb07-6967815ffcef", "f64910aa-9a5c-4d2a-92e9-ea23cb460750");INSERT INTO bill_item (id, quantity, value, bill_id, service_id) VALUES ("1abf9f55-7df3-4bde-90c9-2815f705954c", 4, 326000, "9b530b2c-971c-48b5-bb07-6967815ffcef", "1a4162ff-04e8-47f3-aa12-a25c38e004c8");INSERT INTO bill_item (id, quantity, value, bill_id, service_id) VALUES ("5c41cc17-2b3e-48be-9603-2946f75138ab", 4, 57000, "9b530b2c-971c-48b5-bb07-6967815ffcef", "8f2eeaa3-b56a-4468-a689-3e780dc2e6d8");INSERT INTO bill_item (id, quantity, value, bill_id, service_id) VALUES ("e712d04f-78aa-43a1-a130-fe87961f651e", 1, 132000, "f5e95b0b-1db3-4a22-848c-35dd95c2c377", "1dd3750d-c3f5-4035-bfb3-acad31f59341");INSERT INTO bill_item (id, quantity, value, bill_id, service_id) VALUES ("b30fb777-61a6-439c-8150-2451d3576ca6", 4, 232000, "f5e95b0b-1db3-4a22-848c-35dd95c2c377", "8f2eeaa3-b56a-4468-a689-3e780dc2e6d8");INSERT INTO bill_item (id, quantity, value, bill_id, service_id) VALUES ("4bd09824-2c23-418b-8aee-3759519e6079", 2, 174000, "f5e95b0b-1db3-4a22-848c-35dd95c2c377", "aa405a48-6abd-4d82-adff-7673c06c4a53");INSERT INTO bill_item (id, quantity, value, bill_id, service_id) VALUES ("5121ae8f-c697-44e4-aa39-2a34926598f7", 4, 402000, "f5e95b0b-1db3-4a22-848c-35dd95c2c377", "1a4162ff-04e8-47f3-aa12-a25c38e004c8");INSERT INTO bill_item (id, quantity, value, bill_id, service_id) VALUES ("a1898384-e0b0-4ded-8d01-6840679ffbce", 3, 347000, "6afad649-9904-4d16-bdb1-c2ba83c3bcbc", "bace14fb-9fb7-4337-bd51-40b26bd182a5");INSERT INTO bill_item (id, quantity, value, bill_id, service_id) VALUES ("377a56f7-7605-497c-8d65-b3f9d9b976c4", 4, 281000, "b834bc06-f418-42d0-ad84-5653b10aafde", "f64910aa-9a5c-4d2a-92e9-ea23cb460750");INSERT INTO bill_item (id, quantity, value, bill_id, service_id) VALUES ("f40576eb-055e-4a1f-9a69-f23486c3a69f", 1, 415000, "1e641bbf-947d-402a-ae86-445c089416f5", "8f2eeaa3-b56a-4468-a689-3e780dc2e6d8");INSERT INTO bill_item (id, quantity, value, bill_id, service_id) VALUES ("1e9e9839-edb1-4505-b4b7-c8ccc76f7390", 3, 490000, "1e641bbf-947d-402a-ae86-445c089416f5", "8f2eeaa3-b56a-4468-a689-3e780dc2e6d8");INSERT INTO bill_item (id, quantity, value, bill_id, service_id) VALUES ("72ed5535-5498-4f55-aeb0-bdfd5dca2525", 1, 232000, "1e641bbf-947d-402a-ae86-445c089416f5", "1c35669a-e7e4-4aeb-a4a4-2d47c19036ed");INSERT INTO bill_item (id, quantity, value, bill_id, service_id) VALUES ("419e2dad-4895-4a3f-a6a7-9bda838e7deb", 4, 427000, "6517049b-e1c1-4bbc-a20b-b1e42b6a0665", "1c35669a-e7e4-4aeb-a4a4-2d47c19036ed");INSERT INTO bill_item (id, quantity, value, bill_id, service_id) VALUES ("68e1171a-a4e8-46e6-b517-ec293db47dc1", 4, 499000, "6517049b-e1c1-4bbc-a20b-b1e42b6a0665", "1dd3750d-c3f5-4035-bfb3-acad31f59341");INSERT INTO bill_item (id, quantity, value, bill_id, service_id) VALUES ("3f995bf1-00b9-43a2-ac9e-303b9f80c69b", 2, 219000, "6517049b-e1c1-4bbc-a20b-b1e42b6a0665", "b28bc160-7fb1-4741-9f02-9859561985a7");INSERT INTO bill_item (id, quantity, value, bill_id, service_id) VALUES ("87560c8e-414f-40b2-8346-7d9aef3ecb42", 3, 386000, "b9fa7af0-d5f6-407a-8943-fa66d8eaf3c3", "aa405a48-6abd-4d82-adff-7673c06c4a53");INSERT INTO bill_item (id, quantity, value, bill_id, service_id) VALUES ("1fc97381-59aa-421a-a2c0-ae093fca34a5", 2, 318000, "b9fa7af0-d5f6-407a-8943-fa66d8eaf3c3", "bace14fb-9fb7-4337-bd51-40b26bd182a5");INSERT INTO bill_item (id, quantity, value, bill_id, service_id) VALUES ("fbd1e846-0735-4218-8c27-e539b3d05119", 3, 468000, "b9fa7af0-d5f6-407a-8943-fa66d8eaf3c3", "aa405a48-6abd-4d82-adff-7673c06c4a53");INSERT INTO bill_item (id, quantity, value, bill_id, service_id) VALUES ("5f5519d6-bfa9-4d61-ac4c-433bfab72ad1", 4, 355000, "0ab8a6b2-24e1-499c-ac5f-ef8aae903c5c", "1a4162ff-04e8-47f3-aa12-a25c38e004c8");INSERT INTO bill_item (id, quantity, value, bill_id, service_id) VALUES ("f29a4b90-6079-416b-98e9-a93c7f6508d8", 2, 301000, "efe2f41e-fd4d-4c55-a7ef-afbe16516a17", "416a69ec-6a16-45a4-87c0-92b72750df7b");INSERT INTO bill_item (id, quantity, value, bill_id, service_id) VALUES ("d50aa1c9-879d-4c25-91c2-6c5ffd25f123", 2, 478000, "efe2f41e-fd4d-4c55-a7ef-afbe16516a17", "416a69ec-6a16-45a4-87c0-92b72750df7b");INSERT INTO bill_item (id, quantity, value, bill_id, service_id) VALUES ("9d0f16aa-b55c-4886-8f83-9652153a4bb0", 2, 439000, "efe2f41e-fd4d-4c55-a7ef-afbe16516a17", "1c35669a-e7e4-4aeb-a4a4-2d47c19036ed");INSERT INTO bill_item (id, quantity, value, bill_id, service_id) VALUES ("86a978b8-5206-4ae4-938b-fac4cf5a9d45", 1, 97000, "efe2f41e-fd4d-4c55-a7ef-afbe16516a17", "1dd3750d-c3f5-4035-bfb3-acad31f59341");INSERT INTO bill_item (id, quantity, value, bill_id, service_id) VALUES ("8a5b772d-030b-49f8-a7a1-6852e72bb579", 1, 189000, "bf758913-1cb1-4014-aa82-3932ded5f07a", "1a4162ff-04e8-47f3-aa12-a25c38e004c8");INSERT INTO bill_item (id, quantity, value, bill_id, service_id) VALUES ("6c22497d-97ef-4808-8f60-fb363c9e3f1a", 2, 436000, "bf758913-1cb1-4014-aa82-3932ded5f07a", "1dd3750d-c3f5-4035-bfb3-acad31f59341");INSERT INTO bill_item (id, quantity, value, bill_id, service_id) VALUES ("a4ca44df-a7f1-4857-a1cd-cb7a27ee225d", 4, 339000, "bf758913-1cb1-4014-aa82-3932ded5f07a", "416a69ec-6a16-45a4-87c0-92b72750df7b");INSERT INTO bill_item (id, quantity, value, bill_id, service_id) VALUES ("a4a91712-2d94-4380-a255-71f6d70ca1c9", 2, 248000, "bf758913-1cb1-4014-aa82-3932ded5f07a", "f64910aa-9a5c-4d2a-92e9-ea23cb460750");INSERT INTO bill_item (id, quantity, value, bill_id, service_id) VALUES ("f2f5e29d-ad49-46ef-a9c7-762517f7993d", 1, 483000, "bf758913-1cb1-4014-aa82-3932ded5f07a", "8f2eeaa3-b56a-4468-a689-3e780dc2e6d8");INSERT INTO bill_item (id, quantity, value, bill_id, service_id) VALUES ("b3f37dea-abee-4338-8cdb-e1e755e5c33b", 3, 474000, "e29ee0cd-0f78-456b-b82a-cc34b26974a6", "aa405a48-6abd-4d82-adff-7673c06c4a53");INSERT INTO bill_item (id, quantity, value, bill_id, service_id) VALUES ("d94b38f8-90e8-4a3a-818d-d9097665691f", 2, 430000, "e29ee0cd-0f78-456b-b82a-cc34b26974a6", "1a4162ff-04e8-47f3-aa12-a25c38e004c8");INSERT INTO bill_item (id, quantity, value, bill_id, service_id) VALUES ("3402c7c0-d682-47fb-bc6f-32be27ad4323", 3, 442000, "e29ee0cd-0f78-456b-b82a-cc34b26974a6", "416a69ec-6a16-45a4-87c0-92b72750df7b");INSERT INTO bill_item (id, quantity, value, bill_id, service_id) VALUES ("b2136a0d-7271-4247-ad66-2d472bb0ed09", 4, 275000, "e29ee0cd-0f78-456b-b82a-cc34b26974a6", "f64910aa-9a5c-4d2a-92e9-ea23cb460750");INSERT INTO bill_item (id, quantity, value, bill_id, service_id) VALUES ("af375813-e8ed-47b2-b183-af3abec0ec3b", 3, 391000, "ea927a56-1e33-4065-877f-1954cd70cad0", "1c35669a-e7e4-4aeb-a4a4-2d47c19036ed");INSERT INTO bill_item (id, quantity, value, bill_id, service_id) VALUES ("cc8f4f21-3a44-4ba2-bb8f-a068665b19a2", 4, 478000, "ea927a56-1e33-4065-877f-1954cd70cad0", "f64910aa-9a5c-4d2a-92e9-ea23cb460750");INSERT INTO bill_item (id, quantity, value, bill_id, service_id) VALUES ("001ae589-9617-41da-8d23-97634bd226ae", 1, 88000, "776cb59c-34a2-4a1d-aac4-0fdbb80d1345", "1a4162ff-04e8-47f3-aa12-a25c38e004c8");INSERT INTO bill_item (id, quantity, value, bill_id, service_id) VALUES ("5d0e1a59-9323-42b7-a80c-9c2f0e174419", 3, 410000, "776cb59c-34a2-4a1d-aac4-0fdbb80d1345", "1c35669a-e7e4-4aeb-a4a4-2d47c19036ed");INSERT INTO bill_item (id, quantity, value, bill_id, service_id) VALUES ("c2064961-acea-4be6-94c7-01fdd6cbdbc2", 1, 363000, "776cb59c-34a2-4a1d-aac4-0fdbb80d1345", "1a4162ff-04e8-47f3-aa12-a25c38e004c8");INSERT INTO bill_item (id, quantity, value, bill_id, service_id) VALUES ("7a4de883-bb04-4dae-bb11-d150dfdf6f69", 1, 484000, "776cb59c-34a2-4a1d-aac4-0fdbb80d1345", "f64910aa-9a5c-4d2a-92e9-ea23cb460750");INSERT INTO bill_item (id, quantity, value, bill_id, service_id) VALUES ("cb20fb53-7390-4783-b3d9-aa0f6377a2fa", 1, 223000, "bda8952b-08d9-4b32-911e-a78688556171", "416a69ec-6a16-45a4-87c0-92b72750df7b");INSERT INTO bill_item (id, quantity, value, bill_id, service_id) VALUES ("87fd1b98-0271-4fa8-809b-606a0dc7f9cd", 1, 98000, "cc89b779-460a-46bb-ad15-0277a4d3e86d", "bace14fb-9fb7-4337-bd51-40b26bd182a5");INSERT INTO bill_item (id, quantity, value, bill_id, service_id) VALUES ("aa3e5a93-f3a5-4278-8bf8-4b4f953ffe7d", 2, 128000, "cc89b779-460a-46bb-ad15-0277a4d3e86d", "1c35669a-e7e4-4aeb-a4a4-2d47c19036ed");INSERT INTO bill_item (id, quantity, value, bill_id, service_id) VALUES ("d82c0f27-e3f3-4bec-a16e-7e609d340ff4", 2, 268000, "cc89b779-460a-46bb-ad15-0277a4d3e86d", "8f2eeaa3-b56a-4468-a689-3e780dc2e6d8");INSERT INTO bill_item (id, quantity, value, bill_id, service_id) VALUES ("4e344df9-135b-461c-a514-a8e43e1cbcd7", 3, 406000, "cc89b779-460a-46bb-ad15-0277a4d3e86d", "1dd3750d-c3f5-4035-bfb3-acad31f59341");INSERT INTO bill_item (id, quantity, value, bill_id, service_id) VALUES ("11a776aa-10aa-4e7f-8d49-a4e60b289780", 1, 275000, "88d2a447-84b3-4694-bcbd-e1d05c28f639", "bace14fb-9fb7-4337-bd51-40b26bd182a5");INSERT INTO bill_item (id, quantity, value, bill_id, service_id) VALUES ("4177b504-4d61-4665-acad-81798a178ce4", 3, 238000, "88d2a447-84b3-4694-bcbd-e1d05c28f639", "8f2eeaa3-b56a-4468-a689-3e780dc2e6d8");INSERT INTO bill_item (id, quantity, value, bill_id, service_id) VALUES ("7e17c807-8612-4567-addd-75675af02c06", 2, 87000, "88d2a447-84b3-4694-bcbd-e1d05c28f639", "b28bc160-7fb1-4741-9f02-9859561985a7");INSERT INTO bill_item (id, quantity, value, bill_id, service_id) VALUES ("9c5db20f-c9fd-4458-b4f5-534b79fec552", 4, 116000, "88d2a447-84b3-4694-bcbd-e1d05c28f639", "f64910aa-9a5c-4d2a-92e9-ea23cb460750");INSERT INTO bill_item (id, quantity, value, bill_id, service_id) VALUES ("39b22662-1c2c-4e46-a734-e0f35d574535", 4, 239000, "8d61004d-9309-4bf7-a819-7980c7d615a5", "b28bc160-7fb1-4741-9f02-9859561985a7");INSERT INTO bill_item (id, quantity, value, bill_id, service_id) VALUES ("ec2dc81d-e9c0-46c4-89f1-b75fcce235f3", 4, 238000, "8d61004d-9309-4bf7-a819-7980c7d615a5", "f64910aa-9a5c-4d2a-92e9-ea23cb460750");INSERT INTO bill_item (id, quantity, value, bill_id, service_id) VALUES ("fd79cbcd-128e-4596-a3d2-368291dda29a", 2, 342000, "8d61004d-9309-4bf7-a819-7980c7d615a5", "1a4162ff-04e8-47f3-aa12-a25c38e004c8");INSERT INTO bill_item (id, quantity, value, bill_id, service_id) VALUES ("f7902c23-53ec-4cab-b40c-c752f0a47eea", 3, 490000, "8d61004d-9309-4bf7-a819-7980c7d615a5", "1a4162ff-04e8-47f3-aa12-a25c38e004c8");INSERT INTO bill_item (id, quantity, value, bill_id, service_id) VALUES ("888c6317-a6c1-4f84-9dbc-50a5210a7f3c", 1, 236000, "f4e34cfb-cad0-46a2-a23a-1cbd65ba7ea3", "8f2eeaa3-b56a-4468-a689-3e780dc2e6d8");INSERT INTO bill_item (id, quantity, value, bill_id, service_id) VALUES ("af2c1d0e-b8a8-49d1-b9e9-25e4f13194e8", 3, 354000, "f4e34cfb-cad0-46a2-a23a-1cbd65ba7ea3", "1a4162ff-04e8-47f3-aa12-a25c38e004c8");INSERT INTO bill_item (id, quantity, value, bill_id, service_id) VALUES ("4db01d1b-9212-46bf-b0cc-31ef587fc2f4", 4, 430000, "f4e34cfb-cad0-46a2-a23a-1cbd65ba7ea3", "1a4162ff-04e8-47f3-aa12-a25c38e004c8");INSERT INTO bill_item (id, quantity, value, bill_id, service_id) VALUES ("0decd6ea-e969-42bf-aaf9-bf1aa17f40aa", 2, 297000, "631ba8ad-e80e-4961-9a14-7191ac131597", "f64910aa-9a5c-4d2a-92e9-ea23cb460750");INSERT INTO bill_item (id, quantity, value, bill_id, service_id) VALUES ("780e45ed-5c78-46e5-8c18-ab3748ff2053", 2, 214000, "631ba8ad-e80e-4961-9a14-7191ac131597", "416a69ec-6a16-45a4-87c0-92b72750df7b");INSERT INTO bill_item (id, quantity, value, bill_id, service_id) VALUES ("338ad2d5-1684-4ed1-bfcb-1a0effcde952", 3, 464000, "631ba8ad-e80e-4961-9a14-7191ac131597", "1c35669a-e7e4-4aeb-a4a4-2d47c19036ed");INSERT INTO bill_item (id, quantity, value, bill_id, service_id) VALUES ("68c734e7-bdc4-401e-9cce-c5b7451aa8b4", 2, 119000, "631ba8ad-e80e-4961-9a14-7191ac131597", "f64910aa-9a5c-4d2a-92e9-ea23cb460750");INSERT INTO bill_item (id, quantity, value, bill_id, service_id) VALUES ("f3a1b204-1159-404d-8cab-9aca5ea1c35f", 1, 68000, "f220b976-5161-4387-bbdf-bc5ae3e5e844", "8f2eeaa3-b56a-4468-a689-3e780dc2e6d8");INSERT INTO bill_item (id, quantity, value, bill_id, service_id) VALUES ("55112b55-1913-450b-8f63-043f6c98574c", 3, 455000, "f220b976-5161-4387-bbdf-bc5ae3e5e844", "416a69ec-6a16-45a4-87c0-92b72750df7b");INSERT INTO bill_item (id, quantity, value, bill_id, service_id) VALUES ("274b2a0b-17ab-4e48-9e25-7cd30eef49cf", 1, 60000, "f220b976-5161-4387-bbdf-bc5ae3e5e844", "1a4162ff-04e8-47f3-aa12-a25c38e004c8");INSERT INTO bill_item (id, quantity, value, bill_id, service_id) VALUES ("f33cfd47-828d-432d-b3cd-792b741b5e2b", 4, 250000, "16326b89-352f-4815-87ba-a4d4f60e7994", "f64910aa-9a5c-4d2a-92e9-ea23cb460750");INSERT INTO bill_item (id, quantity, value, bill_id, service_id) VALUES ("7bb7a819-cb2c-43f6-830d-0bae3337db7a", 4, 262000, "71f38b04-9b05-42eb-b921-e05e5000aeb2", "1c35669a-e7e4-4aeb-a4a4-2d47c19036ed");INSERT INTO bill_item (id, quantity, value, bill_id, service_id) VALUES ("baea1ac3-b87b-44f7-9b21-e5fd70b69a38", 4, 59000, "71f38b04-9b05-42eb-b921-e05e5000aeb2", "bace14fb-9fb7-4337-bd51-40b26bd182a5");INSERT INTO bill_item (id, quantity, value, bill_id, service_id) VALUES ("6c5317d7-e811-4ba3-9e21-9bc797dabd61", 1, 229000, "71f38b04-9b05-42eb-b921-e05e5000aeb2", "8f2eeaa3-b56a-4468-a689-3e780dc2e6d8");INSERT INTO bill_item (id, quantity, value, bill_id, service_id) VALUES ("adea9a52-61b5-4f23-a47e-778e010591e8", 4, 155000, "71f38b04-9b05-42eb-b921-e05e5000aeb2", "8f2eeaa3-b56a-4468-a689-3e780dc2e6d8");INSERT INTO bill_item (id, quantity, value, bill_id, service_id) VALUES ("c66c9d07-5567-4daf-a076-1651384798c1", 2, 118000, "71f38b04-9b05-42eb-b921-e05e5000aeb2", "416a69ec-6a16-45a4-87c0-92b72750df7b");INSERT INTO bill_item (id, quantity, value, bill_id, service_id) VALUES ("c4110851-fd35-426f-9dfd-ce547cddfbbe", 3, 238000, "34af3ac6-b517-4ea4-a729-2b75f0f10577", "bace14fb-9fb7-4337-bd51-40b26bd182a5");INSERT INTO bill_item (id, quantity, value, bill_id, service_id) VALUES ("341d85e2-3278-492d-951a-7508432cf41c", 2, 426000, "c9445d07-661d-4f22-8366-833b0c085ad5", "1dd3750d-c3f5-4035-bfb3-acad31f59341");INSERT INTO bill_item (id, quantity, value, bill_id, service_id) VALUES ("be118c83-b91e-4245-ace8-7d875574ff9e", 3, 388000, "c9445d07-661d-4f22-8366-833b0c085ad5", "1dd3750d-c3f5-4035-bfb3-acad31f59341");INSERT INTO bill_item (id, quantity, value, bill_id, service_id) VALUES ("ba5ea509-d3a7-4ee3-b3fa-5b8c63775b37", 1, 178000, "f0a9abca-5567-45b4-8615-64d5dfcfdc43", "8f2eeaa3-b56a-4468-a689-3e780dc2e6d8");INSERT INTO bill_item (id, quantity, value, bill_id, service_id) VALUES ("7ce39acf-03fd-4ab3-a144-18839617dd57", 1, 344000, "f0a9abca-5567-45b4-8615-64d5dfcfdc43", "f64910aa-9a5c-4d2a-92e9-ea23cb460750");INSERT INTO bill_item (id, quantity, value, bill_id, service_id) VALUES ("fddcdcb3-7a5b-436f-b063-359ab5cdf8c5", 2, 496000, "f0a9abca-5567-45b4-8615-64d5dfcfdc43", "f64910aa-9a5c-4d2a-92e9-ea23cb460750");INSERT INTO bill_item (id, quantity, value, bill_id, service_id) VALUES ("22087375-e57e-4639-bd50-706abcdaec94", 1, 440000, "fc8d7bb0-8d1d-4ef3-8a61-aa5e5c6a0b17", "8f2eeaa3-b56a-4468-a689-3e780dc2e6d8");INSERT INTO bill_item (id, quantity, value, bill_id, service_id) VALUES ("a2e80702-9962-4f9d-a0b0-d591dcc8fc40", 1, 310000, "fc8d7bb0-8d1d-4ef3-8a61-aa5e5c6a0b17", "1a4162ff-04e8-47f3-aa12-a25c38e004c8");INSERT INTO bill_item (id, quantity, value, bill_id, service_id) VALUES ("aa63b6ec-6325-42c9-8d38-036cf63f0c23", 3, 333000, "fc8d7bb0-8d1d-4ef3-8a61-aa5e5c6a0b17", "416a69ec-6a16-45a4-87c0-92b72750df7b");INSERT INTO bill_item (id, quantity, value, bill_id, service_id) VALUES ("09180c14-531c-4eda-8f0f-570886afdd8e", 4, 391000, "df314650-854c-46af-ae3e-2ba054687ffe", "b28bc160-7fb1-4741-9f02-9859561985a7");INSERT INTO bill_item (id, quantity, value, bill_id, service_id) VALUES ("0da95913-11e3-4ba3-82ef-c94ada52d00a", 1, 323000, "df314650-854c-46af-ae3e-2ba054687ffe", "1a4162ff-04e8-47f3-aa12-a25c38e004c8");INSERT INTO bill_item (id, quantity, value, bill_id, service_id) VALUES ("ef50a20c-9fea-4e05-88c5-e6db9cb0781c", 3, 241000, "df314650-854c-46af-ae3e-2ba054687ffe", "1c35669a-e7e4-4aeb-a4a4-2d47c19036ed");INSERT INTO bill_item (id, quantity, value, bill_id, service_id) VALUES ("7a7fbd0e-03d0-41dc-ba29-b1cfaaf58b08", 4, 380000, "df314650-854c-46af-ae3e-2ba054687ffe", "bace14fb-9fb7-4337-bd51-40b26bd182a5");INSERT INTO bill_item (id, quantity, value, bill_id, service_id) VALUES ("2ec59249-d990-4249-b3e7-c1f918bee1cb", 2, 271000, "bfcf4821-2da1-4b79-864a-bf7dcb63eb96", "b28bc160-7fb1-4741-9f02-9859561985a7");INSERT INTO bill_item (id, quantity, value, bill_id, service_id) VALUES ("7baa7524-02f4-46ee-a07d-49d90d81fe4e", 3, 422000, "bfcf4821-2da1-4b79-864a-bf7dcb63eb96", "aa405a48-6abd-4d82-adff-7673c06c4a53");INSERT INTO bill_item (id, quantity, value, bill_id, service_id) VALUES ("3e6111db-20ce-4185-8d0c-018da8e1154e", 2, 79000, "bfcf4821-2da1-4b79-864a-bf7dcb63eb96", "416a69ec-6a16-45a4-87c0-92b72750df7b");INSERT INTO bill_item (id, quantity, value, bill_id, service_id) VALUES ("37b19af0-9aa6-4e85-b1cf-20fd2ffba5ca", 1, 408000, "bfcf4821-2da1-4b79-864a-bf7dcb63eb96", "f64910aa-9a5c-4d2a-92e9-ea23cb460750");INSERT INTO bill_item (id, quantity, value, bill_id, service_id) VALUES ("54aeaa0f-f447-4ebe-9cb3-5591c1f450ed", 2, 365000, "bfcf4821-2da1-4b79-864a-bf7dcb63eb96", "b28bc160-7fb1-4741-9f02-9859561985a7");INSERT INTO bill_item (id, quantity, value, bill_id, service_id) VALUES ("f9e6d9aa-c9f8-4786-a389-fb0bacd356fb", 4, 295000, "880c326b-827c-4e94-bdaf-53e13ae2dbb6", "1a4162ff-04e8-47f3-aa12-a25c38e004c8");INSERT INTO bill_item (id, quantity, value, bill_id, service_id) VALUES ("57daa822-f76c-4e11-8f19-610158aaed41", 1, 71000, "eb8eebb7-b82e-4865-9d73-f729ff10848c", "bace14fb-9fb7-4337-bd51-40b26bd182a5");INSERT INTO bill_item (id, quantity, value, bill_id, service_id) VALUES ("293e42f0-4129-4141-a7f3-e801e7bc0582", 4, 353000, "26208ddd-279c-45c7-9cbe-de61848836f1", "b28bc160-7fb1-4741-9f02-9859561985a7");INSERT INTO bill_item (id, quantity, value, bill_id, service_id) VALUES ("bd1f1234-5528-4b85-97d8-b562e2adc450", 4, 322000, "26208ddd-279c-45c7-9cbe-de61848836f1", "1c35669a-e7e4-4aeb-a4a4-2d47c19036ed");INSERT INTO bill_item (id, quantity, value, bill_id, service_id) VALUES ("6c9ae591-87ad-4ca8-9b28-bc084fd2dda7", 4, 346000, "9630abeb-df4f-4533-9b9f-44d17bf5a5a0", "aa405a48-6abd-4d82-adff-7673c06c4a53");INSERT INTO bill_item (id, quantity, value, bill_id, service_id) VALUES ("f849bbbd-8fc9-4ffe-8d8e-094f26715c78", 1, 199000, "9630abeb-df4f-4533-9b9f-44d17bf5a5a0", "b28bc160-7fb1-4741-9f02-9859561985a7");INSERT INTO bill_item (id, quantity, value, bill_id, service_id) VALUES ("f079614f-5f25-4f6d-99df-a3221053abea", 1, 299000, "9630abeb-df4f-4533-9b9f-44d17bf5a5a0", "1c35669a-e7e4-4aeb-a4a4-2d47c19036ed");INSERT INTO bill_item (id, quantity, value, bill_id, service_id) VALUES ("0c688911-0690-4c05-9b9e-6205a71177ea", 4, 351000, "9630abeb-df4f-4533-9b9f-44d17bf5a5a0", "1dd3750d-c3f5-4035-bfb3-acad31f59341");INSERT INTO bill_item (id, quantity, value, bill_id, service_id) VALUES ("26dbcf6c-f7d3-4ec2-9676-24d3f7788247", 2, 391000, "9630abeb-df4f-4533-9b9f-44d17bf5a5a0", "8f2eeaa3-b56a-4468-a689-3e780dc2e6d8");INSERT INTO bill_item (id, quantity, value, bill_id, service_id) VALUES ("054f9c4f-1ab5-45ab-b2db-74a9d1acf626", 1, 344000, "f3b2542f-e16b-4095-abef-7ceb642132e3", "416a69ec-6a16-45a4-87c0-92b72750df7b");INSERT INTO bill_item (id, quantity, value, bill_id, service_id) VALUES ("8978cc2b-347c-44ad-ba7a-c4bc78e8b69d", 2, 419000, "f3b2542f-e16b-4095-abef-7ceb642132e3", "b28bc160-7fb1-4741-9f02-9859561985a7");

INSERT INTO device (id, token, customer_id) VALUES ("379eaa86-25ee-4afe-b7f5-0abc3c96bff7", "Device 1", "1cd9b01e-829d-41ca-ab0a-bdd9f8df5a94");INSERT INTO device (id, token, customer_id) VALUES ("9ae50f1f-3a15-47ae-b2ad-c10982ce60fe", "Device 2", "1cd9b01e-829d-41ca-ab0a-bdd9f8df5a94");INSERT INTO device (id, token, customer_id) VALUES ("96a0b4d9-6bc0-4b79-8797-4d71aea8c503", "Device 3", "86955170-c4ea-4e06-873f-5431e182fc64");INSERT INTO device (id, token, customer_id) VALUES ("66f3ca10-d55f-4ee8-9122-cd2719f016b6", "Device 4", "56648e27-5fbe-40a3-a2b7-0e339b443f26");INSERT INTO device (id, token, customer_id) VALUES ("21e5bed1-9415-4c71-8d66-2edc5343265e", "Device 5", "56648e27-5fbe-40a3-a2b7-0e339b443f26");INSERT INTO device (id, token, customer_id) VALUES ("e1515a96-6393-4c6e-8aad-ef5946894c2b", "Device 6", "18ca1b56-6351-4e6a-91d3-a6e198097dd0");INSERT INTO device (id, token, customer_id) VALUES ("fe0607de-619e-4667-92eb-caf1b95580ac", "Device 7", "2e3c2625-3f81-4af5-9e2d-799be512cfb4");INSERT INTO device (id, token, customer_id) VALUES ("9ec337d3-9a92-4e79-b347-2e482ffbbf03", "Device 8", "b327326f-a629-4448-a431-934dc7573a80");INSERT INTO device (id, token, customer_id) VALUES ("61f36bb7-cfe7-4857-ae3f-6c2dec833816", "Device 9", "23a7bd4b-773a-43ef-8c14-84aca0ebda17");INSERT INTO device (id, token, customer_id) VALUES ("8da8341b-b8c1-4bba-a9ff-92a57da76450", "Device 10", "23a7bd4b-773a-43ef-8c14-84aca0ebda17");INSERT INTO device (id, token, customer_id) VALUES ("68c743c7-5e87-458d-a8b5-793fd0d9c194", "Device 11", "f840503d-ffa7-45ae-bc6c-fd656102bb85");INSERT INTO device (id, token, customer_id) VALUES ("adfac13f-207a-4477-92ba-0153a2bff737", "Device 12", "f840503d-ffa7-45ae-bc6c-fd656102bb85");INSERT INTO device (id, token, customer_id) VALUES ("da02cd27-940a-47a9-a96f-66bd38f4b996", "Device 13", "aa8ee497-abb8-4ec0-86a8-e91ed59d2866");INSERT INTO device (id, token, customer_id) VALUES ("a90f3b4c-196a-415c-931f-8daea00fbad4", "Device 14", "f66f7b8c-e7c9-4517-8e80-ea1756ffec46");INSERT INTO device (id, token, customer_id) VALUES ("603ff2ff-e99a-4122-8d0a-6fb9904bf888", "Device 15", "d9063bec-7a51-4cf3-a97d-70c4be32094b");INSERT INTO device (id, token, customer_id) VALUES ("07702ccc-d655-4946-9712-fdc58f11b607", "Device 16", "d9063bec-7a51-4cf3-a97d-70c4be32094b");

UPDATE `safe_building`.`flat` SET `status` = 'UNAVAILABLE' WHERE (`id` = '996adf8e-f70c-4ca2-af6d-b307c03699ee');
UPDATE `safe_building`.`flat` SET `status` = 'UNAVAILABLE' WHERE (`id` = '136c203f-c35f-4475-9c58-a6a55f1d0c8d');
UPDATE `safe_building`.`flat` SET `status` = 'UNAVAILABLE' WHERE (`id` = '327d2b4e-2710-4f5c-8c08-1c8b24baed1a');
UPDATE `safe_building`.`flat` SET `status` = 'UNAVAILABLE' WHERE (`id` = '784dbf39-9a48-4060-888c-33db4fdf34f1');
UPDATE `safe_building`.`flat` SET `status` = 'UNAVAILABLE' WHERE (`id` = '7f524fcf-5cad-4665-82c4-869b31e6bdc2');
UPDATE `safe_building`.`flat` SET `status` = 'UNAVAILABLE' WHERE (`id` = '2650a643-861e-4041-8c14-e229f9fd1573');
UPDATE `safe_building`.`flat` SET `status` = 'UNAVAILABLE' WHERE (`id` = '5d73f52f-da21-46f4-aecd-af4c63c2a23d');
UPDATE `safe_building`.`flat` SET `status` = 'UNAVAILABLE' WHERE (`id` = '615405d8-daad-45eb-bb6d-860cc4ff1446');
UPDATE `safe_building`.`flat` SET `status` = 'UNAVAILABLE' WHERE (`id` = '27457715-f6af-42d7-860a-19869565c37d');
