-- MySQL dump 10.13  Distrib 8.0.30, for Win64 (x86_64)
--
-- Host: localhost    Database: safe_building
-- ------------------------------------------------------
-- Server version	8.0.30

/*!40101 SET @OLD_CHARACTER_SET_CLIENT=@@CHARACTER_SET_CLIENT */;
/*!40101 SET @OLD_CHARACTER_SET_RESULTS=@@CHARACTER_SET_RESULTS */;
/*!40101 SET @OLD_COLLATION_CONNECTION=@@COLLATION_CONNECTION */;
/*!50503 SET NAMES utf8 */;
/*!40103 SET @OLD_TIME_ZONE=@@TIME_ZONE */;
/*!40103 SET TIME_ZONE='+00:00' */;
/*!40014 SET @OLD_UNIQUE_CHECKS=@@UNIQUE_CHECKS, UNIQUE_CHECKS=0 */;
/*!40014 SET @OLD_FOREIGN_KEY_CHECKS=@@FOREIGN_KEY_CHECKS, FOREIGN_KEY_CHECKS=0 */;
/*!40101 SET @OLD_SQL_MODE=@@SQL_MODE, SQL_MODE='NO_AUTO_VALUE_ON_ZERO' */;
/*!40111 SET @OLD_SQL_NOTES=@@SQL_NOTES, SQL_NOTES=0 */;

--
-- Table structure for table `admin`
--

DROP TABLE IF EXISTS `admin`;
/*!40101 SET @saved_cs_client     = @@character_set_client */;
/*!50503 SET character_set_client = utf8mb4 */;
CREATE TABLE `admin` (
  `id` varchar(255) NOT NULL,
  `email` varchar(255) DEFAULT NULL,
  `fullname` varchar(255) DEFAULT NULL,
  `password` varchar(255) DEFAULT NULL,
  `phone` varchar(255) DEFAULT NULL,
  `status` varchar(255) DEFAULT NULL,
  PRIMARY KEY (`id`)
) ENGINE=InnoDB DEFAULT CHARSET=utf8mb4 COLLATE=utf8mb4_0900_ai_ci;
/*!40101 SET character_set_client = @saved_cs_client */;

--
-- Dumping data for table `admin`
--

LOCK TABLES `admin` WRITE;
/*!40000 ALTER TABLE `admin` DISABLE KEYS */;
INSERT INTO `admin` VALUES ('01c5685b-9552-4dc7-a8bb-bb5de0197242','admin2@gmail.com','Admin 2','$2a$12$xOXUkpChPTfs/WmRvNS3s.Wqz2Wn9GdWO1Ttiea.2pRhGmYvVI5UK','0123456781','INACTIVE'),('04c06f5a-ae04-4060-97de-b6f56d49337f','admin4@gmail.com','Admin 4','$2a$12$xOXUkpChPTfs/WmRvNS3s.Wqz2Wn9GdWO1Ttiea.2pRhGmYvVI5UK','0123456783','ACTIVE'),('33e371fb-c118-41d5-9486-712d172b3065','admin7@gmail.com','Admin 7','$2a$12$xOXUkpChPTfs/WmRvNS3s.Wqz2Wn9GdWO1Ttiea.2pRhGmYvVI5UK','0123456786','ACTIVE'),('472e4579-5213-4669-b84f-87d1f441ac43','admin1@gmail.com','Admin 1','$2a$12$xOXUkpChPTfs/WmRvNS3s.Wqz2Wn9GdWO1Ttiea.2pRhGmYvVI5UK','0123456780','ACTIVE'),('6ad45b7f-b3aa-49ce-954e-329d4435a857','admin5@gmail.com','Admin 5','$2a$12$xOXUkpChPTfs/WmRvNS3s.Wqz2Wn9GdWO1Ttiea.2pRhGmYvVI5UK','0123456784','ACTIVE'),('784b84db-04d4-4c01-8186-b9f409f099e3','admin8@gmail.com','Admin 8','$2a$12$xOXUkpChPTfs/WmRvNS3s.Wqz2Wn9GdWO1Ttiea.2pRhGmYvVI5UK','0123456787','INACTIVE'),('8434a923-589e-4861-8f8c-58be405aa0b8','admin6@gmail.com','Admin 6','$2a$12$xOXUkpChPTfs/WmRvNS3s.Wqz2Wn9GdWO1Ttiea.2pRhGmYvVI5UK','0123456785','ACTIVE'),('c8642141-3cb3-4f20-9943-d5f52bcb7210','admin10@gmail.com','Admin 10','$2a$12$xOXUkpChPTfs/WmRvNS3s.Wqz2Wn9GdWO1Ttiea.2pRhGmYvVI5UK','0123456789','ACTIVE'),('f43baab7-5f50-4af9-bc23-ef68f39aa4dc','admin3@gmail.com','Admin 3','$2a$12$xOXUkpChPTfs/WmRvNS3s.Wqz2Wn9GdWO1Ttiea.2pRhGmYvVI5UK','0123456782','ACTIVE'),('fd0898c5-f782-4f8f-b4c8-15e322f0e6ab','admin9@gmail.com','Admin 9','$2a$12$xOXUkpChPTfs/WmRvNS3s.Wqz2Wn9GdWO1Ttiea.2pRhGmYvVI5UK','0123456788','ACTIVE');
/*!40000 ALTER TABLE `admin` ENABLE KEYS */;
UNLOCK TABLES;

--
-- Table structure for table `bill`
--

DROP TABLE IF EXISTS `bill`;
/*!40101 SET @saved_cs_client     = @@character_set_client */;
/*!50503 SET character_set_client = utf8mb4 */;
CREATE TABLE `bill` (
  `id` varchar(255) NOT NULL,
  `date` date DEFAULT NULL,
  `status` varchar(255) DEFAULT NULL,
  `value` int NOT NULL,
  `rent_contract_id` varchar(255) DEFAULT NULL,
  PRIMARY KEY (`id`),
  KEY `FK6ypgaebq9kfs5w5hya1qah2yh` (`rent_contract_id`),
  CONSTRAINT `FK6ypgaebq9kfs5w5hya1qah2yh` FOREIGN KEY (`rent_contract_id`) REFERENCES `rent_contract` (`id`)
) ENGINE=InnoDB DEFAULT CHARSET=utf8mb4 COLLATE=utf8mb4_0900_ai_ci;
/*!40101 SET character_set_client = @saved_cs_client */;

--
-- Dumping data for table `bill`
--

LOCK TABLES `bill` WRITE;
/*!40000 ALTER TABLE `bill` DISABLE KEYS */;
INSERT INTO `bill` VALUES ('01bbc61d-0bef-42cb-9abc-93153591fefa','2021-01-23','UNPAID',10034000,'3a963a71-860b-49c7-a862-1e2777a8e47c'),('03096912-a917-44ba-88b9-56d11f61d247','2021-04-02','PAID',16830000,'129eecf0-4e5e-43d5-b590-e0b26edf1d2f'),('0bd5b43d-f391-40ab-8594-6b2c99126353','2022-06-15','PAID',16586000,'129eecf0-4e5e-43d5-b590-e0b26edf1d2f'),('0d07163e-5d79-48be-ad0a-782929c1ac74','2022-02-21','UNPAID',4097000,'f3850e8b-6538-4faa-b5b2-b1732190da28'),('109b6088-24d4-4545-8ca7-7f2d6ef94a20','2022-08-14','PAID',3091000,'da8cc72d-1128-469e-b3ac-a2ec5ff11805'),('11239794-a0c3-47e3-96cf-e25236e76266','2021-07-22','UNPAID',13714000,'503303fd-654e-4a39-87d8-916c8713840f'),('1dc65b08-5b3f-4ce2-ad60-b13ba3a3444b','2022-07-05','PAID',5810000,'d2158da6-0b76-44fb-b141-fb2c53346abe'),('1dce6a54-85f0-4101-b66f-6eebfaba60cb','2022-04-04','UNPAID',14378000,'e9d39c57-e534-4d38-93ec-7010c32f8085'),('246e7142-b5c8-4b54-81d6-c24f2df9a795','2021-09-06','PAID',4373000,'da8cc72d-1128-469e-b3ac-a2ec5ff11805'),('24c6d191-dc36-4647-b586-2fc85b750e70','2021-12-06','PAID',12762000,'4d72d0b9-01bc-43cc-933a-09e8269f8911'),('25026734-dc36-4e38-834a-1291a721073f','2021-09-15','PAID',19886000,'f3850e8b-6538-4faa-b5b2-b1732190da28'),('273c4702-4927-40b3-b8d2-2bc9957d834d','2021-04-22','PAID',1707000,'4d72d0b9-01bc-43cc-933a-09e8269f8911'),('27f1ba71-6d4e-4d86-9e0e-db5ff4993ef2','2022-05-21','UNPAID',6493000,'f3850e8b-6538-4faa-b5b2-b1732190da28'),('28a67eb2-b3b5-46e1-8128-16347324f674','2022-12-05','PAID',13246000,'da8cc72d-1128-469e-b3ac-a2ec5ff11805'),('28e60199-ef5b-45f6-ad3b-65cc7b572d3f','2022-12-06','PAID',9495000,'129eecf0-4e5e-43d5-b590-e0b26edf1d2f'),('2ed2233b-293c-4e01-b716-a8a9e4096896','2021-09-28','PAID',14793000,'da8cc72d-1128-469e-b3ac-a2ec5ff11805'),('328979ab-28ee-4344-b241-442f054133b9','2023-03-23','UNPAID',25300000,'997ba5ae-e013-4131-9b15-33375325007f'),('364cbf4f-c0bd-4023-ae44-be917714a2cc','2022-07-30','PAID',11859000,'d2158da6-0b76-44fb-b141-fb2c53346abe'),('37779bc7-5dcb-4831-87f3-23478b1d340e','2022-10-18','PAID',12157000,'209ec7c0-ec69-4985-a0b7-f6f3c6f3c37d'),('3cf2efd0-9169-460c-90d0-97d26629fd3c','2022-02-14','UNPAID',6753000,'129eecf0-4e5e-43d5-b590-e0b26edf1d2f'),('418a8e25-482b-46e8-a054-3ea274711a5a','2021-12-02','UNPAID',15597000,'4d72d0b9-01bc-43cc-933a-09e8269f8911'),('4e7a4e3b-c8f5-4dc8-a80e-3e5870b77ebe','2020-12-17','PAID',15243000,'d2158da6-0b76-44fb-b141-fb2c53346abe'),('56c92d75-6bcb-4ded-bc7b-5623742e6971','2021-06-11','UNPAID',5700000,'503303fd-654e-4a39-87d8-916c8713840f'),('5a5201f6-bf1e-480f-8694-66d6c1818be6','2022-01-25','PAID',16433000,'3a963a71-860b-49c7-a862-1e2777a8e47c'),('625d8132-33da-41af-9a0b-8302fd05bd88','2022-04-08','PAID',18772000,'503303fd-654e-4a39-87d8-916c8713840f'),('74c86cfd-64e1-4e7b-88e1-4c1c02cb1e94','2022-01-06','PAID',15593000,'e9d39c57-e534-4d38-93ec-7010c32f8085'),('7903c94a-dc00-4c4b-915a-acfc5d7f9dba','2021-03-07','PAID',15548000,'578927f7-fb85-43a6-b6bc-e0a7fc05079b'),('7a126330-334f-4063-a1e4-ee75e2d912e8','2022-07-07','UNPAID',15284000,'da8cc72d-1128-469e-b3ac-a2ec5ff11805'),('85dc66a0-cdf4-4917-97fc-86f3f045facc','2021-07-28','UNPAID',11895000,'3a963a71-860b-49c7-a862-1e2777a8e47c'),('9542a0c6-e70b-45af-b48c-6421509ecf76','2022-07-22','PAID',1375000,'3a963a71-860b-49c7-a862-1e2777a8e47c'),('a7084cd0-c511-4ce1-bd2c-691ca0c6cb67','2021-11-25','PAID',6184000,'8d9dbdad-532c-4117-a8b1-3343db3ac7cd'),('b1c406fe-b926-4b23-b24f-3369178b2578','2021-06-29','PAID',11421000,'f3850e8b-6538-4faa-b5b2-b1732190da28'),('b1dcca76-90be-45d9-9bbb-859d3ebb6715','2021-05-10','UNPAID',2972000,'997ba5ae-e013-4131-9b15-33375325007f'),('b26703b1-5b4b-4b81-a370-b62ad9284832','2021-02-14','PAID',16557000,'8d9dbdad-532c-4117-a8b1-3343db3ac7cd'),('b902eca1-b215-438f-a208-be1de2125031','2021-06-01','UNPAID',8232000,'209ec7c0-ec69-4985-a0b7-f6f3c6f3c37d'),('be2ccd67-5bff-4a27-8082-12b36cff1acc','2021-02-01','PAID',7618000,'3a963a71-860b-49c7-a862-1e2777a8e47c'),('d92f2f8c-f7b6-4479-8626-f1bdf53f61ad','2021-01-18','PAID',11255000,'503303fd-654e-4a39-87d8-916c8713840f'),('db3c9537-e5b2-459e-95a1-efc7f78eb6c9','2022-06-03','PAID',8404000,'4d72d0b9-01bc-43cc-933a-09e8269f8911'),('e478e757-3c1f-465c-b36b-0988425e505b','2021-12-02','PAID',18552000,'8d9dbdad-532c-4117-a8b1-3343db3ac7cd'),('f3e50b9b-6994-442a-95b4-69be9855f24f','2022-07-22','PAID',4610000,'8d9dbdad-532c-4117-a8b1-3343db3ac7cd'),('f4c40fdb-79a2-4001-b1af-f12cec560b40','2022-06-22','UNPAID',4968000,'d2158da6-0b76-44fb-b141-fb2c53346abe'),('f8751e56-647f-49b0-ad75-5a43d4263f27','2021-03-08','PAID',17162000,'997ba5ae-e013-4131-9b15-33375325007f'),('fc7019d2-8af6-40db-8ebc-2ca69637c274','2021-05-29','PAID',1764000,'503303fd-654e-4a39-87d8-916c8713840f'),('ff0799e6-387e-4982-b0b9-7f82cced8630','2022-10-08','PAID',15611000,'8d9dbdad-532c-4117-a8b1-3343db3ac7cd');
/*!40000 ALTER TABLE `bill` ENABLE KEYS */;
UNLOCK TABLES;

--
-- Table structure for table `bill_item`
--

DROP TABLE IF EXISTS `bill_item`;
/*!40101 SET @saved_cs_client     = @@character_set_client */;
/*!50503 SET character_set_client = utf8mb4 */;
CREATE TABLE `bill_item` (
  `id` varchar(255) NOT NULL,
  `quantity` int NOT NULL,
  `value` int NOT NULL,
  `bill_id` varchar(255) DEFAULT NULL,
  `service_id` varchar(255) DEFAULT NULL,
  PRIMARY KEY (`id`),
  KEY `FKcf0kpt07c9onbtvnttajk3skx` (`bill_id`),
  KEY `FKn9c5cacfxqfx6pwhpdvokahil` (`service_id`),
  CONSTRAINT `FKcf0kpt07c9onbtvnttajk3skx` FOREIGN KEY (`bill_id`) REFERENCES `bill` (`id`),
  CONSTRAINT `FKn9c5cacfxqfx6pwhpdvokahil` FOREIGN KEY (`service_id`) REFERENCES `service` (`id`)
) ENGINE=InnoDB DEFAULT CHARSET=utf8mb4 COLLATE=utf8mb4_0900_ai_ci;
/*!40101 SET character_set_client = @saved_cs_client */;

--
-- Dumping data for table `bill_item`
--

LOCK TABLES `bill_item` WRITE;
/*!40000 ALTER TABLE `bill_item` DISABLE KEYS */;
INSERT INTO `bill_item` VALUES ('00d0864d-349c-4fa4-be03-f9aec9a9981a',2,166000,'74c86cfd-64e1-4e7b-88e1-4c1c02cb1e94','2d9667b8-6057-4fd1-b95b-67442378ab4b'),('035cf3cb-fde0-4783-bbea-d1b4e8cf51a3',1,227000,'364cbf4f-c0bd-4023-ae44-be917714a2cc','e357a868-2d73-494a-8b52-f075980fa1f7'),('0d5a2879-cdbb-45a4-8b0d-62f9bfd82ed7',2,251000,'b26703b1-5b4b-4b81-a370-b62ad9284832','4c3ce235-6a20-4d98-8553-0622cd19f03e'),('138cc62e-e500-4036-9d3e-3ad9f6b15886',2,438000,'d92f2f8c-f7b6-4479-8626-f1bdf53f61ad','a3e971b3-037d-4c06-9188-9d633f45531b'),('16b06dee-8701-4b0e-9df7-67746189100f',2,324000,'273c4702-4927-40b3-b8d2-2bc9957d834d','2d9667b8-6057-4fd1-b95b-67442378ab4b'),('185f3d3b-de3f-4ad6-8a43-1b49e74cf2c4',1,175000,'2ed2233b-293c-4e01-b716-a8a9e4096896','4c3ce235-6a20-4d98-8553-0622cd19f03e'),('196e9ff1-9806-45fb-90db-93e941076f04',4,107000,'273c4702-4927-40b3-b8d2-2bc9957d834d','f2326022-850e-43ad-9ed8-4b68ab9c243b'),('1d1bd1d2-d477-40a2-b666-2d13ab889285',3,146000,'418a8e25-482b-46e8-a054-3ea274711a5a','f2326022-850e-43ad-9ed8-4b68ab9c243b'),('1ee56c80-529e-4e21-93e2-1fc6efbcfe69',1,416000,'db3c9537-e5b2-459e-95a1-efc7f78eb6c9','cf31839c-6359-4128-b09e-bd147879d713'),('1fc893e2-6eeb-43ae-b6d2-c1c2c72dc148',1,300000,'328979ab-28ee-4344-b241-442f054133b9','00280a08-a9c6-4786-87e2-8dbce6368489'),('2018c2b3-d4de-44f8-82d7-af0e2422f008',3,155000,'3cf2efd0-9169-460c-90d0-97d26629fd3c','f2326022-850e-43ad-9ed8-4b68ab9c243b'),('2143fd21-70f9-457c-bdf7-140d8278cade',1,180000,'b1dcca76-90be-45d9-9bbb-859d3ebb6715','8dda8944-b325-4e1c-80c4-568090d69cc7'),('223d1743-87ba-4629-92dd-96b4d205584d',3,281000,'be2ccd67-5bff-4a27-8082-12b36cff1acc','8dda8944-b325-4e1c-80c4-568090d69cc7'),('226a9b42-3bc0-4800-bd66-f2d547583c2e',3,349000,'2ed2233b-293c-4e01-b716-a8a9e4096896','4c3ce235-6a20-4d98-8553-0622cd19f03e'),('24549d52-b8bc-4ef0-81df-67b756235e0d',4,378000,'37779bc7-5dcb-4831-87f3-23478b1d340e','4c3ce235-6a20-4d98-8553-0622cd19f03e'),('25de2278-8cf6-4065-9872-59102caeb6fd',1,125000,'b902eca1-b215-438f-a208-be1de2125031','cf31839c-6359-4128-b09e-bd147879d713'),('25f57602-f14a-4b73-8532-ae0fbc02eb17',2,112000,'3cf2efd0-9169-460c-90d0-97d26629fd3c','a8a289dc-66a0-47f9-b797-8b70f74071bc'),('26ad3be4-2774-402d-9cff-21cbc208dad9',2,497000,'3cf2efd0-9169-460c-90d0-97d26629fd3c','f2326022-850e-43ad-9ed8-4b68ab9c243b'),('2ad1ec50-49ac-4ea6-8671-adcba05954f5',3,385000,'fc7019d2-8af6-40db-8ebc-2ca69637c274','2d9667b8-6057-4fd1-b95b-67442378ab4b'),('2b85dc5e-004c-4c9b-af51-2a917adbe98e',4,340000,'b26703b1-5b4b-4b81-a370-b62ad9284832','8dda8944-b325-4e1c-80c4-568090d69cc7'),('2fdda1ad-2e4d-4755-8469-a880567f8934',4,459000,'d92f2f8c-f7b6-4479-8626-f1bdf53f61ad','00280a08-a9c6-4786-87e2-8dbce6368489'),('30e10392-b8b4-4ade-8c6f-9030b79ef196',4,167000,'74c86cfd-64e1-4e7b-88e1-4c1c02cb1e94','a8a289dc-66a0-47f9-b797-8b70f74071bc'),('30f079a7-a778-485f-8102-c5182c60220e',1,480000,'418a8e25-482b-46e8-a054-3ea274711a5a','4c3ce235-6a20-4d98-8553-0622cd19f03e'),('3792cabd-fd59-442e-94bf-64836974d37e',2,172000,'b26703b1-5b4b-4b81-a370-b62ad9284832','4c3ce235-6a20-4d98-8553-0622cd19f03e'),('3888a6f6-1d95-4732-ace4-425477c932ed',4,432000,'56c92d75-6bcb-4ded-bc7b-5623742e6971','f2326022-850e-43ad-9ed8-4b68ab9c243b'),('3a9bf967-49cc-4b40-85d9-c56c006f21d0',2,159000,'ff0799e6-387e-4982-b0b9-7f82cced8630','a8a289dc-66a0-47f9-b797-8b70f74071bc'),('3b6e3ab2-452e-43fb-aac7-283c0b2c7a9f',2,490000,'418a8e25-482b-46e8-a054-3ea274711a5a','f2326022-850e-43ad-9ed8-4b68ab9c243b'),('3d824636-04b5-4ca4-a3f6-77f723c2d404',4,424000,'418a8e25-482b-46e8-a054-3ea274711a5a','00280a08-a9c6-4786-87e2-8dbce6368489'),('4416f336-c819-47cb-820c-544b7e25ad6e',3,138000,'3cf2efd0-9169-460c-90d0-97d26629fd3c','8dda8944-b325-4e1c-80c4-568090d69cc7'),('46f8ce15-180c-49ad-ade2-dc1928a7de84',1,325000,'418a8e25-482b-46e8-a054-3ea274711a5a','e357a868-2d73-494a-8b52-f075980fa1f7'),('471bd848-68f5-4d29-8285-7103562d871d',2,159000,'28a67eb2-b3b5-46e1-8128-16347324f674','e357a868-2d73-494a-8b52-f075980fa1f7'),('473c0789-eb15-41d2-813b-55f0226c6bb0',3,474000,'db3c9537-e5b2-459e-95a1-efc7f78eb6c9','e357a868-2d73-494a-8b52-f075980fa1f7'),('486437d5-714c-4a41-a3db-c0bd8496f905',4,328000,'a7084cd0-c511-4ce1-bd2c-691ca0c6cb67','2d9667b8-6057-4fd1-b95b-67442378ab4b'),('4b5bad91-bc7f-43b9-8cdb-851ecbf946ea',3,371000,'f3e50b9b-6994-442a-95b4-69be9855f24f','f2326022-850e-43ad-9ed8-4b68ab9c243b'),('4c3a43db-7c6c-4aed-9c4f-d945ea7e08f0',3,412000,'a7084cd0-c511-4ce1-bd2c-691ca0c6cb67','00280a08-a9c6-4786-87e2-8dbce6368489'),('4c7b45cb-73a7-4ebb-aeb4-45336db9ea07',3,393000,'0bd5b43d-f391-40ab-8594-6b2c99126353','00280a08-a9c6-4786-87e2-8dbce6368489'),('4ec309a4-4f88-4d07-b045-fd8072494824',4,305000,'b1c406fe-b926-4b23-b24f-3369178b2578','8dda8944-b325-4e1c-80c4-568090d69cc7'),('4fd04cac-1302-4589-882a-27ca392a7218',4,221000,'e478e757-3c1f-465c-b36b-0988425e505b','2d9667b8-6057-4fd1-b95b-67442378ab4b'),('54a7a03c-c912-4ef0-8a89-76ecfbe45e1f',4,241000,'246e7142-b5c8-4b54-81d6-c24f2df9a795','cf31839c-6359-4128-b09e-bd147879d713'),('568be8de-5e08-4f15-9075-95a6f7575d02',1,54000,'1dc65b08-5b3f-4ce2-ad60-b13ba3a3444b','cf31839c-6359-4128-b09e-bd147879d713'),('585f90b1-ccd8-4fe9-8c3e-c3da822991cd',2,431000,'f4c40fdb-79a2-4001-b1af-f12cec560b40','a3e971b3-037d-4c06-9188-9d633f45531b'),('59df5d25-2c32-42f7-946f-07b413a03c28',4,289000,'74c86cfd-64e1-4e7b-88e1-4c1c02cb1e94','e357a868-2d73-494a-8b52-f075980fa1f7'),('5b4dbe69-69c8-439c-8cf5-84e1c3d105c6',3,466000,'56c92d75-6bcb-4ded-bc7b-5623742e6971','a8a289dc-66a0-47f9-b797-8b70f74071bc'),('5c3c25df-eb5e-4dbd-8e63-b3a3501428bf',4,261000,'28e60199-ef5b-45f6-ad3b-65cc7b572d3f','00280a08-a9c6-4786-87e2-8dbce6368489'),('63ed1e5a-4f23-4e98-98f0-461a5b44d4e5',3,93000,'109b6088-24d4-4545-8ca7-7f2d6ef94a20','2d9667b8-6057-4fd1-b95b-67442378ab4b'),('64c21406-4f64-4c08-820e-afb6d0e14e87',2,217000,'364cbf4f-c0bd-4023-ae44-be917714a2cc','4c3ce235-6a20-4d98-8553-0622cd19f03e'),('660bf8b5-3835-4f2a-9793-08a692dc1c2e',3,179000,'0d07163e-5d79-48be-ad0a-782929c1ac74','cf31839c-6359-4128-b09e-bd147879d713'),('684e2d00-bc67-457b-b558-536e5def6b8e',2,324000,'625d8132-33da-41af-9a0b-8302fd05bd88','a3e971b3-037d-4c06-9188-9d633f45531b'),('70557b7d-5073-410f-8617-5ac9b53c1ff5',3,183000,'0d07163e-5d79-48be-ad0a-782929c1ac74','8dda8944-b325-4e1c-80c4-568090d69cc7'),('70b2a984-6519-42da-b894-a5824015595f',4,302000,'28e60199-ef5b-45f6-ad3b-65cc7b572d3f','00280a08-a9c6-4786-87e2-8dbce6368489'),('7203e8aa-ce4c-4e95-bbba-cd42005bae3d',3,468000,'11239794-a0c3-47e3-96cf-e25236e76266','00280a08-a9c6-4786-87e2-8dbce6368489'),('737b4fdc-4f89-4fd4-8554-7aeaa561726e',1,323000,'28a67eb2-b3b5-46e1-8128-16347324f674','00280a08-a9c6-4786-87e2-8dbce6368489'),('73d3dc57-f40c-4fd2-a615-da5d31451aa5',1,105000,'b902eca1-b215-438f-a208-be1de2125031','2d9667b8-6057-4fd1-b95b-67442378ab4b'),('76db37e4-8147-4e34-a1cd-3c9c427a90ec',4,427000,'1dc65b08-5b3f-4ce2-ad60-b13ba3a3444b','4c3ce235-6a20-4d98-8553-0622cd19f03e'),('79e916dd-1d16-45af-b863-648fbc532958',2,482000,'11239794-a0c3-47e3-96cf-e25236e76266','cf31839c-6359-4128-b09e-bd147879d713'),('7b4a9dde-d535-4fb2-bbcf-b596b9f5eaa4',4,218000,'7903c94a-dc00-4c4b-915a-acfc5d7f9dba','2d9667b8-6057-4fd1-b95b-67442378ab4b'),('7f804ec7-9d1e-4ba2-b42a-d2a6141d74dc',3,438000,'2ed2233b-293c-4e01-b716-a8a9e4096896','00280a08-a9c6-4786-87e2-8dbce6368489'),('80ce55b1-5440-40e4-b2d6-2f682ebb5fad',2,207000,'625d8132-33da-41af-9a0b-8302fd05bd88','00280a08-a9c6-4786-87e2-8dbce6368489'),('81b81836-9048-410a-b3a9-f1be58a53ef9',2,197000,'b1c406fe-b926-4b23-b24f-3369178b2578','a3e971b3-037d-4c06-9188-9d633f45531b'),('82c582a5-0cac-4d59-a1cd-06fa3144207c',3,60000,'24c6d191-dc36-4647-b586-2fc85b750e70','a3e971b3-037d-4c06-9188-9d633f45531b'),('85593c25-8f3c-4b92-b606-0b9772d739da',4,484000,'d92f2f8c-f7b6-4479-8626-f1bdf53f61ad','cf31839c-6359-4128-b09e-bd147879d713'),('87738f7d-8f39-47e1-8bed-c96e2877bee2',4,324000,'f3e50b9b-6994-442a-95b4-69be9855f24f','a3e971b3-037d-4c06-9188-9d633f45531b'),('882f9ef9-f1ba-4535-8c2b-1b4cd73d5ad4',4,467000,'9542a0c6-e70b-45af-b48c-6421509ecf76','00280a08-a9c6-4786-87e2-8dbce6368489'),('8a15bca8-7dde-4350-a10e-e1f99142d53c',3,226000,'24c6d191-dc36-4647-b586-2fc85b750e70','4c3ce235-6a20-4d98-8553-0622cd19f03e'),('8b36e61d-d3a7-4f71-8f2c-e33ed480ce8e',4,374000,'246e7142-b5c8-4b54-81d6-c24f2df9a795','a3e971b3-037d-4c06-9188-9d633f45531b'),('8ca1b41c-2de5-4461-8c6d-a4461ec668ca',3,97000,'0d07163e-5d79-48be-ad0a-782929c1ac74','a3e971b3-037d-4c06-9188-9d633f45531b'),('8fde8a5d-67d4-4107-8372-a4c579483891',1,412000,'f3e50b9b-6994-442a-95b4-69be9855f24f','4c3ce235-6a20-4d98-8553-0622cd19f03e'),('92c1b5ac-3b85-4959-a145-7f6c3aee08e0',2,388000,'f8751e56-647f-49b0-ad75-5a43d4263f27','a8a289dc-66a0-47f9-b797-8b70f74071bc'),('93528268-78a5-4eef-950d-28a73e26ecb5',2,304000,'d92f2f8c-f7b6-4479-8626-f1bdf53f61ad','a8a289dc-66a0-47f9-b797-8b70f74071bc'),('9543dc06-7f7d-41ef-8d56-d71b9222d6d6',2,380000,'1dc65b08-5b3f-4ce2-ad60-b13ba3a3444b','00280a08-a9c6-4786-87e2-8dbce6368489'),('97ee4de2-93ec-4325-b32a-9ab17aae65a8',3,466000,'625d8132-33da-41af-9a0b-8302fd05bd88','a3e971b3-037d-4c06-9188-9d633f45531b'),('99130e34-35f2-45cf-b2a5-f606b4fa5b16',3,461000,'37779bc7-5dcb-4831-87f3-23478b1d340e','2d9667b8-6057-4fd1-b95b-67442378ab4b'),('99ac8338-4dbc-402c-b2c8-62836e1cc59f',4,207000,'27f1ba71-6d4e-4d86-9e0e-db5ff4993ef2','a8a289dc-66a0-47f9-b797-8b70f74071bc'),('9d5d9882-134c-424a-864e-243bf45d92a6',4,282000,'f3e50b9b-6994-442a-95b4-69be9855f24f','2d9667b8-6057-4fd1-b95b-67442378ab4b'),('9f4587ba-27a7-4edf-ae27-f832dc647259',4,248000,'9542a0c6-e70b-45af-b48c-6421509ecf76','4c3ce235-6a20-4d98-8553-0622cd19f03e'),('9ff7c268-17ce-4e54-8abc-c9f66dea1aaa',1,475000,'85dc66a0-cdf4-4917-97fc-86f3f045facc','a8a289dc-66a0-47f9-b797-8b70f74071bc'),('a0846f82-203e-49bc-a323-7b3759ab8070',3,302000,'27f1ba71-6d4e-4d86-9e0e-db5ff4993ef2','e357a868-2d73-494a-8b52-f075980fa1f7'),('a263ae97-5f8c-4204-8168-deb288f3aab4',1,293000,'74c86cfd-64e1-4e7b-88e1-4c1c02cb1e94','00280a08-a9c6-4786-87e2-8dbce6368489'),('a54aee35-3a0c-4f1a-aa72-672ded9979ce',1,338000,'1dce6a54-85f0-4101-b66f-6eebfaba60cb','e357a868-2d73-494a-8b52-f075980fa1f7'),('a6148657-3fef-44e6-8809-ebeed08dc29d',2,151000,'b1dcca76-90be-45d9-9bbb-859d3ebb6715','f2326022-850e-43ad-9ed8-4b68ab9c243b'),('abf1f12b-b712-41cb-9209-4fe2d8a23701',2,467000,'246e7142-b5c8-4b54-81d6-c24f2df9a795','e357a868-2d73-494a-8b52-f075980fa1f7'),('ac4b4f63-6c2a-402c-bac1-17b79c5f00c5',2,251000,'db3c9537-e5b2-459e-95a1-efc7f78eb6c9','a8a289dc-66a0-47f9-b797-8b70f74071bc'),('b28796fa-6d4b-42af-ab71-8da8bae60ba0',2,235000,'7903c94a-dc00-4c4b-915a-acfc5d7f9dba','cf31839c-6359-4128-b09e-bd147879d713'),('b4d7a20a-6cf3-4364-bc91-cc4cb959bbd8',4,228000,'ff0799e6-387e-4982-b0b9-7f82cced8630','4c3ce235-6a20-4d98-8553-0622cd19f03e'),('b557ae8d-8399-4d0c-b777-59f990cbbecd',3,85000,'25026734-dc36-4e38-834a-1291a721073f','8dda8944-b325-4e1c-80c4-568090d69cc7'),('b58e3481-9ff0-4682-8884-6469afce6070',4,169000,'f3e50b9b-6994-442a-95b4-69be9855f24f','f2326022-850e-43ad-9ed8-4b68ab9c243b'),('b5f05d52-00ec-4704-92e9-b07870ff2a1d',4,471000,'b1c406fe-b926-4b23-b24f-3369178b2578','a8a289dc-66a0-47f9-b797-8b70f74071bc'),('b712d590-f49e-450c-9279-0d8904da4dd3',3,423000,'273c4702-4927-40b3-b8d2-2bc9957d834d','a3e971b3-037d-4c06-9188-9d633f45531b'),('bb35fe29-2049-4319-a0f5-3af2ae7c87e3',1,284000,'9542a0c6-e70b-45af-b48c-6421509ecf76','e357a868-2d73-494a-8b52-f075980fa1f7'),('bbaf0d4e-eb47-4f70-b313-6b5a56d28032',2,297000,'a7084cd0-c511-4ce1-bd2c-691ca0c6cb67','f2326022-850e-43ad-9ed8-4b68ab9c243b'),('bd9c04ca-8795-4f6d-8d46-ef2927912f7e',3,445000,'0bd5b43d-f391-40ab-8594-6b2c99126353','cf31839c-6359-4128-b09e-bd147879d713'),('c0417042-7723-4904-aca8-255f58cf6fbc',2,304000,'3cf2efd0-9169-460c-90d0-97d26629fd3c','cf31839c-6359-4128-b09e-bd147879d713'),('c4082b98-cf11-4ef2-b05a-3977e02a21a7',4,320000,'85dc66a0-cdf4-4917-97fc-86f3f045facc','00280a08-a9c6-4786-87e2-8dbce6368489'),('c559ffd6-f2ea-4410-816c-64a229318f6d',1,204000,'27f1ba71-6d4e-4d86-9e0e-db5ff4993ef2','4c3ce235-6a20-4d98-8553-0622cd19f03e'),('c655aa04-a37e-4813-b5f2-92b2d7f0d86b',4,489000,'625d8132-33da-41af-9a0b-8302fd05bd88','4c3ce235-6a20-4d98-8553-0622cd19f03e'),('c72a25c1-3cff-429d-b6da-e50d04d635f1',3,351000,'03096912-a917-44ba-88b9-56d11f61d247','a3e971b3-037d-4c06-9188-9d633f45531b'),('c7c4e140-d44d-443b-b40c-765e9a861c3f',1,160000,'28e60199-ef5b-45f6-ad3b-65cc7b572d3f','f2326022-850e-43ad-9ed8-4b68ab9c243b'),('c8b6e1a6-38b0-4bad-bbe2-6aefb48a159a',3,299000,'9542a0c6-e70b-45af-b48c-6421509ecf76','4c3ce235-6a20-4d98-8553-0622cd19f03e'),('ccf097c6-0ab9-47ae-8a62-d4741f3bd184',3,478000,'24c6d191-dc36-4647-b586-2fc85b750e70','cf31839c-6359-4128-b09e-bd147879d713'),('cd00cd2f-cc1d-4269-b6a4-d5b2d0c738e6',1,152000,'27f1ba71-6d4e-4d86-9e0e-db5ff4993ef2','f2326022-850e-43ad-9ed8-4b68ab9c243b'),('cff21a4e-f2a5-43ff-ae9f-5e7ecc53484b',4,372000,'85dc66a0-cdf4-4917-97fc-86f3f045facc','4c3ce235-6a20-4d98-8553-0622cd19f03e'),('d1f684c1-ee76-4e5e-80b0-135996f1db45',3,234000,'364cbf4f-c0bd-4023-ae44-be917714a2cc','a3e971b3-037d-4c06-9188-9d633f45531b'),('d30c55f9-7acf-4a16-94e2-baa8985b3ba3',2,288000,'7a126330-334f-4063-a1e4-ee75e2d912e8','00280a08-a9c6-4786-87e2-8dbce6368489'),('d777b370-bdc2-403a-91ec-8c711525a09a',4,176000,'4e7a4e3b-c8f5-4dc8-a80e-3e5870b77ebe','00280a08-a9c6-4786-87e2-8dbce6368489'),('d7b45bbe-47c0-4e6e-ab38-1c7596f9db5c',3,342000,'db3c9537-e5b2-459e-95a1-efc7f78eb6c9','4c3ce235-6a20-4d98-8553-0622cd19f03e'),('d9bdf9d1-f97d-471b-803e-05c23b4a556f',2,125000,'0d07163e-5d79-48be-ad0a-782929c1ac74','2d9667b8-6057-4fd1-b95b-67442378ab4b'),('dbf836bc-3485-4c29-8774-dda66cbd153e',2,166000,'28e60199-ef5b-45f6-ad3b-65cc7b572d3f','a3e971b3-037d-4c06-9188-9d633f45531b'),('dd227254-fdda-421d-b1ae-a0dd47d159bc',1,220000,'28a67eb2-b3b5-46e1-8128-16347324f674','a8a289dc-66a0-47f9-b797-8b70f74071bc'),('dd33c280-bfe9-4849-b968-1929d7f08606',4,161000,'4e7a4e3b-c8f5-4dc8-a80e-3e5870b77ebe','2d9667b8-6057-4fd1-b95b-67442378ab4b'),('df222221-4880-4628-a306-2f5a9988bb68',2,468000,'b1dcca76-90be-45d9-9bbb-859d3ebb6715','a8a289dc-66a0-47f9-b797-8b70f74071bc'),('df5c9aad-643f-4cb8-a3bb-528edda53f58',1,293000,'0bd5b43d-f391-40ab-8594-6b2c99126353','00280a08-a9c6-4786-87e2-8dbce6368489'),('e076ccb5-8d2d-412c-8e65-fdc7bcd5d157',2,54000,'fc7019d2-8af6-40db-8ebc-2ca69637c274','e357a868-2d73-494a-8b52-f075980fa1f7'),('e199baf6-d08c-438f-b305-dce1552f6439',4,105000,'0d07163e-5d79-48be-ad0a-782929c1ac74','00280a08-a9c6-4786-87e2-8dbce6368489'),('e5345744-fc70-4211-bc67-2a4eb7f560ed',2,72000,'e478e757-3c1f-465c-b36b-0988425e505b','2d9667b8-6057-4fd1-b95b-67442378ab4b'),('e62cd130-6e4c-4f2d-9b8b-70804aa8ffe5',4,351000,'273c4702-4927-40b3-b8d2-2bc9957d834d','f2326022-850e-43ad-9ed8-4b68ab9c243b'),('e6c182df-97ad-4bfa-a9f4-27662a9228c6',3,233000,'364cbf4f-c0bd-4023-ae44-be917714a2cc','4c3ce235-6a20-4d98-8553-0622cd19f03e'),('e7f91036-63b9-4ad4-8b29-1cef37682284',4,77000,'5a5201f6-bf1e-480f-8694-66d6c1818be6','8dda8944-b325-4e1c-80c4-568090d69cc7'),('e8fac980-98cf-4815-aeaa-daa7f674cd66',2,267000,'56c92d75-6bcb-4ded-bc7b-5623742e6971','f2326022-850e-43ad-9ed8-4b68ab9c243b'),('e9c24f50-5499-4958-9314-047df9f09a10',1,202000,'625d8132-33da-41af-9a0b-8302fd05bd88','a3e971b3-037d-4c06-9188-9d633f45531b'),('eac99db5-3dc0-4c36-8667-e077662e217a',2,254000,'db3c9537-e5b2-459e-95a1-efc7f78eb6c9','4c3ce235-6a20-4d98-8553-0622cd19f03e'),('ec0d1ed2-9c98-44e8-8dec-13a56025773d',4,465000,'74c86cfd-64e1-4e7b-88e1-4c1c02cb1e94','4c3ce235-6a20-4d98-8553-0622cd19f03e'),('ef6df855-d978-4e23-9025-275b469c0568',1,447000,'0bd5b43d-f391-40ab-8594-6b2c99126353','8dda8944-b325-4e1c-80c4-568090d69cc7'),('f3ee8606-091f-4073-8b6d-70af66dda29f',4,288000,'01bbc61d-0bef-42cb-9abc-93153591fefa','8dda8944-b325-4e1c-80c4-568090d69cc7'),('f47579b5-f572-41d7-8557-b2ce51fa570e',4,378000,'85dc66a0-cdf4-4917-97fc-86f3f045facc','a3e971b3-037d-4c06-9188-9d633f45531b'),('f616db5d-68db-44d2-897a-f04a148fb8d7',3,378000,'b1c406fe-b926-4b23-b24f-3369178b2578','e357a868-2d73-494a-8b52-f075980fa1f7'),('f6f9e483-3062-4309-9a26-9f066b253492',1,203000,'f4c40fdb-79a2-4001-b1af-f12cec560b40','2d9667b8-6057-4fd1-b95b-67442378ab4b'),('f7dbc023-49f2-4522-9d70-e0e4d59e4d1e',2,335000,'24c6d191-dc36-4647-b586-2fc85b750e70','cf31839c-6359-4128-b09e-bd147879d713'),('f8cd7bcc-a34d-4194-ae8b-ae6626caf10e',3,418000,'37779bc7-5dcb-4831-87f3-23478b1d340e','a3e971b3-037d-4c06-9188-9d633f45531b'),('fce4db81-d0e0-4ee9-859d-8da7d8e31a7f',1,263000,'25026734-dc36-4e38-834a-1291a721073f','4c3ce235-6a20-4d98-8553-0622cd19f03e');
/*!40000 ALTER TABLE `bill_item` ENABLE KEYS */;
UNLOCK TABLES;

--
-- Table structure for table `building`
--

DROP TABLE IF EXISTS `building`;
/*!40101 SET @saved_cs_client     = @@character_set_client */;
/*!50503 SET character_set_client = utf8mb4 */;
CREATE TABLE `building` (
  `id` varchar(255) NOT NULL,
  `address` varchar(255) DEFAULT NULL,
  `capacity` int DEFAULT '-1',
  `name` varchar(255) DEFAULT NULL,
  `status` varchar(255) DEFAULT NULL,
  PRIMARY KEY (`id`)
) ENGINE=InnoDB DEFAULT CHARSET=utf8mb4 COLLATE=utf8mb4_0900_ai_ci;
/*!40101 SET character_set_client = @saved_cs_client */;

--
-- Dumping data for table `building`
--

LOCK TABLES `building` WRITE;
/*!40000 ALTER TABLE `building` DISABLE KEYS */;
INSERT INTO `building` VALUES ('0b07381d-577e-449e-8bc6-04ca86e8ed2b',NULL,-1,'Building 3','AVAILABLE'),('2b37a411-72ad-409f-a99c-21a9eda5835d',NULL,-1,'Building 1','AVAILABLE'),('54c0fa3d-ec07-4121-a914-cf728cae92b7',NULL,-1,'Building 4','AVAILABLE'),('bd2c5aa7-5b01-4fda-b961-70506024f4ab',NULL,-1,'Building 2','AVAILABLE');
/*!40000 ALTER TABLE `building` ENABLE KEYS */;
UNLOCK TABLES;

--
-- Table structure for table `customer`
--

DROP TABLE IF EXISTS `customer`;
/*!40101 SET @saved_cs_client     = @@character_set_client */;
/*!50503 SET character_set_client = utf8mb4 */;
CREATE TABLE `customer` (
  `id` varchar(255) NOT NULL,
  `address` varchar(255) DEFAULT NULL,
  `citizen_id` varchar(255) DEFAULT NULL,
  `date_join` date DEFAULT NULL,
  `date_of_birth` date DEFAULT NULL,
  `email` varchar(255) DEFAULT NULL,
  `fullname` varchar(255) CHARACTER SET utf8mb3 COLLATE utf8mb3_general_ci DEFAULT NULL,
  `gender` varchar(255) DEFAULT NULL,
  `password` varchar(255) DEFAULT NULL,
  `phone` varchar(255) DEFAULT NULL,
  `status` varchar(255) DEFAULT NULL,
  PRIMARY KEY (`id`),
  UNIQUE KEY `UK_dwk6cx0afu8bs9o4t536v1j5v` (`email`),
  UNIQUE KEY `UK_o3uty20c6csmx5y4uk2tc5r4m` (`phone`),
  FULLTEXT KEY `fullname` (`fullname`)
) ENGINE=InnoDB DEFAULT CHARSET=utf8mb4 COLLATE=utf8mb4_0900_ai_ci;
/*!40101 SET character_set_client = @saved_cs_client */;

--
-- Dumping data for table `customer`
--

LOCK TABLES `customer` WRITE;
/*!40000 ALTER TABLE `customer` DISABLE KEYS */;
INSERT INTO `customer` VALUES ('1b07d4a8-a5b4-42a1-8ee1-a66aee5d88d0','674 Providencia Glen, Timothystad, AR 35215-4767','1234-2121-1221-1211','2022-10-20','2001-12-30','customer19@gmail.com','Customer 19','MALE','$2a$12$xOXUkpChPTfs/WmRvNS3s.Wqz2Wn9GdWO1Ttiea.2pRhGmYvVI5UK','34239119','ACTIVE'),('3290ff5f-ed91-409c-9cbc-dd5c4fda7e4a','6330 Cummerata Stream, Champlinside, NE 52498-8049','1228-1221-1221-1431','2022-12-19','1963-07-26','customer26@gmail.com','Customer 26','MALE','$2a$12$xOXUkpChPTfs/WmRvNS3s.Wqz2Wn9GdWO1Ttiea.2pRhGmYvVI5UK','34239126','INACTIVE'),('3b854b2e-78b6-40c6-bbc8-3745704772f9','26849 Gleichner Passage, East Cleveland, NM 44018-1959','1212-1221-1121-1234','2021-02-07','1993-01-20','customer14@gmail.com','Customer 14','FEMALE','$2a$12$xOXUkpChPTfs/WmRvNS3s.Wqz2Wn9GdWO1Ttiea.2pRhGmYvVI5UK','34239114','ACTIVE'),('3ec4c2a6-b95c-4169-98f7-a9c8407f21cb','Apt. 312 6572 Ladonna Walks, New Darnell, NC 70056','1211-1221-1234-2201','2022-02-18','1968-12-18','customer29@gmail.com','Customer 29','MALE','$2a$12$xOXUkpChPTfs/WmRvNS3s.Wqz2Wn9GdWO1Ttiea.2pRhGmYvVI5UK','34239129','INACTIVE'),('47c6b31d-4b7a-4bd2-958a-ed972de1f59f','819 Grover Fords, Lainechester, WV 55801-7325','1212-1221-1121-1234','2022-03-20','1969-03-02','customer17@gmail.com','Customer 17','MALE','$2a$12$xOXUkpChPTfs/WmRvNS3s.Wqz2Wn9GdWO1Ttiea.2pRhGmYvVI5UK','34239117','ACTIVE'),('4f9248f9-9c1c-413e-9a75-695f115f005f','54327 Christine Heights, West Rosamond, WA 00263','1234-2121-1221-1211','2021-03-15','1975-08-11','customer15@gmail.com','Customer 15','FEMALE','$2a$12$xOXUkpChPTfs/WmRvNS3s.Wqz2Wn9GdWO1Ttiea.2pRhGmYvVI5UK','34239115','ACTIVE'),('5722c997-9d82-4fee-aa24-bd1d1f843e42','08688 Whitney Roads, Lake Chas, AR 37443-2859','1212-1221-1121-1234','2022-02-03','1964-04-29','customer11@gmail.com','Customer 11','FEMALE','$2a$12$xOXUkpChPTfs/WmRvNS3s.Wqz2Wn9GdWO1Ttiea.2pRhGmYvVI5UK','34239111','ACTIVE'),('78d9567a-ba6f-4234-88ec-db2ffaaf1004','Suite 981 488 Toby Alley, Port Vera, LA 97335-8113','1228-1221-1221-1431','2021-12-11','2005-03-14','customer30@gmail.com','Customer 30','MALE','$2a$12$xOXUkpChPTfs/WmRvNS3s.Wqz2Wn9GdWO1Ttiea.2pRhGmYvVI5UK','34239130','INACTIVE'),('793c1aaa-38ec-476f-b508-84d329a6cc24','Suite 882 5990 Marvin Ports, Tromphaven, MS 57005','1211-1221-1234-2201','2021-06-26','1982-02-26','customer24@gmail.com','Customer 24','FEMALE','$2a$12$xOXUkpChPTfs/WmRvNS3s.Wqz2Wn9GdWO1Ttiea.2pRhGmYvVI5UK','34239124','INACTIVE'),('833f0991-340c-4246-9a44-f33da31457db','86830 Rosenbaum Tunnel, Guadalupefurt, KY 43656-8091','1234-2121-1221-1211','2021-10-21','1995-07-27','customer28@gmail.com','Customer 28','MALE','$2a$12$xOXUkpChPTfs/WmRvNS3s.Wqz2Wn9GdWO1Ttiea.2pRhGmYvVI5UK','34239128','INACTIVE'),('8f12ec5e-5bb2-4b68-bd32-b28b48975613','Suite 667 8185 Dino Rue, Liseport, NC 98045','1211-1221-1234-2201','2022-01-31','1991-07-14','customer25@gmail.com','Customer 25','FEMALE','$2a$12$xOXUkpChPTfs/WmRvNS3s.Wqz2Wn9GdWO1Ttiea.2pRhGmYvVI5UK','34239125','INACTIVE'),('bb7d5e49-e4ac-4caa-8b13-67b83ce24382','6906 Mason Drive, New Kiesha, IN 88817','1234-2121-1221-1211','2022-03-27','1982-12-04','customer21@gmail.com','Customer 21','FEMALE','$2a$12$xOXUkpChPTfs/WmRvNS3s.Wqz2Wn9GdWO1Ttiea.2pRhGmYvVI5UK','34239121','INACTIVE'),('d3ef4be7-fca5-4421-aa61-940a98f9d3aa','Suite 873 627 Raynor Keys, South Jeneburgh, ID 21939-8664','1228-1221-1221-1431','2022-12-05','1962-07-03','customer23@gmail.com','Customer 23','FEMALE','$2a$12$xOXUkpChPTfs/WmRvNS3s.Wqz2Wn9GdWO1Ttiea.2pRhGmYvVI5UK','34239123','INACTIVE'),('d6111324-7ce7-48dc-bf57-287a305c54da','Apt. 590 097 McDermott Hollow, Andersontown, NE 82470','1211-1221-1234-2201','2021-01-10','1965-07-02','customer12@gmail.com','Customer 12','FEMALE','$2a$12$xOXUkpChPTfs/WmRvNS3s.Wqz2Wn9GdWO1Ttiea.2pRhGmYvVI5UK','34239112','ACTIVE'),('dc8f8fbe-bf51-49c3-96e4-089da909cedc','Suite 002 87502 Shane Locks, Pollystad, OK 17564-1702','1234-2121-1221-1211','2022-06-13','1978-01-16','customer13@gmail.com','Customer 13','FEMALE','$2a$12$xOXUkpChPTfs/WmRvNS3s.Wqz2Wn9GdWO1Ttiea.2pRhGmYvVI5UK','34239113','ACTIVE'),('dd55e8cc-6fed-4bec-a0d5-c531e1cdaf3f','93003 Lachelle Villages, Lucienville, NM 90374-9748','1212-1221-1121-1234','2021-09-28','1993-07-05','customer27@gmail.com','Customer 27','MALE','$2a$12$xOXUkpChPTfs/WmRvNS3s.Wqz2Wn9GdWO1Ttiea.2pRhGmYvVI5UK','34239127','INACTIVE'),('dfc0b9d0-28fa-4bd4-b883-b41b04a71e8d','2475 Mraz Meadows, Omerfurt, NY 07796-9130','1212-1221-1121-1234','2021-12-13','1998-04-03','customer22@gmail.com','Customer 22','FEMALE','$2a$12$xOXUkpChPTfs/WmRvNS3s.Wqz2Wn9GdWO1Ttiea.2pRhGmYvVI5UK','34239122','INACTIVE'),('e4cd0c38-f1d3-4417-97db-25a8a221e529','616 Lai Pike, Richardborough, AR 95188-3632','1212-1221-1121-1234','2021-09-11','1975-08-20','customer18@gmail.com','Customer 18','MALE','$2a$12$xOXUkpChPTfs/WmRvNS3s.Wqz2Wn9GdWO1Ttiea.2pRhGmYvVI5UK','34239118','ACTIVE'),('ee4322f8-9f0b-4d3e-8fbc-8c034a27cd2f','Suite 929 88793 Hane Flat, Port Bricemouth, CT 87421-7213','1211-1221-1234-2201','2022-07-21','1973-07-30','customer16@gmail.com','Customer 16','MALE','$2a$12$xOXUkpChPTfs/WmRvNS3s.Wqz2Wn9GdWO1Ttiea.2pRhGmYvVI5UK','34239116','ACTIVE'),('f843ab92-7854-42e2-9ebf-a62b0fcd7422','Apt. 370 2767 Bosco Streets, Winifredshire, OH 01892-5949','1212-1221-1121-1234','2022-06-22','2004-04-05','customer20@gmail.com','Customer 20','MALE','$2a$12$xOXUkpChPTfs/WmRvNS3s.Wqz2Wn9GdWO1Ttiea.2pRhGmYvVI5UK','34239120','ACTIVE');
/*!40000 ALTER TABLE `customer` ENABLE KEYS */;
UNLOCK TABLES;

--
-- Table structure for table `device`
--

DROP TABLE IF EXISTS `device`;
/*!40101 SET @saved_cs_client     = @@character_set_client */;
/*!50503 SET character_set_client = utf8mb4 */;
CREATE TABLE `device` (
  `id` varchar(255) NOT NULL,
  `token` varchar(255) DEFAULT NULL,
  `customer_id` varchar(255) DEFAULT NULL,
  PRIMARY KEY (`id`),
  KEY `FKsb31h8j4wshfi4dv2rxlk8emb` (`customer_id`),
  CONSTRAINT `FKsb31h8j4wshfi4dv2rxlk8emb` FOREIGN KEY (`customer_id`) REFERENCES `customer` (`id`)
) ENGINE=InnoDB DEFAULT CHARSET=utf8mb4 COLLATE=utf8mb4_0900_ai_ci;
/*!40101 SET character_set_client = @saved_cs_client */;

--
-- Dumping data for table `device`
--

LOCK TABLES `device` WRITE;
/*!40000 ALTER TABLE `device` DISABLE KEYS */;
INSERT INTO `device` VALUES ('1511b871-68fe-4e4c-b354-275b8ff20415','e5P0xOyYRe6HuadvjABCQe:APA91bHql95fAq4V5LFYV8djxLdfA0cw1lX_fo6z1dNhCxMxNmDsztd2mDVPGgJxgV5qDXs0YMwRWdUdZ-zR2xfI_N-fwA5-bFlN49KrHru1UYvGO-D0X2mCKJbxWag59Ucc_SRmOQPP','3b854b2e-78b6-40c6-bbc8-3745704772f9'),('22274cc9-c64f-4f41-9f98-d698c340f50c','e5P0xOyYRe6HuadvjABCQe:APA91bHql95fAq4V5LFYV8djxLdfA0cw1lX_fo6z1dNhCxMxNmDsztd2mDVPGgJxgV5qDXs0YMwRWdUdZ-zR2xfI_N-fwA5-bFlN49KrHru1UYvGO-D0X2mCKJbxWag59Ucc_SRmOQPP','78d9567a-ba6f-4234-88ec-db2ffaaf1004'),('2d0f11f1-48af-4e7a-bac2-c3268349ce44','e5P0xOyYRe6HuadvjABCQe:APA91bHql95fAq4V5LFYV8djxLdfA0cw1lX_fo6z1dNhCxMxNmDsztd2mDVPGgJxgV5qDXs0YMwRWdUdZ-zR2xfI_N-fwA5-bFlN49KrHru1UYvGO-D0X2mCKJbxWag59Ucc_SRmOQPP','793c1aaa-38ec-476f-b508-84d329a6cc24'),('30ff3f07-0071-4ee6-91f6-f17c5f4e032d','e5P0xOyYRe6HuadvjABCQe:APA91bHql95fAq4V5LFYV8djxLdfA0cw1lX_fo6z1dNhCxMxNmDsztd2mDVPGgJxgV5qDXs0YMwRWdUdZ-zR2xfI_N-fwA5-bFlN49KrHru1UYvGO-D0X2mCKJbxWag59Ucc_SRmOQPP','f843ab92-7854-42e2-9ebf-a62b0fcd7422'),('3f0f6cfe-67dd-4ede-825e-cb7d5a228bb2','e5P0xOyYRe6HuadvjABCQe:APA91bHql95fAq4V5LFYV8djxLdfA0cw1lX_fo6z1dNhCxMxNmDsztd2mDVPGgJxgV5qDXs0YMwRWdUdZ-zR2xfI_N-fwA5-bFlN49KrHru1UYvGO-D0X2mCKJbxWag59Ucc_SRmOQPP','4f9248f9-9c1c-413e-9a75-695f115f005f'),('6c93df53-e438-4c2a-affd-3cdd9d5a0ea2','e5P0xOyYRe6HuadvjABCQe:APA91bHql95fAq4V5LFYV8djxLdfA0cw1lX_fo6z1dNhCxMxNmDsztd2mDVPGgJxgV5qDXs0YMwRWdUdZ-zR2xfI_N-fwA5-bFlN49KrHru1UYvGO-D0X2mCKJbxWag59Ucc_SRmOQPP','78d9567a-ba6f-4234-88ec-db2ffaaf1004'),('6e06962c-ddac-4201-bca0-be828bd0110a','e5P0xOyYRe6HuadvjABCQe:APA91bHql95fAq4V5LFYV8djxLdfA0cw1lX_fo6z1dNhCxMxNmDsztd2mDVPGgJxgV5qDXs0YMwRWdUdZ-zR2xfI_N-fwA5-bFlN49KrHru1UYvGO-D0X2mCKJbxWag59Ucc_SRmOQPP','dd55e8cc-6fed-4bec-a0d5-c531e1cdaf3f'),('6e291451-f4bf-44fd-8523-dd8b9bf63a8f','e5P0xOyYRe6HuadvjABCQe:APA91bHql95fAq4V5LFYV8djxLdfA0cw1lX_fo6z1dNhCxMxNmDsztd2mDVPGgJxgV5qDXs0YMwRWdUdZ-zR2xfI_N-fwA5-bFlN49KrHru1UYvGO-D0X2mCKJbxWag59Ucc_SRmOQPP','bb7d5e49-e4ac-4caa-8b13-67b83ce24382'),('7e89f906-08cc-488e-9965-9d1bcdc79dde','e5P0xOyYRe6HuadvjABCQe:APA91bHql95fAq4V5LFYV8djxLdfA0cw1lX_fo6z1dNhCxMxNmDsztd2mDVPGgJxgV5qDXs0YMwRWdUdZ-zR2xfI_N-fwA5-bFlN49KrHru1UYvGO-D0X2mCKJbxWag59Ucc_SRmOQPP','793c1aaa-38ec-476f-b508-84d329a6cc24'),('7f6b7fcf-eb90-4fe5-8bfa-ff71a17f5a07','e5P0xOyYRe6HuadvjABCQe:APA91bHql95fAq4V5LFYV8djxLdfA0cw1lX_fo6z1dNhCxMxNmDsztd2mDVPGgJxgV5qDXs0YMwRWdUdZ-zR2xfI_N-fwA5-bFlN49KrHru1UYvGO-D0X2mCKJbxWag59Ucc_SRmOQPP','3ec4c2a6-b95c-4169-98f7-a9c8407f21cb'),('8320e61b-195f-4fe7-923e-6e3d9c6a0880','e5P0xOyYRe6HuadvjABCQe:APA91bHql95fAq4V5LFYV8djxLdfA0cw1lX_fo6z1dNhCxMxNmDsztd2mDVPGgJxgV5qDXs0YMwRWdUdZ-zR2xfI_N-fwA5-bFlN49KrHru1UYvGO-D0X2mCKJbxWag59Ucc_SRmOQPP','833f0991-340c-4246-9a44-f33da31457db'),('8c4910bb-a92b-4a07-b557-b7265544820f','e5P0xOyYRe6HuadvjABCQe:APA91bHql95fAq4V5LFYV8djxLdfA0cw1lX_fo6z1dNhCxMxNmDsztd2mDVPGgJxgV5qDXs0YMwRWdUdZ-zR2xfI_N-fwA5-bFlN49KrHru1UYvGO-D0X2mCKJbxWag59Ucc_SRmOQPP','d6111324-7ce7-48dc-bf57-287a305c54da'),('b206366c-3870-4210-ad73-f845500bbfe0','e5P0xOyYRe6HuadvjABCQe:APA91bHql95fAq4V5LFYV8djxLdfA0cw1lX_fo6z1dNhCxMxNmDsztd2mDVPGgJxgV5qDXs0YMwRWdUdZ-zR2xfI_N-fwA5-bFlN49KrHru1UYvGO-D0X2mCKJbxWag59Ucc_SRmOQPP','833f0991-340c-4246-9a44-f33da31457db'),('c834a006-06d5-4236-bbd5-f4bf4d68930c','e5P0xOyYRe6HuadvjABCQe:APA91bHql95fAq4V5LFYV8djxLdfA0cw1lX_fo6z1dNhCxMxNmDsztd2mDVPGgJxgV5qDXs0YMwRWdUdZ-zR2xfI_N-fwA5-bFlN49KrHru1UYvGO-D0X2mCKJbxWag59Ucc_SRmOQPP','3290ff5f-ed91-409c-9cbc-dd5c4fda7e4a'),('ca2f5a6a-1692-4d62-8451-7005a4afc75a','e5P0xOyYRe6HuadvjABCQe:APA91bHql95fAq4V5LFYV8djxLdfA0cw1lX_fo6z1dNhCxMxNmDsztd2mDVPGgJxgV5qDXs0YMwRWdUdZ-zR2xfI_N-fwA5-bFlN49KrHru1UYvGO-D0X2mCKJbxWag59Ucc_SRmOQPP','4f9248f9-9c1c-413e-9a75-695f115f005f'),('ea8ac0f7-1614-4faa-ad56-e222383dd22e','e5P0xOyYRe6HuadvjABCQe:APA91bHql95fAq4V5LFYV8djxLdfA0cw1lX_fo6z1dNhCxMxNmDsztd2mDVPGgJxgV5qDXs0YMwRWdUdZ-zR2xfI_N-fwA5-bFlN49KrHru1UYvGO-D0X2mCKJbxWag59Ucc_SRmOQPP','1b07d4a8-a5b4-42a1-8ee1-a66aee5d88d0'),('f032bb53-75d3-4e37-969b-684c57bcc205','e5P0xOyYRe6HuadvjABCQe:APA91bHql95fAq4V5LFYV8djxLdfA0cw1lX_fo6z1dNhCxMxNmDsztd2mDVPGgJxgV5qDXs0YMwRWdUdZ-zR2xfI_N-fwA5-bFlN49KrHru1UYvGO-D0X2mCKJbxWag59Ucc_SRmOQPP','f843ab92-7854-42e2-9ebf-a62b0fcd7422'),('f29f98d5-8219-42c2-9a8b-c305f979adec','e5P0xOyYRe6HuadvjABCQe:APA91bHql95fAq4V5LFYV8djxLdfA0cw1lX_fo6z1dNhCxMxNmDsztd2mDVPGgJxgV5qDXs0YMwRWdUdZ-zR2xfI_N-fwA5-bFlN49KrHru1UYvGO-D0X2mCKJbxWag59Ucc_SRmOQPP','3b854b2e-78b6-40c6-bbc8-3745704772f9'),('f9d6566a-73f0-4709-9035-4a384e47ed9d','e5P0xOyYRe6HuadvjABCQe:APA91bHql95fAq4V5LFYV8djxLdfA0cw1lX_fo6z1dNhCxMxNmDsztd2mDVPGgJxgV5qDXs0YMwRWdUdZ-zR2xfI_N-fwA5-bFlN49KrHru1UYvGO-D0X2mCKJbxWag59Ucc_SRmOQPP','1b07d4a8-a5b4-42a1-8ee1-a66aee5d88d0');
/*!40000 ALTER TABLE `device` ENABLE KEYS */;
UNLOCK TABLES;

--
-- Table structure for table `facility`
--

DROP TABLE IF EXISTS `facility`;
/*!40101 SET @saved_cs_client     = @@character_set_client */;
/*!50503 SET character_set_client = utf8mb4 */;
CREATE TABLE `facility` (
  `id` varchar(255) NOT NULL,
  `item` varchar(255) DEFAULT NULL,
  `quantity` int NOT NULL,
  `status` varchar(255) DEFAULT NULL,
  PRIMARY KEY (`id`)
) ENGINE=InnoDB DEFAULT CHARSET=utf8mb4 COLLATE=utf8mb4_0900_ai_ci;
/*!40101 SET character_set_client = @saved_cs_client */;

--
-- Dumping data for table `facility`
--

LOCK TABLES `facility` WRITE;
/*!40000 ALTER TABLE `facility` DISABLE KEYS */;
INSERT INTO `facility` VALUES ('114fec53-81d5-4004-9880-23630f2d9edb','Facility 5',3,'AVAILABLE'),('18949a10-16c0-4c1c-94d2-cfc14fa9ec77','Facility 4',2,'AVAILABLE'),('56c9b7aa-6e6f-4c8a-870c-ce3a507cb5a4','Facility 1',3,'AVAILABLE'),('60178a8d-214e-497a-a3f9-c717a704b006','Facility 3',4,'AVAILABLE'),('c13864f6-aaf8-4bcd-b97c-e85871fc9705','Facility 2',5,'AVAILABLE'),('ec82a867-edbd-4d86-8f39-fec5347f3ae3','Facility 6',2,'AVAILABLE');
/*!40000 ALTER TABLE `facility` ENABLE KEYS */;
UNLOCK TABLES;

--
-- Table structure for table `flat`
--

DROP TABLE IF EXISTS `flat`;
/*!40101 SET @saved_cs_client     = @@character_set_client */;
/*!50503 SET character_set_client = utf8mb4 */;
CREATE TABLE `flat` (
  `id` varchar(255) NOT NULL,
  `detail` varchar(255) DEFAULT NULL,
  `price` int NOT NULL,
  `room_number` int NOT NULL,
  `status` varchar(255) DEFAULT NULL,
  `building_id` varchar(255) DEFAULT NULL,
  `flat_type_id` varchar(255) DEFAULT NULL,
  PRIMARY KEY (`id`),
  KEY `FKcuvibqssnlnlcvkphbl35qud1` (`building_id`),
  KEY `FKpyg3bde4wtav173p6punqlvee` (`flat_type_id`),
  CONSTRAINT `FKcuvibqssnlnlcvkphbl35qud1` FOREIGN KEY (`building_id`) REFERENCES `building` (`id`),
  CONSTRAINT `FKpyg3bde4wtav173p6punqlvee` FOREIGN KEY (`flat_type_id`) REFERENCES `flat_type` (`id`)
) ENGINE=InnoDB DEFAULT CHARSET=utf8mb4 COLLATE=utf8mb4_0900_ai_ci;
/*!40101 SET character_set_client = @saved_cs_client */;

--
-- Dumping data for table `flat`
--

LOCK TABLES `flat` WRITE;
/*!40000 ALTER TABLE `flat` DISABLE KEYS */;
INSERT INTO `flat` VALUES ('04047552-176a-42a8-848f-649664ca9d36','Detail 12',25000000,12,'AVAILABLE','0b07381d-577e-449e-8bc6-04ca86e8ed2b','58cf28ec-e8db-4c98-9df5-6d0d149ea695'),('0c31abbe-8b6d-442c-9504-e087b775426e','Detail 11',6000000,11,'AVAILABLE','54c0fa3d-ec07-4121-a914-cf728cae92b7','c96e0f23-ee7d-4251-8314-92114c31a37a'),('191cc731-a144-406c-9809-36d0e9436b5d','Detail 15',6000000,15,'AVAILABLE','0b07381d-577e-449e-8bc6-04ca86e8ed2b','3d3fe94c-8136-4f17-b2d2-333e2d61e7aa'),('202eafe7-c8c1-4154-99be-6b131cb20430','Detail 9',18000000,9,'AVAILABLE','bd2c5aa7-5b01-4fda-b961-70506024f4ab','5c12dc37-622f-4228-af7d-ab76bd8ded7f'),('32a5b5b5-ddab-40fa-addd-43db4c8d988f','Detail 0',7000000,0,'AVAILABLE','2b37a411-72ad-409f-a99c-21a9eda5835d','099f7a9e-700e-4e34-aa01-79c0400f5ced'),('3df1cc9d-8630-4f61-a4b7-0feff73edfb8','Detail 7',24000000,7,'AVAILABLE','54c0fa3d-ec07-4121-a914-cf728cae92b7','b0580213-3ef1-42e6-b599-f702eb77423c'),('4413575f-b5c1-4808-818e-90e2d10b6e3f','Detail 17',25000000,17,'AVAILABLE','0b07381d-577e-449e-8bc6-04ca86e8ed2b','3d3fe94c-8136-4f17-b2d2-333e2d61e7aa'),('46be184d-5d10-41b8-a207-f35972b7e9c2','Detail 16',23000000,16,'AVAILABLE','54c0fa3d-ec07-4121-a914-cf728cae92b7','58cf28ec-e8db-4c98-9df5-6d0d149ea695'),('501e57ed-c4a6-464e-adf2-5da82b8af992','Detail 3',22000000,3,'AVAILABLE','2b37a411-72ad-409f-a99c-21a9eda5835d','d0d4c8a4-b987-4fb8-894e-5ebc38a18807'),('56d41b43-5035-4477-b6bc-6d0d06ec5e79','Detail 8',5000000,8,'AVAILABLE','2b37a411-72ad-409f-a99c-21a9eda5835d','099f7a9e-700e-4e34-aa01-79c0400f5ced'),('585e54bc-f8d5-4982-a62b-958763203eb4','Detail 19',26000000,19,'AVAILABLE','0b07381d-577e-449e-8bc6-04ca86e8ed2b','d0d4c8a4-b987-4fb8-894e-5ebc38a18807'),('5f509afd-dfee-4b5a-a8a5-d593f006ca1f','Detail 5',26000000,5,'AVAILABLE','54c0fa3d-ec07-4121-a914-cf728cae92b7','099f7a9e-700e-4e34-aa01-79c0400f5ced'),('7501aac2-e075-47fc-82e6-54580aeee94f','Detail 18',17000000,18,'AVAILABLE','2b37a411-72ad-409f-a99c-21a9eda5835d','092b44fc-a174-494c-9617-2c15b09ef3ed'),('82bab0ac-99e6-47d6-9d39-e853ff3573f3','Detail 6',21000000,6,'AVAILABLE','bd2c5aa7-5b01-4fda-b961-70506024f4ab','5c12dc37-622f-4228-af7d-ab76bd8ded7f'),('93bb45de-7d08-47d4-bc07-6fcd027290eb','Detail 14',6000000,14,'AVAILABLE','54c0fa3d-ec07-4121-a914-cf728cae92b7','3d3fe94c-8136-4f17-b2d2-333e2d61e7aa'),('9e8243ff-2be2-416c-b479-3e82a3046a48','Detail 13',12000000,13,'AVAILABLE','2b37a411-72ad-409f-a99c-21a9eda5835d','3d3fe94c-8136-4f17-b2d2-333e2d61e7aa'),('ac8759a9-fdfc-4856-9b6f-bf0b5e2ad6af','Detail 1',24000000,1,'AVAILABLE','bd2c5aa7-5b01-4fda-b961-70506024f4ab','3d3fe94c-8136-4f17-b2d2-333e2d61e7aa'),('c36ac018-6caf-4952-b8f8-87481c2077f1','Detail 4',4000000,4,'AVAILABLE','2b37a411-72ad-409f-a99c-21a9eda5835d','58cf28ec-e8db-4c98-9df5-6d0d149ea695'),('dae63a0e-8ed5-483e-bd89-dc4b123fd0b7','Detail 10',20000000,10,'AVAILABLE','bd2c5aa7-5b01-4fda-b961-70506024f4ab','c96e0f23-ee7d-4251-8314-92114c31a37a'),('ffcd4676-6981-4302-ad58-20b8df459b3e','Detail 2',9000000,2,'AVAILABLE','0b07381d-577e-449e-8bc6-04ca86e8ed2b','3d3fe94c-8136-4f17-b2d2-333e2d61e7aa');
/*!40000 ALTER TABLE `flat` ENABLE KEYS */;
UNLOCK TABLES;

--
-- Table structure for table `flat_facility`
--

DROP TABLE IF EXISTS `flat_facility`;
/*!40101 SET @saved_cs_client     = @@character_set_client */;
/*!50503 SET character_set_client = utf8mb4 */;
CREATE TABLE `flat_facility` (
  `flat_id` varchar(255) NOT NULL,
  `facility_id` varchar(255) NOT NULL,
  KEY `FKn3pl38ks8vgl5cx24kr7fu633` (`facility_id`),
  KEY `FKgn03s51bdmobbxd6y4s8boct9` (`flat_id`),
  CONSTRAINT `FKgn03s51bdmobbxd6y4s8boct9` FOREIGN KEY (`flat_id`) REFERENCES `flat` (`id`),
  CONSTRAINT `FKn3pl38ks8vgl5cx24kr7fu633` FOREIGN KEY (`facility_id`) REFERENCES `facility` (`id`)
) ENGINE=InnoDB DEFAULT CHARSET=utf8mb4 COLLATE=utf8mb4_0900_ai_ci;
/*!40101 SET character_set_client = @saved_cs_client */;

--
-- Dumping data for table `flat_facility`
--

LOCK TABLES `flat_facility` WRITE;
/*!40000 ALTER TABLE `flat_facility` DISABLE KEYS */;
INSERT INTO `flat_facility` VALUES ('32a5b5b5-ddab-40fa-addd-43db4c8d988f','56c9b7aa-6e6f-4c8a-870c-ce3a507cb5a4'),('ffcd4676-6981-4302-ad58-20b8df459b3e','56c9b7aa-6e6f-4c8a-870c-ce3a507cb5a4'),('c36ac018-6caf-4952-b8f8-87481c2077f1','56c9b7aa-6e6f-4c8a-870c-ce3a507cb5a4'),('82bab0ac-99e6-47d6-9d39-e853ff3573f3','56c9b7aa-6e6f-4c8a-870c-ce3a507cb5a4'),('56d41b43-5035-4477-b6bc-6d0d06ec5e79','56c9b7aa-6e6f-4c8a-870c-ce3a507cb5a4'),('04047552-176a-42a8-848f-649664ca9d36','56c9b7aa-6e6f-4c8a-870c-ce3a507cb5a4'),('9e8243ff-2be2-416c-b479-3e82a3046a48','56c9b7aa-6e6f-4c8a-870c-ce3a507cb5a4'),('93bb45de-7d08-47d4-bc07-6fcd027290eb','56c9b7aa-6e6f-4c8a-870c-ce3a507cb5a4'),('4413575f-b5c1-4808-818e-90e2d10b6e3f','56c9b7aa-6e6f-4c8a-870c-ce3a507cb5a4'),('585e54bc-f8d5-4982-a62b-958763203eb4','56c9b7aa-6e6f-4c8a-870c-ce3a507cb5a4'),('32a5b5b5-ddab-40fa-addd-43db4c8d988f','c13864f6-aaf8-4bcd-b97c-e85871fc9705'),('ac8759a9-fdfc-4856-9b6f-bf0b5e2ad6af','c13864f6-aaf8-4bcd-b97c-e85871fc9705'),('ffcd4676-6981-4302-ad58-20b8df459b3e','c13864f6-aaf8-4bcd-b97c-e85871fc9705'),('5f509afd-dfee-4b5a-a8a5-d593f006ca1f','c13864f6-aaf8-4bcd-b97c-e85871fc9705'),('82bab0ac-99e6-47d6-9d39-e853ff3573f3','c13864f6-aaf8-4bcd-b97c-e85871fc9705'),('3df1cc9d-8630-4f61-a4b7-0feff73edfb8','c13864f6-aaf8-4bcd-b97c-e85871fc9705'),('56d41b43-5035-4477-b6bc-6d0d06ec5e79','c13864f6-aaf8-4bcd-b97c-e85871fc9705'),('dae63a0e-8ed5-483e-bd89-dc4b123fd0b7','c13864f6-aaf8-4bcd-b97c-e85871fc9705'),('0c31abbe-8b6d-442c-9504-e087b775426e','c13864f6-aaf8-4bcd-b97c-e85871fc9705'),('9e8243ff-2be2-416c-b479-3e82a3046a48','c13864f6-aaf8-4bcd-b97c-e85871fc9705'),('93bb45de-7d08-47d4-bc07-6fcd027290eb','c13864f6-aaf8-4bcd-b97c-e85871fc9705'),('191cc731-a144-406c-9809-36d0e9436b5d','c13864f6-aaf8-4bcd-b97c-e85871fc9705'),('4413575f-b5c1-4808-818e-90e2d10b6e3f','c13864f6-aaf8-4bcd-b97c-e85871fc9705'),('585e54bc-f8d5-4982-a62b-958763203eb4','c13864f6-aaf8-4bcd-b97c-e85871fc9705'),('501e57ed-c4a6-464e-adf2-5da82b8af992','60178a8d-214e-497a-a3f9-c717a704b006'),('c36ac018-6caf-4952-b8f8-87481c2077f1','60178a8d-214e-497a-a3f9-c717a704b006'),('82bab0ac-99e6-47d6-9d39-e853ff3573f3','60178a8d-214e-497a-a3f9-c717a704b006'),('56d41b43-5035-4477-b6bc-6d0d06ec5e79','60178a8d-214e-497a-a3f9-c717a704b006'),('dae63a0e-8ed5-483e-bd89-dc4b123fd0b7','60178a8d-214e-497a-a3f9-c717a704b006'),('0c31abbe-8b6d-442c-9504-e087b775426e','60178a8d-214e-497a-a3f9-c717a704b006'),('9e8243ff-2be2-416c-b479-3e82a3046a48','60178a8d-214e-497a-a3f9-c717a704b006'),('93bb45de-7d08-47d4-bc07-6fcd027290eb','60178a8d-214e-497a-a3f9-c717a704b006'),('191cc731-a144-406c-9809-36d0e9436b5d','60178a8d-214e-497a-a3f9-c717a704b006'),('46be184d-5d10-41b8-a207-f35972b7e9c2','60178a8d-214e-497a-a3f9-c717a704b006'),('4413575f-b5c1-4808-818e-90e2d10b6e3f','60178a8d-214e-497a-a3f9-c717a704b006'),('7501aac2-e075-47fc-82e6-54580aeee94f','60178a8d-214e-497a-a3f9-c717a704b006'),('585e54bc-f8d5-4982-a62b-958763203eb4','60178a8d-214e-497a-a3f9-c717a704b006'),('32a5b5b5-ddab-40fa-addd-43db4c8d988f','18949a10-16c0-4c1c-94d2-cfc14fa9ec77'),('ac8759a9-fdfc-4856-9b6f-bf0b5e2ad6af','18949a10-16c0-4c1c-94d2-cfc14fa9ec77'),('501e57ed-c4a6-464e-adf2-5da82b8af992','18949a10-16c0-4c1c-94d2-cfc14fa9ec77'),('c36ac018-6caf-4952-b8f8-87481c2077f1','18949a10-16c0-4c1c-94d2-cfc14fa9ec77'),('82bab0ac-99e6-47d6-9d39-e853ff3573f3','18949a10-16c0-4c1c-94d2-cfc14fa9ec77'),('3df1cc9d-8630-4f61-a4b7-0feff73edfb8','18949a10-16c0-4c1c-94d2-cfc14fa9ec77'),('56d41b43-5035-4477-b6bc-6d0d06ec5e79','18949a10-16c0-4c1c-94d2-cfc14fa9ec77'),('dae63a0e-8ed5-483e-bd89-dc4b123fd0b7','18949a10-16c0-4c1c-94d2-cfc14fa9ec77'),('191cc731-a144-406c-9809-36d0e9436b5d','18949a10-16c0-4c1c-94d2-cfc14fa9ec77'),('46be184d-5d10-41b8-a207-f35972b7e9c2','18949a10-16c0-4c1c-94d2-cfc14fa9ec77'),('4413575f-b5c1-4808-818e-90e2d10b6e3f','18949a10-16c0-4c1c-94d2-cfc14fa9ec77'),('ac8759a9-fdfc-4856-9b6f-bf0b5e2ad6af','114fec53-81d5-4004-9880-23630f2d9edb'),('ffcd4676-6981-4302-ad58-20b8df459b3e','114fec53-81d5-4004-9880-23630f2d9edb'),('501e57ed-c4a6-464e-adf2-5da82b8af992','114fec53-81d5-4004-9880-23630f2d9edb'),('c36ac018-6caf-4952-b8f8-87481c2077f1','114fec53-81d5-4004-9880-23630f2d9edb'),('3df1cc9d-8630-4f61-a4b7-0feff73edfb8','114fec53-81d5-4004-9880-23630f2d9edb'),('56d41b43-5035-4477-b6bc-6d0d06ec5e79','114fec53-81d5-4004-9880-23630f2d9edb'),('dae63a0e-8ed5-483e-bd89-dc4b123fd0b7','114fec53-81d5-4004-9880-23630f2d9edb'),('0c31abbe-8b6d-442c-9504-e087b775426e','114fec53-81d5-4004-9880-23630f2d9edb'),('04047552-176a-42a8-848f-649664ca9d36','114fec53-81d5-4004-9880-23630f2d9edb'),('93bb45de-7d08-47d4-bc07-6fcd027290eb','114fec53-81d5-4004-9880-23630f2d9edb'),('191cc731-a144-406c-9809-36d0e9436b5d','114fec53-81d5-4004-9880-23630f2d9edb'),('7501aac2-e075-47fc-82e6-54580aeee94f','114fec53-81d5-4004-9880-23630f2d9edb'),('32a5b5b5-ddab-40fa-addd-43db4c8d988f','ec82a867-edbd-4d86-8f39-fec5347f3ae3'),('ac8759a9-fdfc-4856-9b6f-bf0b5e2ad6af','ec82a867-edbd-4d86-8f39-fec5347f3ae3'),('501e57ed-c4a6-464e-adf2-5da82b8af992','ec82a867-edbd-4d86-8f39-fec5347f3ae3'),('5f509afd-dfee-4b5a-a8a5-d593f006ca1f','ec82a867-edbd-4d86-8f39-fec5347f3ae3'),('82bab0ac-99e6-47d6-9d39-e853ff3573f3','ec82a867-edbd-4d86-8f39-fec5347f3ae3'),('56d41b43-5035-4477-b6bc-6d0d06ec5e79','ec82a867-edbd-4d86-8f39-fec5347f3ae3'),('dae63a0e-8ed5-483e-bd89-dc4b123fd0b7','ec82a867-edbd-4d86-8f39-fec5347f3ae3'),('0c31abbe-8b6d-442c-9504-e087b775426e','ec82a867-edbd-4d86-8f39-fec5347f3ae3'),('191cc731-a144-406c-9809-36d0e9436b5d','ec82a867-edbd-4d86-8f39-fec5347f3ae3'),('4413575f-b5c1-4808-818e-90e2d10b6e3f','ec82a867-edbd-4d86-8f39-fec5347f3ae3');
/*!40000 ALTER TABLE `flat_facility` ENABLE KEYS */;
UNLOCK TABLES;

--
-- Table structure for table `flat_type`
--

DROP TABLE IF EXISTS `flat_type`;
/*!40101 SET @saved_cs_client     = @@character_set_client */;
/*!50503 SET character_set_client = utf8mb4 */;
CREATE TABLE `flat_type` (
  `id` varchar(255) NOT NULL,
  `description` varchar(255) DEFAULT NULL,
  `name` varchar(255) DEFAULT NULL,
  PRIMARY KEY (`id`)
) ENGINE=InnoDB DEFAULT CHARSET=utf8mb4 COLLATE=utf8mb4_0900_ai_ci;
/*!40101 SET character_set_client = @saved_cs_client */;

--
-- Dumping data for table `flat_type`
--

LOCK TABLES `flat_type` WRITE;
/*!40000 ALTER TABLE `flat_type` DISABLE KEYS */;
INSERT INTO `flat_type` VALUES ('092b44fc-a174-494c-9617-2c15b09ef3ed','Description 0','One bedroom'),('099f7a9e-700e-4e34-aa01-79c0400f5ced','Description 7','Two bedrooms'),('3d3fe94c-8136-4f17-b2d2-333e2d61e7aa','Description 8','Three bedrooms'),('4e4e2509-e90a-457f-9ff7-4d6f5a2ee316','Description 1','Four bedroom'),('58cf28ec-e8db-4c98-9df5-6d0d149ea695','Description 6','Studio'),('5c12dc37-622f-4228-af7d-ab76bd8ded7f','Description 9','Bancony'),('72c2b807-22a8-4708-9fef-6941755eced6','Description 2','Five bedrooms'),('b0580213-3ef1-42e6-b599-f702eb77423c','Description 5','Flat type 1'),('c96e0f23-ee7d-4251-8314-92114c31a37a','Description 3','Flat type 3'),('d0d4c8a4-b987-4fb8-894e-5ebc38a18807','Description 4','Flat type 4');
/*!40000 ALTER TABLE `flat_type` ENABLE KEYS */;
UNLOCK TABLES;

--
-- Table structure for table `money_transfer`
--

DROP TABLE IF EXISTS `money_transfer`;
/*!40101 SET @saved_cs_client     = @@character_set_client */;
/*!50503 SET character_set_client = utf8mb4 */;
CREATE TABLE `money_transfer` (
  `id` varchar(255) NOT NULL,
  `amount` int NOT NULL,
  `date` date DEFAULT NULL,
  `status` varchar(255) DEFAULT NULL,
  `type` varchar(255) DEFAULT NULL,
  `wallet_id` varchar(255) DEFAULT NULL,
  PRIMARY KEY (`id`),
  KEY `FK2k3ku2wag2mjn22ww7is2ufm9` (`wallet_id`),
  CONSTRAINT `FK2k3ku2wag2mjn22ww7is2ufm9` FOREIGN KEY (`wallet_id`) REFERENCES `wallet` (`id`)
) ENGINE=InnoDB DEFAULT CHARSET=utf8mb4 COLLATE=utf8mb4_0900_ai_ci;
/*!40101 SET character_set_client = @saved_cs_client */;

--
-- Dumping data for table `money_transfer`
--

LOCK TABLES `money_transfer` WRITE;
/*!40000 ALTER TABLE `money_transfer` DISABLE KEYS */;
INSERT INTO `money_transfer` VALUES ('017d3e71-93c2-49df-8c1a-9c60c95d433f',348000,'2022-04-19','CANCELLED','WITHDRAW','b50b4896-a720-4de8-8496-7630124c1da0'),('021b248f-0ae0-462d-bb99-db12d9c5b584',3902000,'2022-10-13','SUCCESS','TOP_UP','44ff46f1-73db-48ef-9c99-58300a37ed7c'),('0299dadf-e768-438f-b339-92bbcb604dfd',57000,'2020-12-19','CANCELLED','WITHDRAW','5fd75512-8570-49a0-85e9-453e1c3a0e77'),('045782ea-e673-4f8c-85a4-d106214734e4',430000,'2021-01-02','CANCELLED','WITHDRAW','9b685b34-3a6d-4b7d-a49f-bd6a3ebb9e94'),('06b70d57-dad5-41df-bfb6-b11f9507b779',13297000,'2021-11-12','SUCCESS','TOP_UP','65a7f8d5-da14-4992-9f4b-b9d6e970cea1'),('07df0b86-2b6d-4635-8bda-8058ed13e36c',1708000,'2022-07-22','SUCCESS','TOP_UP','32de87f5-a580-4cdb-ada2-038f7f1476cc'),('08c29a60-5b5f-487c-85c4-0670afb884aa',159000,'2021-07-11','SUCCESS','WITHDRAW','e54f5bc0-5451-4721-95ab-0167b21b848e'),('08c792e3-68af-4c27-8972-b2ad3a283904',14130000,'2022-07-25','CANCELLED','TOP_UP','444a9d5d-e2b6-4506-b31e-ff96160ef2a6'),('0f4012cc-6b0a-451f-8e22-be23f8b58bf8',9164000,'2021-12-02','SUCCESS','TOP_UP','20b2a037-c6e7-44a5-8104-95c1e87a390e'),('13a57071-a0a0-4903-91cc-e18d41f611ff',307000,'2022-11-29','SUCCESS','WITHDRAW','af5b9d83-f1c8-45d6-b2fc-6f6b78ab7b30'),('13e0e17d-eda8-491b-b1e1-c05a2546eaa3',11465000,'2022-03-15','SUCCESS','TOP_UP','54220e75-6870-4b58-9231-e784853453db'),('15305b95-be45-4b23-b77f-f557548ce7b1',5099000,'2022-08-09','CANCELLED','TOP_UP','54220e75-6870-4b58-9231-e784853453db'),('1738ec27-6cef-4db2-8703-b19ed3ff1245',8200000,'2022-11-12','SUCCESS','TOP_UP','58a4d0a8-d010-4a48-9c7a-e4b68c06993a'),('17eea6e8-8b62-4b91-822c-a60315c3e4b8',473000,'2021-10-16','SUCCESS','WITHDRAW','7bffb8d6-c0db-4fd6-8f0d-373ec02e7919'),('18cafa12-5ffd-45d8-8507-f887ff10cdb3',4447000,'2021-09-21','CANCELLED','TOP_UP','444a9d5d-e2b6-4506-b31e-ff96160ef2a6'),('18f396e8-1efa-4c94-8f39-59f67b72dcef',310000,'2021-02-22','SUCCESS','WITHDRAW','32de87f5-a580-4cdb-ada2-038f7f1476cc'),('1923149a-d3a3-4742-a5a4-7db1357793b8',14306000,'2020-12-08','SUCCESS','TOP_UP','444a9d5d-e2b6-4506-b31e-ff96160ef2a6'),('1a4cf40c-29cc-4413-a723-8a897203c5a1',11440000,'2021-07-03','SUCCESS','TOP_UP','b50b4896-a720-4de8-8496-7630124c1da0'),('1b41870b-11e0-4dc8-b90f-548ab57a17af',243000,'2021-12-10','CANCELLED','WITHDRAW','7a15e544-4d60-46c4-9c95-79dfa9941d3a'),('1c801fed-746d-491b-9a40-f7d7baa35e93',284000,'2020-12-23','SUCCESS','WITHDRAW','44ff46f1-73db-48ef-9c99-58300a37ed7c'),('1cc0943b-6622-4236-bf82-86a253d1981b',7665000,'2021-11-09','CANCELLED','TOP_UP','b50b4896-a720-4de8-8496-7630124c1da0'),('1cf19738-f0c5-46e7-a1d1-31c60556a0a3',5830000,'2021-06-28','SUCCESS','TOP_UP','40a433c3-fb74-45a8-84aa-1c61988c8764'),('1dcbc95a-3f9d-438d-a083-79e5e1849784',6600000,'2022-03-17','CANCELLED','TOP_UP','32de87f5-a580-4cdb-ada2-038f7f1476cc'),('1df762fe-6d0e-48bf-9cc5-c8c5edcb8c34',50000,'2022-06-03','CANCELLED','WITHDRAW','ab674aab-1bf9-4aec-84a8-c22f8f6ebf94'),('223ed7f7-2a41-4a70-b26c-bbbb59e50b42',7829000,'2022-02-09','CANCELLED','TOP_UP','7bffb8d6-c0db-4fd6-8f0d-373ec02e7919'),('227bcfc7-8378-4a1c-a269-f47879457824',11358000,'2021-07-25','SUCCESS','TOP_UP','65a7f8d5-da14-4992-9f4b-b9d6e970cea1'),('2297e7ff-8bca-48d2-b3e5-358d812d804e',13606000,'2021-11-22','SUCCESS','TOP_UP','58a4d0a8-d010-4a48-9c7a-e4b68c06993a'),('232132b0-4463-43fc-9b15-e70cc1741f2b',416000,'2021-04-24','CANCELLED','WITHDRAW','af5b9d83-f1c8-45d6-b2fc-6f6b78ab7b30'),('238b89d0-3fbd-4791-9760-ea267c5b02f2',7796000,'2022-10-21','SUCCESS','TOP_UP','20b2a037-c6e7-44a5-8104-95c1e87a390e'),('246de3f3-818a-4dc9-948c-949dc531b6c0',7606000,'2020-12-22','SUCCESS','TOP_UP','444a9d5d-e2b6-4506-b31e-ff96160ef2a6'),('24dec133-bc73-4f9e-9aa2-6fb658b2559d',2899000,'2021-06-02','SUCCESS','TOP_UP','9b685b34-3a6d-4b7d-a49f-bd6a3ebb9e94'),('25b4e589-03d8-4c80-90ce-27ef21e810a5',10316000,'2021-03-28','SUCCESS','TOP_UP','af5b9d83-f1c8-45d6-b2fc-6f6b78ab7b30'),('2853a6e0-172e-4c4e-a094-b1e29a34dad2',255000,'2022-08-30','SUCCESS','WITHDRAW','5fd75512-8570-49a0-85e9-453e1c3a0e77'),('28b99ada-0a88-45ec-b0e2-a77c130370e2',115000,'2022-07-16','SUCCESS','WITHDRAW','fde4c328-eaaf-4162-922c-5bcaa4872f32'),('28f6d10a-313b-404c-8ff3-e9f2647fe875',5254000,'2021-09-28','SUCCESS','TOP_UP','57ec7e5c-cfac-4d51-93b0-a20a41bba708'),('2962c836-0344-4f0a-971c-85b12fa10fef',453000,'2021-10-13','CANCELLED','WITHDRAW','32de87f5-a580-4cdb-ada2-038f7f1476cc'),('2c3410d4-8694-4be4-ad1d-749dc570a810',70000,'2021-06-10','SUCCESS','WITHDRAW','54220e75-6870-4b58-9231-e784853453db'),('2c7427a8-2eea-49d1-ac76-fa5a6688d9a9',9709000,'2022-11-01','SUCCESS','TOP_UP','65a7f8d5-da14-4992-9f4b-b9d6e970cea1'),('2d1f1191-2ab4-435a-b1cb-b2300cb6c8b6',12561000,'2021-02-04','SUCCESS','TOP_UP','7a15e544-4d60-46c4-9c95-79dfa9941d3a'),('2d85c71f-782d-48f7-b21f-c24b4f468d48',12284000,'2022-05-02','SUCCESS','TOP_UP','90cde96f-0065-4545-af30-f1b17da593a5'),('2e5a88c6-4f21-4975-b87f-8f7ba6cb52e8',8975000,'2022-12-19','SUCCESS','TOP_UP','ab674aab-1bf9-4aec-84a8-c22f8f6ebf94'),('2fbcab0c-dc74-4ec2-8390-cc451f2cd65c',11955000,'2021-07-09','CANCELLED','TOP_UP','7a15e544-4d60-46c4-9c95-79dfa9941d3a'),('352b1b6c-4dcd-4a61-a480-80ae139c7d45',8247000,'2021-09-21','SUCCESS','TOP_UP','e54f5bc0-5451-4721-95ab-0167b21b848e'),('35486342-c066-4d4f-af04-5d3448dcba5c',474000,'2022-01-03','SUCCESS','WITHDRAW','32de87f5-a580-4cdb-ada2-038f7f1476cc'),('37d3a7cb-f12f-4471-9e4d-de902cd4ebda',325000,'2022-03-12','SUCCESS','WITHDRAW','90cde96f-0065-4545-af30-f1b17da593a5'),('38631ee7-2f13-4273-b3d7-7b703b3b435c',360000,'2022-05-18','SUCCESS','WITHDRAW','57ec7e5c-cfac-4d51-93b0-a20a41bba708'),('38b2ae82-7f48-421e-8994-434d421c004e',4633000,'2021-10-04','CANCELLED','TOP_UP','54220e75-6870-4b58-9231-e784853453db'),('38c727ca-e176-48a4-a669-f286af4ed38d',253000,'2022-12-23','SUCCESS','WITHDRAW','5fd75512-8570-49a0-85e9-453e1c3a0e77'),('394f3c8e-f827-4417-bc5c-67467e4a42a1',12663000,'2022-01-26','SUCCESS','TOP_UP','444a9d5d-e2b6-4506-b31e-ff96160ef2a6'),('39589800-9297-4ef6-9839-9493e31dd156',14897000,'2022-07-17','CANCELLED','TOP_UP','58a4d0a8-d010-4a48-9c7a-e4b68c06993a'),('3dbb0eb6-26f1-4c86-b23f-9d3097730bc6',350000,'2022-01-21','SUCCESS','WITHDRAW','65a7f8d5-da14-4992-9f4b-b9d6e970cea1'),('3dc33d6c-7b13-46ef-b362-783d439de8a8',8978000,'2022-12-05','SUCCESS','TOP_UP','20b2a037-c6e7-44a5-8104-95c1e87a390e'),('3e8d152d-edbd-49c8-ab56-03992c517f23',4634000,'2021-07-16','CANCELLED','TOP_UP','ab674aab-1bf9-4aec-84a8-c22f8f6ebf94'),('40cea1f3-e116-4111-9f16-1d6a00ed4862',11256000,'2021-02-12','SUCCESS','TOP_UP','fde4c328-eaaf-4162-922c-5bcaa4872f32'),('427beb7e-5ed2-49fc-9ba2-43dd40ef6a2d',11615000,'2021-11-14','SUCCESS','TOP_UP','fde4c328-eaaf-4162-922c-5bcaa4872f32'),('4321afcc-7733-4dd3-90a4-a60450c49787',175000,'2021-07-17','SUCCESS','WITHDRAW','ab674aab-1bf9-4aec-84a8-c22f8f6ebf94'),('439c2310-5d00-471d-bf5a-86f2158443a2',321000,'2022-04-01','SUCCESS','WITHDRAW','b50b4896-a720-4de8-8496-7630124c1da0'),('46bfead3-d9a1-4018-9d79-4ad7b46a9d47',13372000,'2022-11-04','CANCELLED','TOP_UP','7bffb8d6-c0db-4fd6-8f0d-373ec02e7919'),('476248fe-c214-46d1-a0ba-2e7f01308ac2',2362000,'2021-05-06','CANCELLED','TOP_UP','7bffb8d6-c0db-4fd6-8f0d-373ec02e7919'),('48762888-e423-483e-9dab-64172f26eb98',396000,'2022-09-19','CANCELLED','WITHDRAW','7bffb8d6-c0db-4fd6-8f0d-373ec02e7919'),('4a6d273a-6d21-414c-a83a-74041c07e2a3',5701000,'2021-04-08','SUCCESS','TOP_UP','44ff46f1-73db-48ef-9c99-58300a37ed7c'),('4ab4b9f4-437f-45f6-bf45-e051eaaca59e',13753000,'2022-09-16','SUCCESS','TOP_UP','40a433c3-fb74-45a8-84aa-1c61988c8764'),('4b98d792-401d-4f41-899b-1bdb1f714118',6304000,'2021-06-25','CANCELLED','TOP_UP','58a4d0a8-d010-4a48-9c7a-e4b68c06993a'),('4c8073b2-c43a-4834-a2b7-289b65702643',11731000,'2022-01-20','SUCCESS','TOP_UP','ab674aab-1bf9-4aec-84a8-c22f8f6ebf94'),('4e2b64da-dd3f-4417-9c80-0d9ef073b708',94000,'2021-11-03','SUCCESS','WITHDRAW','fde4c328-eaaf-4162-922c-5bcaa4872f32'),('50d349b2-7b44-47dd-bd4e-d606a10812bf',1291000,'2022-07-14','SUCCESS','TOP_UP','54220e75-6870-4b58-9231-e784853453db'),('51ba2d51-710a-44ad-8c04-10b767ee3385',461000,'2022-04-03','SUCCESS','WITHDRAW','44ff46f1-73db-48ef-9c99-58300a37ed7c'),('54c7dcd0-a9cf-4521-9b1e-332c132926a6',1114000,'2021-03-14','CANCELLED','TOP_UP','b50b4896-a720-4de8-8496-7630124c1da0'),('55c53624-30ef-4e15-a078-521da25e16d6',62000,'2022-07-08','CANCELLED','WITHDRAW','999947e4-0ae3-4ab2-9583-b8b71f5bba28'),('55ed6132-10b7-4123-b3b0-592ba5b2f9b7',4788000,'2022-11-08','SUCCESS','TOP_UP','58a4d0a8-d010-4a48-9c7a-e4b68c06993a'),('59fc07c3-f118-4656-bfdd-a5eddd927b90',7179000,'2021-06-06','SUCCESS','TOP_UP','65a7f8d5-da14-4992-9f4b-b9d6e970cea1'),('5a9b6ffa-44d3-43ff-95c3-cac1cb8eeeb1',5696000,'2022-10-12','SUCCESS','TOP_UP','32de87f5-a580-4cdb-ada2-038f7f1476cc'),('5ce7bbd1-fdf2-4a0d-ab54-6d8c23670e7e',1293000,'2021-05-15','SUCCESS','TOP_UP','fde4c328-eaaf-4162-922c-5bcaa4872f32'),('6477e159-ec0d-494a-9ea5-87e3c9208ae4',7973000,'2021-12-15','SUCCESS','TOP_UP','7bffb8d6-c0db-4fd6-8f0d-373ec02e7919'),('65b2373a-1348-475f-b926-2a84d3b8836f',14369000,'2021-06-27','CANCELLED','TOP_UP','54220e75-6870-4b58-9231-e784853453db'),('6724447e-c726-4021-8566-ef13bbb74a7b',6545000,'2022-07-07','SUCCESS','TOP_UP','58a4d0a8-d010-4a48-9c7a-e4b68c06993a'),('6753848b-cf87-4679-8a60-0eecdfee18ed',10428000,'2022-08-19','SUCCESS','TOP_UP','40a433c3-fb74-45a8-84aa-1c61988c8764'),('69b817e2-2723-4531-b7cc-31b07aac6027',3349000,'2021-06-30','SUCCESS','TOP_UP','65a7f8d5-da14-4992-9f4b-b9d6e970cea1'),('6a9d1817-9af8-4a5b-93c8-abdaafc3ae90',12963000,'2020-12-27','SUCCESS','TOP_UP','40a433c3-fb74-45a8-84aa-1c61988c8764'),('6c53919d-148a-4eda-a872-18a791ebdff1',192000,'2021-01-09','SUCCESS','WITHDRAW','e54f5bc0-5451-4721-95ab-0167b21b848e'),('6cf437e2-1ae4-494b-ae8a-686a69baed5d',9632000,'2022-03-05','SUCCESS','TOP_UP','44ff46f1-73db-48ef-9c99-58300a37ed7c'),('6e30bb5d-2253-431c-8e4f-462e5d1b6a6b',299000,'2022-04-25','SUCCESS','WITHDRAW','57ec7e5c-cfac-4d51-93b0-a20a41bba708'),('6ea826a7-7e1d-4d0c-8f4e-0e28772d32c3',5845000,'2021-11-25','SUCCESS','TOP_UP','58a4d0a8-d010-4a48-9c7a-e4b68c06993a'),('750a9dc8-be0c-4cf3-9abf-897c1192418b',12814000,'2021-09-24','CANCELLED','TOP_UP','7bffb8d6-c0db-4fd6-8f0d-373ec02e7919'),('77911b2e-6290-4623-a110-13748c9aaf5b',3956000,'2022-02-11','SUCCESS','TOP_UP','54220e75-6870-4b58-9231-e784853453db'),('79b3da92-c58a-4beb-aa20-aacab3e1c828',8569000,'2022-07-31','CANCELLED','TOP_UP','90cde96f-0065-4545-af30-f1b17da593a5'),('79e61f8d-1960-49f9-bd29-bcfa23247019',270000,'2021-05-31','SUCCESS','WITHDRAW','44ff46f1-73db-48ef-9c99-58300a37ed7c'),('7aa537dd-6081-4e44-934f-d4da580d3d0f',2861000,'2022-09-02','CANCELLED','TOP_UP','32de87f5-a580-4cdb-ada2-038f7f1476cc'),('7ada0aa1-59ed-4f46-a781-700bd2bc5b4b',109000,'2022-07-17','SUCCESS','WITHDRAW','e54f5bc0-5451-4721-95ab-0167b21b848e'),('7c0bdb0f-e8c0-47fc-a98c-8e63d8096cd6',12183000,'2020-12-16','SUCCESS','TOP_UP','44ff46f1-73db-48ef-9c99-58300a37ed7c'),('7c785dd8-1bfd-4475-ae17-37bf0e6024f6',12805000,'2021-02-28','SUCCESS','TOP_UP','32de87f5-a580-4cdb-ada2-038f7f1476cc'),('7d099244-82fd-43e7-8c13-07cb2626a2f9',10941000,'2020-12-24','SUCCESS','TOP_UP','999947e4-0ae3-4ab2-9583-b8b71f5bba28'),('7f10aa1d-5cc5-4dcf-b721-5740e4f6a6a7',9427000,'2022-10-09','SUCCESS','TOP_UP','9b685b34-3a6d-4b7d-a49f-bd6a3ebb9e94'),('7f8b4a0b-9742-4ba8-9818-f1bcc1fbdfd2',9964000,'2021-01-03','SUCCESS','TOP_UP','af5b9d83-f1c8-45d6-b2fc-6f6b78ab7b30'),('8188ee32-88a7-4706-9090-21568ce34dcb',243000,'2021-07-11','SUCCESS','WITHDRAW','32de87f5-a580-4cdb-ada2-038f7f1476cc'),('82eef831-5999-471c-97b6-44e49961adbf',316000,'2021-04-02','CANCELLED','WITHDRAW','32de87f5-a580-4cdb-ada2-038f7f1476cc'),('83fff105-bd70-4e5e-ba25-4cae74c26596',379000,'2021-09-21','SUCCESS','WITHDRAW','ab674aab-1bf9-4aec-84a8-c22f8f6ebf94'),('841c103b-af96-4c22-8dab-a644377d5255',7435000,'2022-01-28','SUCCESS','TOP_UP','57ec7e5c-cfac-4d51-93b0-a20a41bba708'),('8450a848-452c-44ed-9d0c-df19b0d88e38',4580000,'2022-10-19','CANCELLED','TOP_UP','58a4d0a8-d010-4a48-9c7a-e4b68c06993a'),('8a01eb26-3843-4ca1-994e-f5969da3e6f9',2919000,'2022-12-21','SUCCESS','TOP_UP','ab674aab-1bf9-4aec-84a8-c22f8f6ebf94'),('8cd24e44-4c1a-4b43-a30c-c2cda2bb45ce',1187000,'2021-07-14','SUCCESS','TOP_UP','90cde96f-0065-4545-af30-f1b17da593a5'),('8d0a1ca2-3be9-417a-91d8-3238e4978c2f',467000,'2022-01-09','SUCCESS','WITHDRAW','44ff46f1-73db-48ef-9c99-58300a37ed7c'),('8fdc69cb-9692-4ff2-9153-fb7c6b51abfa',404000,'2021-09-17','SUCCESS','WITHDRAW','9b685b34-3a6d-4b7d-a49f-bd6a3ebb9e94'),('91e25528-b9e1-4691-afe9-45dbd9b66521',10859000,'2022-03-27','SUCCESS','TOP_UP','444a9d5d-e2b6-4506-b31e-ff96160ef2a6'),('9271e5cd-35da-4406-9a39-58f4ee155993',259000,'2022-01-16','SUCCESS','WITHDRAW','fde4c328-eaaf-4162-922c-5bcaa4872f32'),('95011be2-5743-4821-961a-6ca79d5bcd47',5671000,'2021-07-13','SUCCESS','TOP_UP','57ec7e5c-cfac-4d51-93b0-a20a41bba708'),('95030bf0-1ceb-447b-8b72-a15f560b891e',468000,'2021-01-05','SUCCESS','WITHDRAW','57ec7e5c-cfac-4d51-93b0-a20a41bba708'),('9adb5e16-2867-4386-bf09-a2db677171d4',7121000,'2022-08-26','CANCELLED','TOP_UP','5fd75512-8570-49a0-85e9-453e1c3a0e77'),('9b521662-305b-4671-b642-23bacdcfee4f',2075000,'2022-03-03','SUCCESS','TOP_UP','7bffb8d6-c0db-4fd6-8f0d-373ec02e7919'),('9c620ce3-08e9-4afe-bda5-9b38027cc466',463000,'2021-06-13','SUCCESS','WITHDRAW','e54f5bc0-5451-4721-95ab-0167b21b848e'),('9d5e18b3-ea5b-4e82-97a3-88ebcca93149',3308000,'2022-01-20','SUCCESS','TOP_UP','44ff46f1-73db-48ef-9c99-58300a37ed7c'),('9d89f0e6-3654-48f1-b27e-b22f2fa298e6',4862000,'2022-06-23','CANCELLED','TOP_UP','90cde96f-0065-4545-af30-f1b17da593a5'),('9d9018fc-431a-41cb-939f-8312350a89fe',2805000,'2020-12-25','SUCCESS','TOP_UP','b50b4896-a720-4de8-8496-7630124c1da0'),('a10646fa-8a43-4ae7-952b-7299ef094bb0',431000,'2021-01-18','SUCCESS','WITHDRAW','90cde96f-0065-4545-af30-f1b17da593a5'),('a1c2849f-75a8-4e5a-b7cf-83bdfb9e1154',13736000,'2022-06-28','SUCCESS','TOP_UP','fde4c328-eaaf-4162-922c-5bcaa4872f32'),('a309c679-cee1-4010-933f-b4232a3e69a6',8289000,'2022-06-26','CANCELLED','TOP_UP','fde4c328-eaaf-4162-922c-5bcaa4872f32'),('a6b82874-c817-4e49-8d03-22c1c0f999e1',10146000,'2021-02-15','SUCCESS','TOP_UP','32de87f5-a580-4cdb-ada2-038f7f1476cc'),('a829ed29-9db3-4e4d-9d7c-1bf3d3b10367',12669000,'2022-07-30','SUCCESS','TOP_UP','5fd75512-8570-49a0-85e9-453e1c3a0e77'),('a9a9614a-ec44-4a6a-9522-e8a744a7984a',464000,'2021-07-28','SUCCESS','WITHDRAW','58a4d0a8-d010-4a48-9c7a-e4b68c06993a'),('aa48187f-f36d-4192-90c1-6631fee67818',309000,'2021-07-16','SUCCESS','WITHDRAW','40a433c3-fb74-45a8-84aa-1c61988c8764'),('ad7bd51b-a4f3-4107-abc2-9a0a9b86c5a6',463000,'2022-08-16','SUCCESS','WITHDRAW','b50b4896-a720-4de8-8496-7630124c1da0'),('ae423bf1-f9ad-4848-9715-50ec5c1f8349',409000,'2020-12-13','SUCCESS','WITHDRAW','20b2a037-c6e7-44a5-8104-95c1e87a390e'),('ae46aea9-3d61-4b30-b677-202f9c1e2595',60000,'2021-01-06','SUCCESS','WITHDRAW','44ff46f1-73db-48ef-9c99-58300a37ed7c'),('ae71cdd6-39dc-4ee6-9612-f5941834c648',161000,'2021-05-07','SUCCESS','WITHDRAW','5fd75512-8570-49a0-85e9-453e1c3a0e77'),('afe1c6c2-fe4f-4d75-8ece-c101d1a20a78',7632000,'2022-08-20','SUCCESS','TOP_UP','44ff46f1-73db-48ef-9c99-58300a37ed7c'),('b29ee9c9-193d-4de5-b541-3b852fc7a17c',5035000,'2022-04-06','SUCCESS','TOP_UP','44ff46f1-73db-48ef-9c99-58300a37ed7c'),('b3d1d2ba-410b-46fb-93c4-12a64bf3b7eb',5807000,'2020-12-12','SUCCESS','TOP_UP','44ff46f1-73db-48ef-9c99-58300a37ed7c'),('b97e0ac3-71d5-4f5b-aef1-22cdae746967',9290000,'2022-11-26','SUCCESS','TOP_UP','40a433c3-fb74-45a8-84aa-1c61988c8764'),('ba072f49-5a68-4d16-9909-02d9fab7172f',7195000,'2022-06-05','CANCELLED','TOP_UP','5fd75512-8570-49a0-85e9-453e1c3a0e77'),('bae5bec3-0145-4a30-abe5-3da53aa33de1',269000,'2021-01-14','SUCCESS','WITHDRAW','ab674aab-1bf9-4aec-84a8-c22f8f6ebf94'),('baf80c94-b0dd-49ae-959a-92a9c4391b8b',74000,'2022-08-25','SUCCESS','WITHDRAW','58a4d0a8-d010-4a48-9c7a-e4b68c06993a'),('bbc8b231-0d35-44fa-aa44-49b5a02d2389',392000,'2022-12-22','CANCELLED','WITHDRAW','ab674aab-1bf9-4aec-84a8-c22f8f6ebf94'),('bcda27bd-0d92-44f4-bba7-df489e3be31f',11561000,'2021-11-15','CANCELLED','TOP_UP','32de87f5-a580-4cdb-ada2-038f7f1476cc'),('c0288e87-f6a8-4ac3-963e-da93e0cf3ee5',878000,'2022-10-03','SUCCESS','TOP_UP','fde4c328-eaaf-4162-922c-5bcaa4872f32'),('c15d2d19-e946-4cd8-802b-ff3abf669bd9',10789000,'2021-06-10','SUCCESS','TOP_UP','32de87f5-a580-4cdb-ada2-038f7f1476cc'),('c3e5140f-2dd9-4a08-a283-29b43570d784',7332000,'2021-09-07','SUCCESS','TOP_UP','57ec7e5c-cfac-4d51-93b0-a20a41bba708'),('c4ebdca8-682d-43e4-bb0f-8b815cc91626',6305000,'2021-09-08','CANCELLED','TOP_UP','999947e4-0ae3-4ab2-9583-b8b71f5bba28'),('c5ef7203-aa72-45cc-aec0-05d4286de183',10327000,'2021-07-22','SUCCESS','TOP_UP','65a7f8d5-da14-4992-9f4b-b9d6e970cea1'),('c94661a4-8c14-4a74-8ef3-97b2e642e66b',91000,'2022-07-01','SUCCESS','WITHDRAW','fde4c328-eaaf-4162-922c-5bcaa4872f32'),('c9c42ac3-f972-4ed0-ae95-c835cf9d8e18',9669000,'2021-12-18','SUCCESS','TOP_UP','444a9d5d-e2b6-4506-b31e-ff96160ef2a6'),('ca5c96c8-d4ae-4f9e-91d1-ced24045601c',13351000,'2022-02-11','SUCCESS','TOP_UP','b50b4896-a720-4de8-8496-7630124c1da0'),('cad7fb59-85f3-47e3-927b-e12957e21f1b',398000,'2021-08-10','SUCCESS','WITHDRAW','90cde96f-0065-4545-af30-f1b17da593a5'),('cb48baa0-409c-4d29-82fe-e307b237f160',12468000,'2022-01-20','SUCCESS','TOP_UP','20b2a037-c6e7-44a5-8104-95c1e87a390e'),('cc4f709d-dd00-46de-a2db-fc03ce4f4d48',12448000,'2021-06-25','SUCCESS','TOP_UP','ab674aab-1bf9-4aec-84a8-c22f8f6ebf94'),('cdb1a211-012d-4879-b861-d0a4c17bce9d',216000,'2021-10-14','CANCELLED','WITHDRAW','5fd75512-8570-49a0-85e9-453e1c3a0e77'),('cf351a2d-39eb-41c5-84c8-0a8bdf62bd88',2289000,'2021-10-07','SUCCESS','TOP_UP','54220e75-6870-4b58-9231-e784853453db'),('d059fdea-8c0c-4619-bd6e-aedcc831ed05',311000,'2021-05-10','SUCCESS','WITHDRAW','7a15e544-4d60-46c4-9c95-79dfa9941d3a'),('d13b200b-fbc4-4668-a4f6-d9d925e1fd2d',148000,'2021-10-11','SUCCESS','WITHDRAW','65a7f8d5-da14-4992-9f4b-b9d6e970cea1'),('d2112d5e-9f5f-4f1e-b03b-a77c9524bea1',13162000,'2022-01-04','CANCELLED','TOP_UP','54220e75-6870-4b58-9231-e784853453db'),('d3470c19-4362-456b-b726-1216e460a862',71000,'2021-12-18','SUCCESS','WITHDRAW','e54f5bc0-5451-4721-95ab-0167b21b848e'),('d375020b-9661-421b-aebb-143f58a2d925',12253000,'2021-08-16','SUCCESS','TOP_UP','40a433c3-fb74-45a8-84aa-1c61988c8764'),('d6fa235f-94fd-4ec6-9e1d-e84feef40598',8465000,'2021-12-22','SUCCESS','TOP_UP','9b685b34-3a6d-4b7d-a49f-bd6a3ebb9e94'),('d7257fdd-d526-4a65-8ad5-d63fefbc46b5',4032000,'2021-11-20','SUCCESS','TOP_UP','54220e75-6870-4b58-9231-e784853453db'),('d729b17b-251a-40c5-8929-91be1f0aec34',472000,'2022-07-08','SUCCESS','WITHDRAW','54220e75-6870-4b58-9231-e784853453db'),('d7ac1f0a-ee21-4513-90d5-b6951f2fcefe',3145000,'2021-06-17','SUCCESS','TOP_UP','999947e4-0ae3-4ab2-9583-b8b71f5bba28'),('d8599e0d-2cd8-4b61-9921-ee06db452323',12373000,'2022-07-15','SUCCESS','TOP_UP','e54f5bc0-5451-4721-95ab-0167b21b848e'),('d85ebca2-ec5b-4a42-bbd8-5378866368e2',11661000,'2022-09-10','CANCELLED','TOP_UP','ab674aab-1bf9-4aec-84a8-c22f8f6ebf94'),('d98584c3-6cdc-4a08-9f1b-68c4ff3f7692',8092000,'2021-06-19','SUCCESS','TOP_UP','444a9d5d-e2b6-4506-b31e-ff96160ef2a6'),('db4ae922-bc79-4eb5-bdab-bfd7d564d985',9948000,'2021-02-08','SUCCESS','TOP_UP','af5b9d83-f1c8-45d6-b2fc-6f6b78ab7b30'),('dcf8797e-e93e-4d35-ae15-04daafa97251',12786000,'2022-09-14','SUCCESS','TOP_UP','b50b4896-a720-4de8-8496-7630124c1da0'),('ddbe8a80-ad21-4be3-a253-a35d1364a4d2',366000,'2021-06-05','SUCCESS','WITHDRAW','20b2a037-c6e7-44a5-8104-95c1e87a390e'),('e1f1ac9d-7973-4fdf-bff4-43a3843a9cad',12400000,'2022-01-30','SUCCESS','TOP_UP','58a4d0a8-d010-4a48-9c7a-e4b68c06993a'),('e392b1cc-aee8-4caa-b319-b0845b226806',12654000,'2021-12-05','SUCCESS','TOP_UP','9b685b34-3a6d-4b7d-a49f-bd6a3ebb9e94'),('e39c8d2e-18d5-433e-95b5-5023b75f51c2',6707000,'2022-07-26','SUCCESS','TOP_UP','9b685b34-3a6d-4b7d-a49f-bd6a3ebb9e94'),('e3ab9089-3369-4266-ae3d-72db09922ce7',233000,'2021-01-18','SUCCESS','WITHDRAW','58a4d0a8-d010-4a48-9c7a-e4b68c06993a'),('e5a393a9-99d6-449e-bf7f-b2f854c173d2',2045000,'2022-12-07','SUCCESS','TOP_UP','7a15e544-4d60-46c4-9c95-79dfa9941d3a'),('e631c895-c2ca-4495-b6d5-50feda2c0394',3845000,'2022-10-12','SUCCESS','TOP_UP','e54f5bc0-5451-4721-95ab-0167b21b848e'),('e722d270-d402-4f32-871b-33ef5a81ef54',13389000,'2021-02-10','SUCCESS','TOP_UP','7bffb8d6-c0db-4fd6-8f0d-373ec02e7919'),('e7eee277-26fc-4df5-a2ce-7c678c7352b5',337000,'2020-12-17','SUCCESS','WITHDRAW','b50b4896-a720-4de8-8496-7630124c1da0'),('e8bfc02e-4206-450a-a34c-05ead318099e',13482000,'2022-09-21','SUCCESS','TOP_UP','b50b4896-a720-4de8-8496-7630124c1da0'),('ea38fa9f-3f05-41e5-a09e-59e5dbf5e63d',2924000,'2021-06-07','CANCELLED','TOP_UP','b50b4896-a720-4de8-8496-7630124c1da0'),('ea4681ea-6f78-4722-9fa7-1e9741f76b6d',12079000,'2021-08-04','SUCCESS','TOP_UP','65a7f8d5-da14-4992-9f4b-b9d6e970cea1'),('eb5a23dd-a365-40c1-a719-6ff1c8139e95',2579000,'2021-10-14','SUCCESS','TOP_UP','40a433c3-fb74-45a8-84aa-1c61988c8764'),('ec093bbe-5d3f-4d78-ab1b-360b12c94cd4',6960000,'2022-08-16','SUCCESS','TOP_UP','44ff46f1-73db-48ef-9c99-58300a37ed7c'),('ece60157-a65f-4854-9865-62745da3f74b',12180000,'2022-10-25','CANCELLED','TOP_UP','7bffb8d6-c0db-4fd6-8f0d-373ec02e7919'),('ed9aa98e-cc67-4eb6-9359-091b77291726',8270000,'2022-04-14','CANCELLED','TOP_UP','20b2a037-c6e7-44a5-8104-95c1e87a390e'),('edfd7c70-96d4-4989-bdf5-94f9c915ed9c',14443000,'2021-01-21','SUCCESS','TOP_UP','444a9d5d-e2b6-4506-b31e-ff96160ef2a6'),('ee5a07e2-96f4-4ad0-a961-57bb3326aa9f',12315000,'2022-09-04','CANCELLED','TOP_UP','7a15e544-4d60-46c4-9c95-79dfa9941d3a'),('f0667707-9e74-4537-bb19-765e44143e88',3406000,'2022-07-31','SUCCESS','TOP_UP','7a15e544-4d60-46c4-9c95-79dfa9941d3a'),('f1a6bdb8-5c61-4c71-b76b-0e17bce02875',89000,'2022-02-26','SUCCESS','WITHDRAW','999947e4-0ae3-4ab2-9583-b8b71f5bba28'),('f1c2f35c-0192-46d4-8479-f8715d05028f',87000,'2021-02-03','CANCELLED','WITHDRAW','7bffb8d6-c0db-4fd6-8f0d-373ec02e7919'),('f374d612-0aae-4b5b-89fb-5a88b7125829',12224000,'2022-01-15','SUCCESS','TOP_UP','fde4c328-eaaf-4162-922c-5bcaa4872f32'),('f4a1a11f-6ceb-4101-ab21-3b4c12482641',495000,'2022-11-17','SUCCESS','WITHDRAW','444a9d5d-e2b6-4506-b31e-ff96160ef2a6'),('f4cf9b7f-6068-4497-9bd3-5fd2fb4a2938',7063000,'2022-03-13','SUCCESS','TOP_UP','e54f5bc0-5451-4721-95ab-0167b21b848e'),('f674c421-4ee2-44de-8929-f27538c41df6',5578000,'2022-04-02','SUCCESS','TOP_UP','9b685b34-3a6d-4b7d-a49f-bd6a3ebb9e94'),('f86c2031-60d1-410e-8016-f3c213397a3b',207000,'2021-03-05','SUCCESS','WITHDRAW','58a4d0a8-d010-4a48-9c7a-e4b68c06993a'),('fb0867c9-73d3-49d1-8bb5-229b1a86d0a9',12885000,'2021-06-01','SUCCESS','TOP_UP','90cde96f-0065-4545-af30-f1b17da593a5'),('fb186303-c08a-41e5-bc45-0f4d6b976c8b',1094000,'2021-10-05','SUCCESS','TOP_UP','44ff46f1-73db-48ef-9c99-58300a37ed7c'),('fbd3ba1e-5d7a-48a8-8665-6ad82aaeca69',4057000,'2021-07-01','SUCCESS','TOP_UP','ab674aab-1bf9-4aec-84a8-c22f8f6ebf94'),('fe7c12f6-e312-4cdc-8c48-2e1bcc14a89a',6028000,'2022-03-24','SUCCESS','TOP_UP','af5b9d83-f1c8-45d6-b2fc-6f6b78ab7b30'),('febc4611-229b-4c87-b87b-defcb6e0d681',14674000,'2021-01-17','CANCELLED','TOP_UP','e54f5bc0-5451-4721-95ab-0167b21b848e');
/*!40000 ALTER TABLE `money_transfer` ENABLE KEYS */;
UNLOCK TABLES;

--
-- Table structure for table `refresh_token`
--

DROP TABLE IF EXISTS `refresh_token`;
/*!40101 SET @saved_cs_client     = @@character_set_client */;
/*!50503 SET character_set_client = utf8mb4 */;
CREATE TABLE `refresh_token` (
  `id` varchar(255) NOT NULL,
  `expiry_date` datetime NOT NULL,
  `login_authorities` varchar(255) DEFAULT NULL,
  `token` varchar(255) NOT NULL,
  `admin_id` varchar(255) DEFAULT NULL,
  `customer_id` varchar(255) DEFAULT NULL,
  PRIMARY KEY (`id`),
  UNIQUE KEY `UK_r4k4edos30bx9neoq81mdvwph` (`token`),
  KEY `FKa05i46xnn0y4yvc55h2dh06n1` (`admin_id`),
  KEY `FKthlbvd34s3un1d4pxxqv2ni6c` (`customer_id`),
  CONSTRAINT `FKa05i46xnn0y4yvc55h2dh06n1` FOREIGN KEY (`admin_id`) REFERENCES `admin` (`id`),
  CONSTRAINT `FKthlbvd34s3un1d4pxxqv2ni6c` FOREIGN KEY (`customer_id`) REFERENCES `customer` (`id`)
) ENGINE=InnoDB DEFAULT CHARSET=utf8mb4 COLLATE=utf8mb4_0900_ai_ci;
/*!40101 SET character_set_client = @saved_cs_client */;

--
-- Dumping data for table `refresh_token`
--

LOCK TABLES `refresh_token` WRITE;
/*!40000 ALTER TABLE `refresh_token` DISABLE KEYS */;
/*!40000 ALTER TABLE `refresh_token` ENABLE KEYS */;
UNLOCK TABLES;

--
-- Table structure for table `rent_contract`
--

DROP TABLE IF EXISTS `rent_contract`;
/*!40101 SET @saved_cs_client     = @@character_set_client */;
/*!50503 SET character_set_client = utf8mb4 */;
CREATE TABLE `rent_contract` (
  `id` varchar(255) NOT NULL,
  `contract` varchar(255) DEFAULT NULL,
  `expiry_date` datetime DEFAULT NULL,
  `start_date` datetime DEFAULT NULL,
  `status` varchar(255) DEFAULT NULL,
  `title` varchar(255) DEFAULT NULL,
  `value` int NOT NULL,
  `customer_id` varchar(255) DEFAULT NULL,
  `flat_id` varchar(255) DEFAULT NULL,
  PRIMARY KEY (`id`),
  KEY `FK8s6ylg2rnjswlkpfxrkvc12k` (`customer_id`),
  KEY `FKl3lgtukycyujhrn86lnacc5w0` (`flat_id`),
  CONSTRAINT `FK8s6ylg2rnjswlkpfxrkvc12k` FOREIGN KEY (`customer_id`) REFERENCES `customer` (`id`),
  CONSTRAINT `FKl3lgtukycyujhrn86lnacc5w0` FOREIGN KEY (`flat_id`) REFERENCES `flat` (`id`)
) ENGINE=InnoDB DEFAULT CHARSET=utf8mb4 COLLATE=utf8mb4_0900_ai_ci;
/*!40101 SET character_set_client = @saved_cs_client */;

--
-- Dumping data for table `rent_contract`
--

LOCK TABLES `rent_contract` WRITE;
/*!40000 ALTER TABLE `rent_contract` DISABLE KEYS */;
INSERT INTO `rent_contract` VALUES ('129eecf0-4e5e-43d5-b590-e0b26edf1d2f','04328983-819b-4859-ae1e-6782440d0e19pdf','2024-07-11 00:00:00','2015-11-11 00:00:00','VALID','Hp ng thng 11-2015',29000000,'dc8f8fbe-bf51-49c3-96e4-089da909cedc','ffcd4676-6981-4302-ad58-20b8df459b3e'),('209ec7c0-ec69-4985-a0b7-f6f3c6f3c37d','04328983-819b-4859-ae1e-6782440d0e19pdf','2023-09-16 00:00:00','2015-11-11 00:00:00','VALID','Hp ng thng 11-2015',9000000,'d6111324-7ce7-48dc-bf57-287a305c54da','0c31abbe-8b6d-442c-9504-e087b775426e'),('3a963a71-860b-49c7-a862-1e2777a8e47c','04328983-819b-4859-ae1e-6782440d0e19pdf','2023-09-16 00:00:00','2011-10-12 00:00:00','VALID','Hp ng thng 10-2015',12000000,'d3ef4be7-fca5-4421-aa61-940a98f9d3aa','501e57ed-c4a6-464e-adf2-5da82b8af992'),('4d72d0b9-01bc-43cc-933a-09e8269f8911','04328983-819b-4859-ae1e-6782440d0e19pdf','2023-07-24 00:00:00','2015-11-11 00:00:00','VALID','Hp ng thng 11-2015',29000000,'1b07d4a8-a5b4-42a1-8ee1-a66aee5d88d0','585e54bc-f8d5-4982-a62b-958763203eb4'),('503303fd-654e-4a39-87d8-916c8713840f','04328983-819b-4859-ae1e-6782440d0e19pdf','2024-06-02 00:00:00','2011-10-12 00:00:00','VALID','Hp ng thng 10-2011',28000000,'1b07d4a8-a5b4-42a1-8ee1-a66aee5d88d0','46be184d-5d10-41b8-a207-f35972b7e9c2'),('578927f7-fb85-43a6-b6bc-e0a7fc05079b','04328983-819b-4859-ae1e-6782440d0e19pdf','2023-07-24 00:00:00','2011-10-12 00:00:00','VALID','Hp ng thng 10-2011',23000000,'dd55e8cc-6fed-4bec-a0d5-c531e1cdaf3f','04047552-176a-42a8-848f-649664ca9d36'),('8d9dbdad-532c-4117-a8b1-3343db3ac7cd','04328983-819b-4859-ae1e-6782440d0e19pdf','2024-07-11 00:00:00','2013-09-12 00:00:00','VALID','Hp ng thng 9-2013',8000000,'47c6b31d-4b7a-4bd2-958a-ed972de1f59f','93bb45de-7d08-47d4-bc07-6fcd027290eb'),('997ba5ae-e013-4131-9b15-33375325007f','04328983-819b-4859-ae1e-6782440d0e19pdf','2024-06-02 00:00:00','2013-09-12 00:00:00','VALID','Hp ng thng 9-2013',25000000,'dc8f8fbe-bf51-49c3-96e4-089da909cedc','4413575f-b5c1-4808-818e-90e2d10b6e3f'),('d2158da6-0b76-44fb-b141-fb2c53346abe','04328983-819b-4859-ae1e-6782440d0e19pdf','2025-02-20 00:00:00','2012-11-12 00:00:00','VALID','Hp ng thng 11-2012',5000000,'793c1aaa-38ec-476f-b508-84d329a6cc24','32a5b5b5-ddab-40fa-addd-43db4c8d988f'),('da8cc72d-1128-469e-b3ac-a2ec5ff11805','04328983-819b-4859-ae1e-6782440d0e19pdf','2025-01-23 00:00:00','2015-11-11 00:00:00','VALID','Hp ng thng 11-2015',25000000,'3ec4c2a6-b95c-4169-98f7-a9c8407f21cb','5f509afd-dfee-4b5a-a8a5-d593f006ca1f'),('e9d39c57-e534-4d38-93ec-7010c32f8085','04328983-819b-4859-ae1e-6782440d0e19pdf','2024-06-07 00:00:00','2013-09-12 00:00:00','VALID','Hp ng thng 9-2013',19000000,'bb7d5e49-e4ac-4caa-8b13-67b83ce24382','82bab0ac-99e6-47d6-9d39-e853ff3573f3'),('f3850e8b-6538-4faa-b5b2-b1732190da28','04328983-819b-4859-ae1e-6782440d0e19pdf','2024-04-30 00:00:00','2012-11-12 00:00:00','VALID','Hp ng thng 11-2012',5000000,'f843ab92-7854-42e2-9ebf-a62b0fcd7422','dae63a0e-8ed5-483e-bd89-dc4b123fd0b7');
/*!40000 ALTER TABLE `rent_contract` ENABLE KEYS */;
UNLOCK TABLES;

--
-- Table structure for table `service`
--

DROP TABLE IF EXISTS `service`;
/*!40101 SET @saved_cs_client     = @@character_set_client */;
/*!50503 SET character_set_client = utf8mb4 */;
CREATE TABLE `service` (
  `id` varchar(255) NOT NULL,
  `description` varchar(255) DEFAULT NULL,
  `icon` varchar(255) DEFAULT NULL,
  `name` varchar(255) DEFAULT NULL,
  `price` int NOT NULL,
  `status` varchar(255) DEFAULT NULL,
  PRIMARY KEY (`id`)
) ENGINE=InnoDB DEFAULT CHARSET=utf8mb4 COLLATE=utf8mb4_0900_ai_ci;
/*!40101 SET character_set_client = @saved_cs_client */;

--
-- Dumping data for table `service`
--

LOCK TABLES `service` WRITE;
/*!40000 ALTER TABLE `service` DISABLE KEYS */;
INSERT INTO `service` VALUES ('00280a08-a9c6-4786-87e2-8dbce6368489','Description 3','https://cdn-icons-png.flaticon.com/512/1086/1086470.png','Maintenance',300000,'ACTIVE'),('2d9667b8-6057-4fd1-b95b-67442378ab4b','Description 8','https://cdn-icons-png.flaticon.com/512/3003/3003984.png','Laundry services',80000,'ACTIVE'),('3486533d-46fa-47e2-b466-b35900a76217','Description 10','https://cdn-icons-png.flaticon.com/512/2142/2142611.png','Animal services',200000,'ACTIVE'),('4c3ce235-6a20-4d98-8553-0622cd19f03e','Description 6','https://cdn-icons-png.flaticon.com/512/1023/1023346.png','Parking',150000,'ACTIVE'),('8dda8944-b325-4e1c-80c4-568090d69cc7','Description 2','https://cdn-icons-png.flaticon.com/512/7866/7866488.png','Electricity',3000,'ACTIVE'),('a3e971b3-037d-4c06-9188-9d633f45531b','Description 4','https://cdn-icons-png.flaticon.com/512/1558/1558896.png','Water',8000,'ACTIVE'),('a8a289dc-66a0-47f9-b797-8b70f74071bc','Description 5','https://cdn-icons-png.flaticon.com/512/4099/4099249.png','HVAC',350000,'ACTIVE'),('cf31839c-6359-4128-b09e-bd147879d713','Description 1','https://cdn-icons-png.flaticon.com/512/3125/3125596.png','Plumbing services',250000,'ACTIVE'),('e357a868-2d73-494a-8b52-f075980fa1f7','Description 9','https://cdn-icons-png.flaticon.com/512/2175/2175443.png','Electrical services',345000,'ACTIVE'),('f2326022-850e-43ad-9ed8-4b68ab9c243b','Description 7','https://cdn-icons-png.flaticon.com/512/2737/2737062.png','Cleaning services',100000,'ACTIVE');
/*!40000 ALTER TABLE `service` ENABLE KEYS */;
UNLOCK TABLES;

--
-- Table structure for table `transaction`
--

DROP TABLE IF EXISTS `transaction`;
/*!40101 SET @saved_cs_client     = @@character_set_client */;
/*!50503 SET character_set_client = utf8mb4 */;
CREATE TABLE `transaction` (
  `id` varchar(255) NOT NULL,
  `amount` int NOT NULL,
  `date` date DEFAULT NULL,
  `description` varchar(255) DEFAULT NULL,
  `status` varchar(255) DEFAULT NULL,
  `bill_id` varchar(255) DEFAULT NULL,
  `wallet_id` varchar(255) DEFAULT NULL,
  PRIMARY KEY (`id`),
  KEY `FK7qk27itww9dh5gq4fs3g6bxot` (`bill_id`),
  KEY `FKtfwlfspv2h4wcgc9rjd1658a6` (`wallet_id`),
  CONSTRAINT `FK7qk27itww9dh5gq4fs3g6bxot` FOREIGN KEY (`bill_id`) REFERENCES `bill` (`id`),
  CONSTRAINT `FKtfwlfspv2h4wcgc9rjd1658a6` FOREIGN KEY (`wallet_id`) REFERENCES `wallet` (`id`)
) ENGINE=InnoDB DEFAULT CHARSET=utf8mb4 COLLATE=utf8mb4_0900_ai_ci;
/*!40101 SET character_set_client = @saved_cs_client */;

--
-- Dumping data for table `transaction`
--

LOCK TABLES `transaction` WRITE;
/*!40000 ALTER TABLE `transaction` DISABLE KEYS */;
/*!40000 ALTER TABLE `transaction` ENABLE KEYS */;
UNLOCK TABLES;

--
-- Table structure for table `wallet`
--

DROP TABLE IF EXISTS `wallet`;
/*!40101 SET @saved_cs_client     = @@character_set_client */;
/*!50503 SET character_set_client = utf8mb4 */;
CREATE TABLE `wallet` (
  `id` varchar(255) NOT NULL,
  `amount` int NOT NULL,
  `status` varchar(255) DEFAULT NULL,
  `customer_id` varchar(255) DEFAULT NULL,
  PRIMARY KEY (`id`),
  KEY `FKpb5ltxtks766lq2b9hgvnr2bq` (`customer_id`),
  CONSTRAINT `FKpb5ltxtks766lq2b9hgvnr2bq` FOREIGN KEY (`customer_id`) REFERENCES `customer` (`id`)
) ENGINE=InnoDB DEFAULT CHARSET=utf8mb4 COLLATE=utf8mb4_0900_ai_ci;
/*!40101 SET character_set_client = @saved_cs_client */;

--
-- Dumping data for table `wallet`
--

LOCK TABLES `wallet` WRITE;
/*!40000 ALTER TABLE `wallet` DISABLE KEYS */;
INSERT INTO `wallet` VALUES ('20b2a037-c6e7-44a5-8104-95c1e87a390e',4464000,'ACTIVE','47c6b31d-4b7a-4bd2-958a-ed972de1f59f'),('32de87f5-a580-4cdb-ada2-038f7f1476cc',3531000,'ACTIVE','1b07d4a8-a5b4-42a1-8ee1-a66aee5d88d0'),('40a433c3-fb74-45a8-84aa-1c61988c8764',7374000,'ACTIVE','4f9248f9-9c1c-413e-9a75-695f115f005f'),('444a9d5d-e2b6-4506-b31e-ff96160ef2a6',5871000,'ACTIVE','bb7d5e49-e4ac-4caa-8b13-67b83ce24382'),('44ff46f1-73db-48ef-9c99-58300a37ed7c',8830000,'ACTIVE','f843ab92-7854-42e2-9ebf-a62b0fcd7422'),('54220e75-6870-4b58-9231-e784853453db',4703000,'ACTIVE','833f0991-340c-4246-9a44-f33da31457db'),('57ec7e5c-cfac-4d51-93b0-a20a41bba708',562000,'ACTIVE','78d9567a-ba6f-4234-88ec-db2ffaaf1004'),('58a4d0a8-d010-4a48-9c7a-e4b68c06993a',2938000,'ACTIVE','dfc0b9d0-28fa-4bd4-b883-b41b04a71e8d'),('5fd75512-8570-49a0-85e9-453e1c3a0e77',8508000,'ACTIVE','e4cd0c38-f1d3-4417-97db-25a8a221e529'),('65a7f8d5-da14-4992-9f4b-b9d6e970cea1',4038000,'ACTIVE','ee4322f8-9f0b-4d3e-8fbc-8c034a27cd2f'),('7a15e544-4d60-46c4-9c95-79dfa9941d3a',5127000,'ACTIVE','5722c997-9d82-4fee-aa24-bd1d1f843e42'),('7bffb8d6-c0db-4fd6-8f0d-373ec02e7919',7089000,'ACTIVE','3b854b2e-78b6-40c6-bbc8-3745704772f9'),('90cde96f-0065-4545-af30-f1b17da593a5',6198000,'ACTIVE','3ec4c2a6-b95c-4169-98f7-a9c8407f21cb'),('999947e4-0ae3-4ab2-9583-b8b71f5bba28',8443000,'ACTIVE','d6111324-7ce7-48dc-bf57-287a305c54da'),('9b685b34-3a6d-4b7d-a49f-bd6a3ebb9e94',2805000,'ACTIVE','dc8f8fbe-bf51-49c3-96e4-089da909cedc'),('ab674aab-1bf9-4aec-84a8-c22f8f6ebf94',9093000,'ACTIVE','8f12ec5e-5bb2-4b68-bd32-b28b48975613'),('af5b9d83-f1c8-45d6-b2fc-6f6b78ab7b30',7571000,'ACTIVE','793c1aaa-38ec-476f-b508-84d329a6cc24'),('b50b4896-a720-4de8-8496-7630124c1da0',2204000,'ACTIVE','dd55e8cc-6fed-4bec-a0d5-c531e1cdaf3f'),('e54f5bc0-5451-4721-95ab-0167b21b848e',5951000,'ACTIVE','3290ff5f-ed91-409c-9cbc-dd5c4fda7e4a'),('fde4c328-eaaf-4162-922c-5bcaa4872f32',6899000,'ACTIVE','d3ef4be7-fca5-4421-aa61-940a98f9d3aa');
/*!40000 ALTER TABLE `wallet` ENABLE KEYS */;
UNLOCK TABLES;
/*!40103 SET TIME_ZONE=@OLD_TIME_ZONE */;

/*!40101 SET SQL_MODE=@OLD_SQL_MODE */;
/*!40014 SET FOREIGN_KEY_CHECKS=@OLD_FOREIGN_KEY_CHECKS */;
/*!40014 SET UNIQUE_CHECKS=@OLD_UNIQUE_CHECKS */;
/*!40101 SET CHARACTER_SET_CLIENT=@OLD_CHARACTER_SET_CLIENT */;
/*!40101 SET CHARACTER_SET_RESULTS=@OLD_CHARACTER_SET_RESULTS */;
/*!40101 SET COLLATION_CONNECTION=@OLD_COLLATION_CONNECTION */;
/*!40111 SET SQL_NOTES=@OLD_SQL_NOTES */;

-- Dump completed on 2023-03-23 19:00:06
